id,edad,ingresos,genero,estado_civil,num_hijos,num_tarjetas,modalidad_pago,hipoteca,prestamos,riesgo
100756,46,59944,M,Casado,1,2,Mensual,Si,0,0
100668,67,59692,F,Casado,1,1,Mensual,Si,0,0
100418,50,59508,M,Casado,1,1,Mensual,Si,1,0
100416,24,59463,M,Casado,0,2,Mensual,Si,1,0
100590,34,59393,F,Casado,0,2,Mensual,Si,0,0
100657,43,59276,M,Casado,1,2,Mensual,Si,1,0
100702,49,59201,M,Casado,0,1,Mensual,Si,0,1
100319,37,59193,F,Casado,1,2,Mensual,Si,1,0
100666,35,76503,M,Casado,1,1,Mensual,Si,1,0
100389,78,59036,M,Casado,1,1,Mensual,Si,1,0
100758,51,58914,M,Casado,0,1,Mensual,Si,1,1
100695,46,58878,F,Casado,1,1,Mensual,Si,0,1
100698,32,58785,F,Casado,0,2,Mensual,Si,0,0
100769,27,58529,M,Casado,0,1,Mensual,Si,0,0
100376,46,99396,F,Casado,0,2,Mensual,Si,0,0
100796,53,58381,M,Casado,1,1,Mensual,Si,0,1
100414,39,58026,M,Casado,0,1,Mensual,Si,0,0
100354,51,57718,M,Casado,1,2,Mensual,Si,1,0
100452,51,57689,M,Casado,1,1,Mensual,Si,1,0
100567,54,57683,F,Casado,1,1,Mensual,Si,1,0
100728,24,57623,M,Casado,1,1,Mensual,Si,1,0
100725,34,57598,F,Casado,1,1,Mensual,Si,1,0
100665,47,57520,F,Casado,1,1,Mensual,Si,0,1
100730,40,57388,F,Casado,0,1,Mensual,Si,0,0
100766,51,57376,M,Casado,0,2,Mensual,Si,1,0
100524,46,57004,F,Casado,1,1,Mensual,Si,0,0
100412,20,56891,M,Casado,1,1,Mensual,Si,1,0
100374,60,56849,M,Casado,1,1,Mensual,Si,1,0
100566,33,56590,M,Casado,0,2,Mensual,Si,0,0
100591,29,56523,M,Casado,1,1,Mensual,Si,0,0
100421,59,56486,M,Casado,0,1,Mensual,Si,1,0
100670,50,56470,M,Casado,0,2,Mensual,Si,0,0
100379,62,56087,M,Casado,1,2,Mensual,Si,1,1
100292,43,74471,F,Casado,0,1,Mensual,Si,1,0
100326,34,55897,M,Casado,1,2,Mensual,Si,0,0
100497,41,55777,F,Casado,1,2,Mensual,Si,0,0
100568,27,55752,M,Casado,0,2,Mensual,Si,1,0
100294,25,55642,F,Casado,1,2,Mensual,Si,0,1
100570,31,55565,M,Casado,1,2,Mensual,Si,0,0
100347,70,55554,F,Casado,0,1,Mensual,Si,0,0
100425,32,55497,M,Casado,1,1,Mensual,Si,1,0
100494,22,55421,M,Casado,0,2,Mensual,Si,0,0
100592,37,55390,F,Casado,0,1,Mensual,Si,0,0
100601,32,55215,M,Casado,0,2,Mensual,Si,0,0
100700,60,55140,M,Casado,1,2,Mensual,Si,0,1
100563,68,55112,M,Casado,1,2,Mensual,Si,1,0
100486,34,54938,M,Casado,0,2,Mensual,Si,0,0
100348,43,54792,M,Casado,1,1,Mensual,Si,0,0
100672,45,54777,M,Casado,1,2,Mensual,Si,1,0
100450,38,54673,F,Casado,1,2,Mensual,Si,1,1
100629,36,54671,M,Casado,0,2,Mensual,Si,0,0
100386,28,54603,F,Casado,1,2,Mensual,Si,1,0
100757,22,54451,M,Casado,0,1,Mensual,Si,1,0
100488,28,54021,M,Casado,1,1,Mensual,Si,1,0
100383,38,54013,F,Casado,0,1,Mensual,Si,0,0
100770,24,53983,F,Casado,1,2,Mensual,Si,0,0
100795,42,53842,F,Casado,0,2,Mensual,Si,0,0
100415,40,53791,M,Casado,0,1,Mensual,Si,1,0
100597,32,53731,M,Casado,0,2,Mensual,Si,1,0
100794,35,53704,M,Casado,1,2,Mensual,Si,1,0
100755,25,53660,F,Casado,1,1,Mensual,Si,1,0
100390,54,53559,F,Casado,1,2,Mensual,Si,0,0
100345,53,53552,F,Casado,0,2,Mensual,Si,1,0
100753,26,53550,M,Casado,1,1,Mensual,Si,1,0
100492,26,53365,M,Casado,0,1,Mensual,Si,0,1
100694,28,53307,M,Casado,0,2,Mensual,Si,1,0
100448,48,53201,M,Casado,0,1,Mensual,Si,0,0
100384,45,53195,M,Casado,1,2,Mensual,Si,1,0
100630,59,53180,F,Casado,1,2,Mensual,Si,0,0
100381,61,53115,F,Casado,0,2,Mensual,Si,0,0
100761,24,74912,M,Casado,1,1,Mensual,Si,0,0
100350,48,52973,M,Casado,1,1,Mensual,Si,0,0
100352,60,52961,F,Casado,1,1,Mensual,Si,1,0
100385,35,52896,M,Casado,0,2,Mensual,Si,1,0
100626,39,52887,M,Casado,0,2,Mensual,Si,0,0
100768,37,52772,M,Casado,1,2,Mensual,Si,1,0
100295,37,52725,M,Casado,0,2,Mensual,Si,0,0
100526,54,52545,F,Casado,1,1,Mensual,Si,0,0
100325,76,52540,F,Casado,0,2,Mensual,Si,0,0
100599,67,52495,F,Casado,1,2,Mensual,Si,1,0
100603,33,52173,F,Casado,0,2,Mensual,Si,0,0
100346,43,52118,M,Casado,1,2,Mensual,Si,1,0
100377,30,51945,F,Casado,1,1,Mensual,Si,1,0
100727,31,51939,M,Casado,0,1,Mensual,Si,0,0
100671,38,51859,F,Casado,0,2,Mensual,Si,1,0
100767,30,51724,M,Casado,1,1,Mensual,Si,1,0
100697,32,51561,M,Casado,0,2,Mensual,Si,0,0
100765,43,51498,M,Casado,0,1,Mensual,Si,1,0
100797,47,51385,F,Casado,0,1,Mensual,Si,0,0
100324,47,51383,F,Casado,0,2,Mensual,Si,1,0
100419,47,51219,M,Casado,0,2,Mensual,Si,1,0
100662,26,50833,M,Casado,1,1,Mensual,Si,1,0
100754,30,50816,M,Casado,0,2,Mensual,Si,1,0
100375,40,50808,F,Casado,1,2,Mensual,Si,0,0
100490,59,50799,M,Casado,1,2,Mensual,Si,0,0
100664,85,50631,F,Casado,0,2,Mensual,Si,0,1
100621,44,66351,F,Casado,1,2,Mensual,Si,0,0
100793,52,50552,M,Casado,0,1,Mensual,Si,0,1
100493,25,50515,F,Casado,0,1,Mensual,Si,1,0
100593,51,50445,M,Casado,0,1,Mensual,Si,1,0
100500,84,50302,M,Casado,1,2,Mensual,Si,0,0
100322,30,50295,F,Casado,1,1,Mensual,Si,0,0
100628,32,50199,F,Casado,0,1,Mensual,Si,0,0
100571,54,50076,M,Casado,1,1,Mensual,Si,1,0
100529,40,50075,M,Casado,0,2,Mensual,Si,0,0
100535,21,49988,F,Casado,1,2,Mensual,Si,0,0
100799,33,49866,F,Casado,0,1,Mensual,Si,0,0
100660,68,49850,M,Casado,0,2,Mensual,Si,1,1
100731,35,49789,F,Casado,0,2,Mensual,Si,0,0
100344,35,104975,M,Casado,0,1,Mensual,Si,1,1
100373,53,49678,M,Casado,0,2,Mensual,Si,0,0
100622,45,49600,M,Casado,1,2,Mensual,Si,1,0
100594,35,49529,F,Casado,1,1,Mensual,Si,0,0
100705,31,49485,M,Casado,1,1,Mensual,Si,1,1
100605,85,49415,M,Casado,0,1,Mensual,Si,0,1
100487,63,49409,M,Casado,1,2,Mensual,Si,1,0
100604,47,49407,M,Casado,1,2,Mensual,Si,0,0
100378,48,49075,M,Casado,1,2,Mensual,Si,0,0
100382,37,49008,F,Casado,1,2,Mensual,Si,0,0
100423,44,49007,M,Casado,1,1,Mensual,Si,0,1
100532,36,48931,M,Casado,1,2,Mensual,Si,0,0
100802,29,48607,F,Casado,1,2,Mensual,Si,1,0
100623,45,48599,M,Casado,0,1,Mensual,Si,1,0
100388,35,48511,M,Casado,0,1,Mensual,Si,0,0
100693,46,48414,M,Casado,1,2,Mensual,Si,0,0
100293,49,48336,M,Casado,1,2,Mensual,Si,0,0
100489,47,48084,M,Casado,0,2,Mensual,Si,1,0
100527,28,48061,F,Casado,1,2,Mensual,Si,0,0
100411,34,47833,M,Casado,1,1,Mensual,Si,0,0
100495,35,47734,M,Casado,0,2,Mensual,Si,1,0
100732,57,47623,F,Casado,0,2,Mensual,Si,1,0
100422,56,47623,M,Casado,0,1,Mensual,Si,1,0
100661,30,47568,F,Casado,0,2,Mensual,Si,1,0
100539,25,47470,F,Casado,1,1,Mensual,Si,0,0
100499,85,47422,F,Casado,0,2,Mensual,Si,1,1
100595,46,47161,M,Casado,1,2,Mensual,Si,1,0
100798,25,47111,M,Casado,0,2,Mensual,Si,1,0
100759,32,47035,M,Casado,0,1,Mensual,Si,0,0
100456,58,47026,M,Casado,1,2,Mensual,Si,0,0
100596,85,47019,M,Casado,0,1,Mensual,Si,1,0
100706,80,46965,F,Casado,1,1,Mensual,Si,1,0
100323,45,46955,M,Casado,0,2,Mensual,Si,1,0
100451,39,46949,F,Casado,0,2,Mensual,Si,1,0
100565,27,46823,M,Casado,0,1,Mensual,Si,1,0
100491,40,46785,F,Casado,1,1,Mensual,Si,1,1
100458,28,46645,M,Casado,1,1,Mensual,Si,0,0
100701,34,46501,F,Casado,1,2,Mensual,Si,1,0
100569,54,46168,F,Casado,1,1,Mensual,Si,1,0
100707,36,46119,M,Casado,1,1,Mensual,Si,0,0
100625,35,67398,F,Casado,1,2,Mensual,Si,0,0
100468,38,45970,M,Casado,0,1,Mensual,Si,0,0
100470,85,45949,F,Casado,1,1,Mensual,Si,0,0
100579,27,45904,F,Casado,1,1,Mensual,Si,0,0
100453,44,45869,F,Casado,0,2,Mensual,Si,1,0
100516,77,45849,M,Casado,1,2,Mensual,Si,1,0
100581,38,45841,F,Casado,1,2,Mensual,Si,0,0
100338,63,45813,F,Casado,1,1,Mensual,Si,0,0
100578,25,45750,F,Casado,0,1,Mensual,Si,1,0
100561,36,45721,M,Casado,0,1,Mensual,Si,1,0
100282,29,45715,M,Casado,0,2,Mensual,Si,1,0
100684,38,45712,F,Casado,1,2,Mensual,Si,0,0
100273,39,45706,F,Casado,0,2,Mensual,Si,1,0
100343,40,45687,M,Casado,1,2,Mensual,Si,1,0
100485,54,45673,M,Casado,0,1,Mensual,Si,0,0
100472,20,45659,F,Casado,0,1,Mensual,Si,1,0
100688,31,45654,M,Casado,0,2,Mensual,Si,0,0
100512,42,53646,M,Casado,0,1,Mensual,Si,0,0
100679,22,45584,F,Casado,1,1,Mensual,Si,0,0
100683,50,45549,M,Casado,1,1,Mensual,Si,0,0
100600,31,45537,M,Casado,0,2,Mensual,Si,1,0
100436,37,45518,F,Casado,1,1,Mensual,Si,1,0
100618,55,45463,M,Casado,0,2,Mensual,Si,1,0
100763,64,45452,F,Casado,1,1,Mensual,Si,1,1
100536,50,45450,F,Casado,0,1,Mensual,Si,0,0
100558,26,45419,F,Casado,0,2,Mensual,Si,0,0
100722,49,45390,F,Casado,0,2,Mensual,Si,0,0
100703,51,45368,F,Casado,0,2,Mensual,Si,1,0
100733,47,45318,M,Casado,1,1,Mensual,Si,1,0
100745,68,45313,F,Casado,0,2,Mensual,Si,1,0
100650,40,45283,F,Casado,1,1,Mensual,Si,1,0
100588,67,45266,F,Casado,0,1,Mensual,Si,0,0
100587,67,45246,F,Casado,0,1,Mensual,Si,1,0
100718,51,45240,M,Casado,0,2,Mensual,Si,1,0
100449,44,45238,F,Casado,0,2,Mensual,Si,1,0
100716,47,88910,M,Casado,1,2,Mensual,Si,1,0
100330,75,45217,M,Casado,0,1,Mensual,Si,0,1
100337,59,45209,M,Casado,1,2,Mensual,Si,0,0
100746,27,45194,M,Casado,1,2,Mensual,Si,1,0
100531,46,45159,F,Casado,1,1,Mensual,Si,0,0
100505,29,45153,F,Casado,0,2,Mensual,Si,1,0
100365,31,45115,F,Casado,1,2,Mensual,Si,1,0
100562,34,45103,F,Casado,0,1,Mensual,Si,1,0
100537,24,45081,F,Casado,0,2,Mensual,Si,1,0
100430,28,45066,M,Casado,0,1,Mensual,Si,1,0
100284,70,45049,M,Casado,1,2,Mensual,Si,1,0
100741,31,45001,F,Casado,0,1,Mensual,Si,1,0
100394,54,44997,F,Casado,0,1,Mensual,Si,1,0
100285,42,44974,M,Casado,1,2,Mensual,Si,0,0
100288,48,44956,F,Casado,0,2,Mensual,Si,1,0
100523,49,44936,F,Casado,1,1,Mensual,Si,0,0
100691,28,44898,M,Casado,1,1,Mensual,Si,0,0
100334,54,44895,F,Casado,1,2,Mensual,Si,1,0
100602,26,44892,M,Casado,1,2,Mensual,Si,0,0
100403,30,44831,M,Casado,1,1,Mensual,Si,1,0
100764,49,44787,M,Casado,1,2,Mensual,Si,0,0
100329,27,44781,M,Casado,1,1,Mensual,Si,0,0
100440,21,44772,M,Casado,1,1,Mensual,Si,0,0
100279,45,44756,F,Casado,1,1,Mensual,Si,1,0
100677,23,44728,F,Casado,0,2,Mensual,Si,0,0
100620,51,44705,F,Casado,1,1,Mensual,Si,0,1
100402,35,44684,F,Casado,1,1,Mensual,Si,1,0
100720,44,44682,F,Casado,0,1,Mensual,Si,1,0
100627,44,44671,F,Casado,1,2,Mensual,Si,1,0
100399,52,44617,F,Casado,1,2,Mensual,Si,1,0
100361,49,44613,M,Casado,0,2,Mensual,Si,0,0
100676,27,44597,F,Casado,1,2,Mensual,Si,0,0
100681,36,44582,F,Casado,0,1,Mensual,Si,1,0
100641,44,44534,M,Casado,0,2,Mensual,Si,0,0
100320,68,44483,F,Casado,0,2,Mensual,Si,0,0
100580,50,44477,F,Casado,0,1,Mensual,Si,0,0
100549,65,44460,M,Casado,0,1,Mensual,Si,1,0
100496,45,44449,M,Casado,1,1,Mensual,Si,0,0
100396,60,44442,M,Casado,1,1,Mensual,Si,0,0
100534,43,44413,M,Casado,0,2,Mensual,Si,0,0
100752,58,44395,M,Casado,1,2,Mensual,Si,1,1
100521,34,44394,M,Casado,1,1,Mensual,Si,0,0
100586,71,44378,F,Casado,1,2,Mensual,Si,0,0
100533,47,44363,M,Casado,0,1,Mensual,Si,1,0
100476,24,44318,M,Casado,1,1,Mensual,Si,0,0
100737,45,44306,F,Casado,0,2,Mensual,Si,1,1
100615,50,44298,F,Casado,0,2,Mensual,Si,0,0
100781,55,44294,M,Casado,1,2,Mensual,Si,1,0
100548,83,44272,F,Casado,0,1,Mensual,Si,1,1
100442,33,44271,F,Casado,0,1,Mensual,Si,1,0
100682,83,44270,F,Casado,0,2,Mensual,Si,1,1
100784,39,44261,M,Casado,0,1,Mensual,Si,1,0
100792,30,44230,F,Casado,1,2,Mensual,Si,0,0
100432,33,44202,F,Casado,0,2,Mensual,Si,0,0
100280,49,44202,M,Casado,1,2,Mensual,Si,0,0
100445,29,44194,M,Casado,0,2,Mensual,Si,1,0
100363,35,44193,F,Casado,1,1,Mensual,Si,0,0
100398,45,44187,F,Casado,1,1,Mensual,Si,0,0
100417,71,44159,M,Casado,1,1,Mensual,Si,0,0
100715,54,44150,M,Casado,0,2,Mensual,Si,1,0
100503,40,44095,F,Casado,0,1,Mensual,Si,0,0
100790,48,44072,M,Casado,1,1,Mensual,Si,0,1
100360,43,44052,F,Casado,0,2,Mensual,Si,0,0
100465,26,44048,M,Casado,1,1,Mensual,Si,0,0
100635,77,44039,F,Casado,1,2,Mensual,Si,1,0
100585,72,44010,F,Casado,0,2,Mensual,Si,1,0
100736,38,44005,M,Casado,1,2,Mensual,Si,1,0
100407,33,43989,M,Casado,0,1,Mensual,Si,1,0
100522,26,43982,M,Casado,1,2,Mensual,Si,0,0
100696,50,43977,M,Casado,0,1,Mensual,Si,1,0
100510,50,43976,F,Casado,0,2,Mensual,Si,0,0
100310,29,43972,F,Casado,0,1,Mensual,Si,1,0
100409,43,43957,F,Casado,1,2,Mensual,Si,1,0
100353,54,43908,F,Casado,0,1,Mensual,Si,0,0
100424,32,43895,F,Casado,0,1,Mensual,Si,1,0
100439,36,43890,F,Casado,0,2,Mensual,Si,1,0
100444,36,43888,M,Casado,0,1,Mensual,Si,1,0
100749,30,43876,F,Casado,1,2,Mensual,Si,1,0
100443,37,43874,M,Casado,0,2,Mensual,Si,1,0
100511,23,43835,M,Casado,0,2,Mensual,Si,1,0
100785,36,43823,M,Casado,1,2,Mensual,Si,1,0
100506,36,43820,M,Casado,1,2,Mensual,Si,0,0
100283,38,43800,M,Casado,1,2,Mensual,Si,0,0
100454,47,43799,M,Casado,1,1,Mensual,Si,0,0
100303,26,43795,M,Casado,0,2,Mensual,Si,0,0
100760,27,43794,F,Casado,0,2,Mensual,Si,0,0
100477,30,43761,F,Casado,0,1,Mensual,Si,0,0
100473,25,43750,M,Casado,1,1,Mensual,Si,1,0
100642,49,43739,M,Casado,1,1,Mensual,Si,1,0
100551,32,43707,F,Casado,1,1,Mensual,Si,0,0
100624,39,43677,F,Casado,0,1,Mensual,Si,0,0
100721,29,43669,M,Casado,1,1,Mensual,Si,0,0
100704,34,43651,F,Casado,1,2,Mensual,Si,1,0
100306,44,43650,M,Casado,0,1,Mensual,Si,0,0
100645,45,43648,F,Casado,1,1,Mensual,Si,1,0
100367,27,43645,M,Casado,0,2,Mensual,Si,0,0
100507,38,43633,F,Casado,1,1,Mensual,Si,0,0
100614,29,43622,F,Casado,0,1,Mensual,Si,1,0
100782,37,43608,M,Casado,1,1,Mensual,Si,0,0
100272,31,43593,M,Casado,0,1,Mensual,Si,0,0
100598,79,43514,F,Casado,1,2,Mensual,Si,0,0
100405,53,43482,M,Casado,1,1,Mensual,Si,1,0
100368,45,43474,M,Casado,0,1,Mensual,Si,1,0
100519,35,43408,F,Casado,0,2,Mensual,Si,0,0
100589,54,43362,F,Casado,0,2,Mensual,Si,1,0
100724,38,43348,M,Casado,1,2,Mensual,Si,1,0
100311,75,43330,M,Casado,0,1,Mensual,Si,1,1
100369,56,43322,F,Casado,0,2,Mensual,Si,1,0
100530,34,43303,M,Casado,0,2,Mensual,Si,1,0
100640,71,43293,F,Casado,0,1,Mensual,Si,1,1
100342,35,43202,M,Casado,1,1,Mensual,Si,1,0
100739,81,43185,F,Casado,1,1,Mensual,Si,0,0
100321,73,65161,F,Casado,0,2,Mensual,Si,0,0
100789,44,43151,F,Casado,0,1,Mensual,Si,1,0
100729,24,43146,F,Casado,1,1,Mensual,Si,1,0
100633,43,43120,M,Casado,0,1,Mensual,Si,1,0
100410,27,43100,F,Casado,1,1,Mensual,Si,1,0
100431,31,43098,F,Casado,0,2,Mensual,Si,1,0
100316,32,43043,F,Casado,1,1,Mensual,Si,1,0
100663,27,42996,M,Casado,1,2,Mensual,Si,1,0
100564,43,42996,F,Casado,0,1,Mensual,Si,1,0
100471,30,42980,F,Casado,0,1,Mensual,Si,0,0
100552,36,42953,M,Casado,1,2,Mensual,Si,0,0
100392,32,42928,M,Casado,1,1,Mensual,Si,1,0
100290,47,42926,M,Casado,0,1,Mensual,Si,0,0
100699,46,42909,M,Casado,1,1,Mensual,Si,0,0
100646,35,42904,M,Casado,1,1,Mensual,Si,0,0
100750,48,42899,M,Casado,1,1,Mensual,Si,1,0
100517,63,42884,M,Casado,0,1,Mensual,Si,0,0
100547,21,42874,M,Casado,1,2,Mensual,Si,1,0
100317,32,71032,M,Casado,0,1,Mensual,Si,1,0
100612,28,42844,F,Casado,1,2,Mensual,Si,1,0
100420,31,42828,F,Casado,1,1,Mensual,Si,0,0
100780,20,42823,F,Casado,1,1,Mensual,Si,1,0
100518,21,70502,F,Casado,0,1,Mensual,Si,0,0
100654,19,42772,F,Casado,0,2,Mensual,Si,0,0
100653,33,42737,M,Casado,1,2,Mensual,Si,1,0
100447,32,42719,M,Casado,0,1,Mensual,Si,1,0
100723,67,42715,M,Casado,0,1,Mensual,Si,0,0
100678,41,42663,F,Casado,0,2,Mensual,Si,1,0
100651,48,42658,F,Casado,1,2,Mensual,Si,0,1
100582,85,42652,M,Casado,0,1,Mensual,Si,1,0
100286,21,42647,F,Casado,0,2,Mensual,Si,0,0
100576,76,42574,F,Casado,0,2,Mensual,Si,0,1
100613,39,42544,F,Casado,0,2,Mensual,Si,0,0
100480,34,42522,M,Casado,0,2,Mensual,Si,0,0
100634,32,42519,M,Casado,1,1,Mensual,Si,1,0
100308,44,42471,F,Casado,1,2,Mensual,Si,1,0
100791,34,42464,M,Casado,0,2,Mensual,Si,1,0
100658,26,42443,F,Casado,1,2,Mensual,Si,1,0
100742,32,42440,M,Casado,1,1,Mensual,Si,0,0
100331,45,42438,M,Casado,0,1,Mensual,Si,0,0
100686,51,42429,M,Casado,1,2,Mensual,Si,1,0
100474,79,42422,M,Casado,0,1,Mensual,Si,0,0
100751,41,42412,M,Casado,1,2,Mensual,Si,0,0
100332,64,42389,M,Casado,0,1,Mensual,Si,0,0
100546,36,42386,M,Casado,1,1,Mensual,Si,0,0
100482,38,42356,F,Casado,0,2,Mensual,Si,0,0
100779,38,42334,F,Casado,0,1,Mensual,Si,0,0
100387,42,42313,M,Casado,1,1,Mensual,Si,0,0
100644,55,42309,M,Casado,0,1,Mensual,Si,1,0
100649,33,42241,F,Casado,0,2,Mensual,Si,0,0
100371,29,42234,M,Casado,1,2,Mensual,Si,1,0
100680,56,42231,M,Casado,1,2,Mensual,Si,1,0
100318,55,42210,F,Casado,0,2,Mensual,Si,1,0
100408,69,42206,M,Casado,1,1,Mensual,Si,0,1
100362,31,42192,F,Casado,1,2,Mensual,Si,0,0
100647,36,42182,M,Casado,1,2,Mensual,Si,1,0
100479,57,42175,M,Casado,0,1,Mensual,Si,1,0
100313,33,42175,M,Casado,1,1,Mensual,Si,1,0
100289,50,42169,F,Casado,0,2,Mensual,Si,1,0
100276,36,42144,F,Casado,1,2,Mensual,Si,1,0
100617,44,42143,M,Casado,0,2,Mensual,Si,0,0
100281,26,42119,M,Casado,0,1,Mensual,Si,1,0
100550,40,42110,F,Casado,1,2,Mensual,Si,0,0
100714,62,42106,F,Casado,0,1,Mensual,Si,0,1
100560,53,42096,M,Casado,1,1,Mensual,Si,0,0
100498,28,42091,F,Casado,0,1,Mensual,Si,0,0
100747,76,42078,M,Casado,0,2,Mensual,Si,1,0
100298,61,42053,F,Casado,0,2,Mensual,Si,1,0
100525,27,42024,F,Casado,1,2,Mensual,Si,0,0
100299,32,41965,F,Casado,1,1,Mensual,Si,0,0
100636,27,41964,F,Casado,0,2,Mensual,Si,1,0
100291,45,41935,M,Casado,0,2,Mensual,Si,0,0
100340,32,41921,M,Casado,0,1,Mensual,Si,0,0
100786,21,41898,F,Casado,0,2,Mensual,Si,1,1
100339,38,41879,M,Casado,0,1,Mensual,Si,0,0
100656,56,41876,F,Casado,1,2,Mensual,Si,0,0
100643,41,41859,M,Casado,1,2,Mensual,Si,1,0
100557,48,41851,F,Casado,0,1,Mensual,Si,1,0
100433,42,41850,F,Casado,1,2,Mensual,Si,1,0
100464,52,41834,M,Casado,0,1,Mensual,Si,0,0
100455,44,41793,M,Casado,0,2,Mensual,Si,0,0
100305,37,41777,M,Casado,1,1,Mensual,Si,1,0
100659,41,41774,F,Casado,0,1,Mensual,Si,0,0
100559,70,41769,M,Casado,0,2,Mensual,Si,1,1
100475,49,41767,M,Casado,0,2,Mensual,Si,0,0
100393,28,41766,M,Casado,0,1,Mensual,Si,1,0
100762,40,41750,F,Casado,0,1,Mensual,Si,0,0
100438,44,41735,F,Casado,0,1,Mensual,Si,0,0
100483,37,41725,M,Casado,0,2,Mensual,Si,1,0
100397,21,41704,F,Casado,0,2,Mensual,Si,1,0
100669,29,41696,F,Casado,1,1,Mensual,Si,0,0
100788,34,41676,F,Casado,1,2,Mensual,Si,0,0
100441,81,41676,F,Casado,1,2,Mensual,Si,0,1
100274,47,41639,M,Casado,1,2,Mensual,Si,0,1
100372,23,41631,F,Casado,1,1,Mensual,Si,1,0
100413,38,41629,M,Casado,1,2,Mensual,Si,1,0
100278,65,41624,M,Casado,0,2,Mensual,Si,1,0
100406,32,41552,F,Casado,1,2,Mensual,Si,0,0
100484,58,41530,M,Casado,1,1,Mensual,Si,0,0
100309,24,41513,F,Casado,1,2,Mensual,Si,1,1
100553,18,41506,F,Casado,0,1,Mensual,Si,0,0
100380,62,41492,F,Casado,0,1,Mensual,Si,1,1
100359,33,41489,M,Casado,1,1,Mensual,Si,1,0
100366,34,41483,F,Casado,1,2,Mensual,Si,0,0
100520,42,41432,M,Casado,1,1,Mensual,Si,1,0
100304,46,41421,F,Casado,0,2,Mensual,Si,1,0
100719,19,41315,F,Casado,0,1,Mensual,Si,0,0
100349,31,41300,F,Casado,0,2,Mensual,Si,0,0
100513,40,41283,M,Casado,0,2,Mensual,Si,1,0
100277,46,41281,M,Casado,0,1,Mensual,Si,1,0
100275,28,41270,F,Casado,1,1,Mensual,Si,1,0
100437,36,41248,M,Casado,1,2,Mensual,Si,1,0
100404,32,72127,M,Casado,0,2,Mensual,Si,1,0
100616,43,41205,F,Casado,0,2,Mensual,Si,1,0
100637,61,41178,F,Casado,1,1,Mensual,Si,1,0
100315,35,41169,F,Casado,1,2,Mensual,Si,1,0
100638,25,41168,M,Casado,1,2,Mensual,Si,1,0
100744,30,41162,F,Casado,0,2,Mensual,Si,1,0
100395,76,41159,M,Casado,0,2,Mensual,Si,0,0
100556,29,41158,F,Casado,1,2,Mensual,Si,0,0
100457,26,41132,F,Casado,0,2,Mensual,Si,1,0
100639,34,41095,F,Casado,0,1,Mensual,Si,0,0
100783,38,41091,M,Casado,0,2,Mensual,Si,1,0
100478,32,41086,M,Casado,1,1,Mensual,Si,1,1
100314,24,41083,F,Casado,0,2,Mensual,Si,1,0
100287,44,41068,M,Casado,1,1,Mensual,Si,1,0
100740,43,41048,M,Casado,0,1,Mensual,Si,1,0
100434,51,40992,M,Casado,1,2,Mensual,Si,0,0
100508,42,40991,M,Casado,1,2,Mensual,Si,0,0
100652,73,40983,F,Casado,1,1,Mensual,Si,0,1
100400,53,40971,F,Casado,0,1,Mensual,Si,1,1
100577,48,40964,M,Casado,1,1,Mensual,Si,1,0
100514,62,40949,F,Casado,1,2,Mensual,Si,0,1
100391,41,40949,F,Casado,0,2,Mensual,Si,1,0
100685,37,40940,F,Casado,1,2,Mensual,Si,1,0
100364,44,40940,M,Casado,1,2,Mensual,Si,1,0
100370,21,51833,F,Casado,1,1,Mensual,Si,0,0
100610,41,40912,M,Casado,0,1,Mensual,Si,0,0
100435,38,40909,F,Casado,0,1,Mensual,Si,0,0
100800,46,40906,M,Casado,1,2,Mensual,Si,0,0
100544,58,40904,M,Casado,0,2,Mensual,Si,1,0
100504,49,40875,M,Casado,0,1,Mensual,Si,0,0
100467,30,40866,M,Casado,1,2,Mensual,Si,1,0
100611,54,40855,F,Casado,0,1,Mensual,Si,1,0
100336,74,40782,F,Casado,0,2,Mensual,Si,0,0
100717,59,40728,M,Casado,1,1,Mensual,Si,1,0
100584,25,40693,M,Casado,0,2,Mensual,Si,0,0
100667,49,40658,F,Casado,0,1,Mensual,Si,0,0
100307,26,40653,F,Casado,0,2,Mensual,Si,0,0
100687,35,40645,F,Casado,1,2,Mensual,Si,0,0
100619,45,40645,F,Casado,1,2,Mensual,Si,0,0
100333,43,40636,F,Casado,1,1,Mensual,Si,1,0
100748,59,40626,F,Casado,1,2,Mensual,Si,1,1
100689,74,40626,M,Casado,1,2,Mensual,Si,0,1
100787,47,40609,M,Casado,1,1,Mensual,Si,0,0
100555,34,40605,F,Casado,1,2,Mensual,Si,0,0
100312,21,40592,F,Casado,1,1,Mensual,Si,0,0
100296,65,40583,M,Casado,1,2,Mensual,Si,1,0
100341,38,40543,F,Casado,1,1,Mensual,Si,0,0
100351,39,40526,M,Casado,1,1,Mensual,Si,1,0
100446,40,40507,M,Casado,1,1,Mensual,Si,1,0
100481,46,46215,M,Casado,1,1,Mensual,Si,1,0
100801,47,40473,F,Casado,1,1,Mensual,Si,1,0
100726,35,40460,F,Casado,1,2,Mensual,Si,1,0
100515,38,40446,M,Casado,0,2,Mensual,Si,1,0
100713,31,40438,M,Casado,1,2,Mensual,Si,1,0
100545,30,40437,F,Casado,1,1,Mensual,Si,1,0
100738,30,40425,M,Casado,0,1,Mensual,Si,1,1
100538,38,40398,M,Casado,0,2,Mensual,Si,1,0
100743,28,66908,M,Casado,0,1,Mensual,Si,1,0
100401,18,40340,M,Casado,0,2,Mensual,Si,1,0
100583,34,40335,M,Casado,1,2,Mensual,Si,0,0
100543,26,40328,F,Casado,0,1,Mensual,Si,1,0
100466,41,40326,F,Casado,0,2,Mensual,Si,1,0
100297,31,40263,M,Casado,0,2,Mensual,Si,1,0
100648,47,40246,M,Casado,0,1,Mensual,Si,1,0
100469,26,40204,F,Casado,0,2,Mensual,Si,1,0
100335,22,40187,F,Casado,1,2,Mensual,Si,1,0
100692,38,40182,M,Casado,1,1,Mensual,Si,1,0
100528,34,40179,F,Casado,0,1,Mensual,Si,0,0
100690,25,40176,M,Casado,1,2,Mensual,Si,0,1
100554,53,40171,F,Casado,0,2,Mensual,Si,0,0
100655,28,40100,F,Casado,1,1,Mensual,Si,0,0
100575,30,40057,M,Casado,0,1,Mensual,Si,1,0
100509,57,40020,M,Casado,1,2,Mensual,Si,0,0
100178,48,39925,M,Soltero,0,1,Mensual,Si,0,0
100459,27,39899,F,Casado,0,2,Mensual,Si,0,0
100355,35,39859,F,Casado,0,2,Mensual,Si,1,0
100301,26,39696,M,Casado,0,1,Mensual,Si,0,0
100105,55,39676,M,Soltero,0,0,Mensual,Si,0,0
100574,55,39589,F,Casado,0,1,Mensual,Si,0,0
100061,79,39476,F,Soltero,0,0,Mensual,Si,0,1
100177,85,39446,M,Soltero,0,0,Mensual,Si,0,1
100778,31,39416,F,Casado,1,1,Mensual,Si,1,0
100255,51,39379,F,Soltero,0,0,Mensual,Si,0,1
100191,22,39326,F,Soltero,0,1,Mensual,Si,0,0
100428,42,39277,F,Casado,0,1,Mensual,Si,1,0
100134,46,39207,M,Soltero,0,1,Mensual,Si,0,0
100572,28,39188,M,Casado,0,2,Mensual,Si,0,0
100109,31,68067,F,Soltero,0,0,Mensual,Si,0,1
100047,55,39121,F,Soltero,0,0,Mensual,Si,0,0
100776,47,39087,F,Casado,1,2,Mensual,Si,1,0
100146,74,39028,F,Soltero,0,0,Mensual,Si,0,1
100108,70,39024,F,Soltero,0,0,Mensual,Si,0,1
100243,23,38858,F,Soltero,0,0,Mensual,Si,0,1
100106,32,38677,M,Soltero,0,0,Mensual,Si,0,0
100710,27,38654,F,Casado,1,1,Mensual,Si,0,0
100327,52,38537,F,Casado,1,1,Mensual,Si,0,0
100160,44,38191,F,Soltero,0,0,Mensual,Si,0,0
100257,28,78612,M,Soltero,0,1,Mensual,Si,0,0
100268,29,37895,F,Soltero,0,1,Mensual,Si,0,0
100119,63,37885,M,Soltero,0,1,Mensual,Si,0,0
100675,34,37837,M,Casado,1,2,Mensual,Si,1,0
100501,21,37810,F,Casado,1,2,Mensual,Si,0,0
100144,27,37613,F,Soltero,0,0,Mensual,Si,0,0
100015,81,81285,F,Soltero,0,1,Mensual,Si,0,1
100175,58,37533,F,Soltero,0,1,Mensual,Si,0,0
100269,25,37520,M,Soltero,0,1,Mensual,Si,0,1
100145,42,37476,M,Soltero,0,0,Mensual,Si,0,1
100130,56,37394,F,Soltero,0,0,Mensual,Si,0,0
100235,23,37367,M,Soltero,0,1,Mensual,Si,0,0
100260,59,37282,M,Soltero,0,0,Mensual,Si,0,0
100077,46,37234,M,Soltero,0,0,Mensual,Si,0,0
100118,30,37062,F,Soltero,0,1,Mensual,Si,0,0
100196,49,36972,F,Soltero,0,1,Mensual,Si,0,0
100048,44,36893,M,Soltero,0,1,Mensual,Si,0,0
100224,45,36873,F,Soltero,0,1,Mensual,Si,0,1
100772,41,36852,F,Casado,0,2,Mensual,Si,0,0
100460,29,36623,F,Casado,0,2,Mensual,Si,1,0
100153,30,36487,M,Soltero,0,1,Mensual,Si,0,1
100267,36,36358,F,Soltero,0,1,Mensual,Si,0,0
100076,40,36356,F,Soltero,0,1,Mensual,Si,0,0
100711,51,36296,M,Casado,1,1,Mensual,Si,1,0
100270,82,36276,F,Soltero,0,1,Mensual,Si,0,1
100709,43,36255,M,Casado,0,2,Mensual,Si,1,0
100092,50,36167,M,Soltero,0,0,Mensual,Si,0,1
100253,55,36163,F,Soltero,0,1,Mensual,Si,0,0
100221,52,36154,F,Soltero,0,1,Mensual,Si,0,1
100356,28,36062,M,Casado,1,1,Mensual,Si,0,0
100300,66,36036,F,Casado,0,2,Mensual,Si,1,0
100038,61,35973,F,Soltero,0,0,Mensual,Si,0,1
100037,41,35967,F,Soltero,0,0,Mensual,Si,0,0
100028,29,35922,M,Soltero,0,1,Mensual,Si,0,0
100131,40,35875,F,Soltero,0,1,Mensual,Si,0,0
100107,23,35838,F,Soltero,0,1,Mensual,Si,0,0
100103,70,35731,F,Soltero,0,1,Mensual,Si,0,1
100328,31,35616,F,Casado,0,1,Mensual,Si,0,0
100036,35,35505,F,Soltero,0,1,Mensual,Si,0,0
100094,67,35465,F,Soltero,0,1,Mensual,Si,0,0
100233,64,35407,F,Soltero,0,1,Mensual,Si,0,1
100176,45,35193,F,Soltero,0,0,Mensual,Si,0,0
100775,74,35188,F,Casado,1,1,Mensual,Si,1,0
100129,28,35172,M,Soltero,0,1,Mensual,Si,0,0
100223,45,35117,M,Soltero,0,1,Mensual,Si,0,0
100200,28,34995,F,Soltero,0,0,Mensual,Si,0,1
100254,60,34845,M,Soltero,0,1,Mensual,Si,0,0
100009,59,34824,F,Soltero,0,1,Mensual,Si,0,0
100070,77,34795,M,Soltero,0,1,Mensual,Si,0,0
100209,39,34453,F,Soltero,0,0,Mensual,Si,0,0
100185,85,34345,M,Soltero,0,1,Mensual,Si,0,1
100074,27,34328,F,Soltero,0,0,Mensual,Si,0,0
100252,38,34288,M,Soltero,0,1,Mensual,Si,0,0
100462,28,34288,M,Casado,0,1,Mensual,Si,0,1
100181,42,34281,F,Soltero,0,1,Mensual,Si,0,1
100271,28,34265,F,Casado,0,1,Mensual,Si,0,0
100182,60,34252,F,Soltero,0,1,Mensual,Si,0,1
100081,47,34180,F,Soltero,0,0,Mensual,Si,0,0
100050,27,34153,M,Soltero,0,1,Mensual,Si,0,0
100017,54,34115,M,Soltero,0,1,Mensual,Si,0,1
100097,72,34027,F,Soltero,0,0,Mensual,Si,0,1
100018,49,33987,F,Soltero,0,0,Mensual,Si,0,0
100150,25,33953,M,Soltero,0,1,Mensual,Si,0,0
100190,37,33911,M,Soltero,0,0,Mensual,Si,0,0
100194,51,33815,F,Soltero,0,0,Mensual,Si,0,0
100132,36,33808,F,Soltero,0,0,Mensual,Si,0,0
100112,27,33796,F,Soltero,0,0,Mensual,Si,0,0
100242,63,33747,F,Soltero,0,0,Mensual,Si,0,0
100126,35,33740,M,Soltero,0,0,Mensual,Si,0,1
100357,72,33683,M,Casado,1,1,Mensual,Si,1,1
100427,32,33679,F,Casado,0,2,Mensual,Si,1,0
100041,35,33658,M,Soltero,0,0,Mensual,Si,0,1
100148,32,33635,F,Soltero,0,1,Mensual,Si,0,0
100142,37,33509,M,Soltero,0,0,Mensual,Si,0,0
100057,47,33503,F,Soltero,0,1,Mensual,Si,0,0
100777,28,33502,F,Casado,1,2,Mensual,Si,1,0
100202,26,33489,M,Soltero,0,1,Mensual,Si,0,0
100162,23,33471,F,Soltero,0,1,Mensual,Si,0,0
100734,22,33454,M,Casado,0,1,Mensual,Si,1,0
100541,25,33439,M,Casado,1,1,Mensual,Si,1,0
100231,32,33315,M,Soltero,0,0,Mensual,Si,0,1
100187,42,33299,M,Soltero,0,1,Mensual,Si,0,0
100172,46,33248,M,Soltero,0,0,Mensual,Si,0,1
100188,41,33229,M,Soltero,0,1,Mensual,Si,0,1
100046,68,33220,M,Soltero,0,0,Mensual,Si,0,1
100065,78,33142,F,Soltero,0,1,Mensual,Si,0,1
100189,35,33011,M,Soltero,0,0,Mensual,Si,0,0
100113,28,32994,F,Soltero,0,1,Mensual,Si,0,1
100773,85,32977,M,Casado,0,2,Mensual,Si,1,1
100089,62,32916,M,Soltero,0,0,Mensual,Si,0,0
100245,60,32893,F,Soltero,0,1,Mensual,Si,0,0
100006,32,32876,F,Soltero,0,0,Mensual,Si,0,0
100241,54,32874,M,Soltero,0,1,Mensual,Si,0,1
100029,41,32851,F,Soltero,0,0,Mensual,Si,0,0
100127,38,32827,M,Soltero,0,0,Mensual,Si,0,0
100205,38,32820,F,Soltero,0,0,Mensual,Si,0,0
100161,47,32732,M,Soltero,0,1,Mensual,Si,0,0
100219,69,32694,M,Soltero,0,1,Mensual,Si,0,0
100003,85,32662,M,Soltero,0,0,Mensual,Si,0,1
100023,34,32644,F,Soltero,0,1,Mensual,Si,0,1
100225,42,32643,F,Soltero,0,0,Mensual,Si,0,0
100014,38,32640,F,Soltero,0,0,Mensual,Si,0,0
100016,46,32620,M,Soltero,0,1,Mensual,Si,0,0
100180,36,32585,M,Soltero,0,1,Mensual,Si,0,1
100239,31,32569,F,Soltero,0,1,Mensual,Si,0,1
100204,34,32543,F,Soltero,0,0,Mensual,Si,0,0
100059,32,32539,M,Soltero,0,0,Mensual,Si,0,0
100631,37,32526,F,Casado,0,1,Mensual,Si,1,0
100137,25,32512,F,Soltero,0,0,Mensual,Si,0,0
100152,32,32472,F,Soltero,0,0,Mensual,Si,0,0
100008,46,32461,M,Soltero,0,0,Mensual,Si,0,0
100540,46,32363,F,Casado,0,1,Mensual,Si,0,1
100141,43,32056,M,Soltero,0,0,Mensual,Si,0,0
100463,67,32033,F,Casado,1,2,Mensual,Si,1,1
100095,47,31986,F,Soltero,0,0,Mensual,Si,0,0
100258,66,31985,M,Soltero,0,1,Mensual,Si,0,0
100111,85,31928,F,Soltero,0,0,Mensual,Si,0,0
100228,55,31912,M,Soltero,0,0,Mensual,Si,0,0
100025,25,31911,M,Soltero,0,0,Mensual,Si,0,1
100673,44,31891,F,Casado,0,2,Mensual,Si,0,1
100030,41,31891,F,Soltero,0,1,Mensual,Si,0,0
100099,72,31868,M,Soltero,0,0,Mensual,Si,0,1
100078,38,31853,F,Soltero,0,1,Mensual,Si,0,0
100158,29,31818,M,Soltero,0,0,Mensual,Si,0,0
100104,33,31804,F,Soltero,0,0,Mensual,Si,0,0
100154,25,31798,F,Soltero,0,1,Mensual,Si,0,0
100091,18,31778,F,Soltero,0,1,Mensual,Si,0,0
100192,85,31771,M,Soltero,0,0,Mensual,Si,0,1
100040,39,31731,M,Soltero,0,0,Mensual,Si,0,0
100230,26,31689,M,Soltero,0,0,Mensual,Si,0,0
100044,75,31625,F,Soltero,0,0,Mensual,Si,0,1
100244,81,31586,M,Soltero,0,0,Mensual,Si,0,1
100121,42,31567,F,Soltero,0,1,Mensual,Si,0,0
100774,25,31563,F,Casado,1,1,Mensual,Si,0,0
100167,33,31523,F,Soltero,0,0,Mensual,Si,0,0
100053,36,31519,F,Soltero,0,1,Mensual,Si,0,0
100082,40,31472,F,Soltero,0,1,Mensual,Si,0,0
100251,27,31454,M,Soltero,0,1,Mensual,Si,0,0
100358,57,31453,M,Casado,1,2,Mensual,Si,0,0
100101,21,31449,M,Soltero,0,0,Mensual,Si,0,1
100116,61,31391,F,Soltero,0,0,Mensual,Si,0,1
100045,67,31347,F,Soltero,0,1,Mensual,Si,0,1
100093,34,31295,F,Soltero,0,1,Mensual,Si,0,0
100049,38,31292,F,Soltero,0,1,Mensual,Si,0,0
100429,70,31251,F,Casado,1,2,Mensual,Si,0,1
100207,51,31242,F,Soltero,0,1,Mensual,Si,0,1
100265,35,31237,M,Soltero,0,0,Mensual,Si,0,0
100055,36,31232,M,Soltero,0,1,Mensual,Si,0,1
100110,48,31218,F,Soltero,0,1,Mensual,Si,0,0
100220,82,31169,M,Soltero,0,0,Mensual,Si,0,0
100179,37,31101,M,Soltero,0,0,Mensual,Si,0,0
100090,34,31096,F,Soltero,0,1,Mensual,Si,0,0
100262,40,31021,M,Soltero,0,0,Mensual,Si,0,0
100010,40,30908,F,Soltero,0,0,Mensual,Si,0,0
100067,44,30884,F,Soltero,0,1,Mensual,Si,0,0
100199,38,30881,F,Soltero,0,1,Mensual,Si,0,0
100232,63,30807,F,Soltero,0,1,Mensual,Si,0,0
100034,29,30796,F,Soltero,0,0,Mensual,Si,0,0
100246,46,30791,F,Soltero,0,1,Mensual,Si,0,0
100712,47,30788,F,Casado,1,2,Mensual,Si,1,0
100022,29,30618,M,Soltero,0,0,Mensual,Si,0,1
100155,46,30605,F,Soltero,0,1,Mensual,Si,0,0
100229,47,30580,M,Soltero,0,0,Mensual,Si,0,0
100234,19,30547,M,Soltero,0,1,Mensual,Si,0,0
100609,28,30546,F,Casado,0,2,Mensual,Si,0,0
100115,73,30436,M,Soltero,0,0,Mensual,Si,0,0
100133,32,30422,F,Soltero,0,1,Mensual,Si,0,0
100632,26,30359,M,Casado,1,1,Mensual,Si,0,0
100608,22,30273,M,Casado,0,1,Mensual,Si,0,0
100240,27,30268,M,Soltero,0,0,Mensual,Si,0,0
100124,38,30256,F,Soltero,0,0,Mensual,Si,0,0
100218,26,30060,F,Soltero,0,0,Mensual,Si,0,1
103479,51,29997,M,Div/Sep/Viudo,2,5,Semanal,Si,2,0
103175,29,29993,F,Div/Sep/Viudo,3,6,Semanal,Si,2,1
103161,44,29987,F,Div/Sep/Viudo,4,5,Semanal,Si,2,1
103503,68,29986,M,Div/Sep/Viudo,2,6,Semanal,No,2,0
103316,66,29963,F,Div/Sep/Viudo,4,6,Semanal,No,2,0
103829,44,29963,F,Casado,3,4,Mensual,Si,2,0
103424,27,29955,F,Div/Sep/Viudo,3,6,Semanal,No,3,0
103100,39,29943,F,Div/Sep/Viudo,4,6,Semanal,No,2,0
103733,45,29934,F,Div/Sep/Viudo,4,6,Semanal,Si,3,0
100502,85,29934,F,Casado,1,1,Mensual,Si,1,1
100064,22,29933,M,Soltero,0,1,Mensual,Si,0,0
103229,39,29927,M,Div/Sep/Viudo,2,6,Semanal,No,2,0
103419,50,29925,M,Div/Sep/Viudo,2,6,Semanal,No,2,1
103398,41,29920,F,Div/Sep/Viudo,3,5,Semanal,No,3,0
100042,43,29912,F,Soltero,0,0,Mensual,Si,0,0
104079,30,29907,M,Casado,3,4,Semanal,Si,1,0
103006,57,29907,M,Div/Sep/Viudo,2,6,Semanal,Si,2,1
103090,40,29896,F,Div/Sep/Viudo,3,5,Semanal,Si,3,0
100004,43,29892,F,Soltero,0,0,Mensual,Si,0,0
103662,59,29881,M,Div/Sep/Viudo,2,5,Semanal,Si,2,0
103009,35,29873,F,Div/Sep/Viudo,3,6,Semanal,No,2,1
103853,65,29870,F,Casado,2,3,Mensual,Si,1,0
103163,25,29869,M,Div/Sep/Viudo,2,6,Semanal,Si,2,0
102984,44,29869,M,Div/Sep/Viudo,3,5,Semanal,No,2,0
103862,29,29868,F,Casado,3,3,Mensual,Si,1,0
103013,27,29860,M,Div/Sep/Viudo,2,5,Semanal,No,3,0
100143,82,29848,F,Soltero,0,1,Mensual,Si,0,1
103714,26,29843,M,Div/Sep/Viudo,2,6,Semanal,No,2,0
103968,40,29841,F,Casado,3,3,Mensual,Si,1,0
103341,25,29840,M,Div/Sep/Viudo,3,6,Semanal,Si,3,1
100062,63,29839,F,Soltero,0,0,Mensual,Si,0,1
104102,34,29822,F,Casado,2,3,Semanal,Si,2,0
100607,59,29816,M,Casado,0,2,Mensual,Si,0,1
103515,49,29814,M,Div/Sep/Viudo,4,6,Semanal,No,3,1
103494,85,29811,M,Div/Sep/Viudo,4,5,Semanal,No,3,1
100263,24,29810,M,Soltero,0,1,Mensual,Si,0,0
103937,28,29807,M,Casado,2,3,Semanal,Si,2,0
103856,58,29803,M,Casado,3,3,Semanal,Si,1,0
103408,45,29795,M,Div/Sep/Viudo,2,5,Semanal,No,3,0
102991,36,29794,M,Div/Sep/Viudo,3,5,Semanal,No,2,0
100033,85,29786,M,Soltero,0,0,Mensual,Si,0,1
103735,39,29781,M,Div/Sep/Viudo,2,5,Semanal,Si,2,0
103332,30,29780,M,Div/Sep/Viudo,4,6,Semanal,Si,3,0
103933,59,29779,M,Casado,2,3,Semanal,Si,2,0
103080,40,29779,F,Div/Sep/Viudo,3,5,Semanal,Si,2,0
103015,41,29775,F,Div/Sep/Viudo,3,5,Semanal,Si,2,1
103513,51,29755,M,Div/Sep/Viudo,4,5,Semanal,Si,2,1
100058,52,29749,M,Soltero,0,0,Mensual,Si,0,0
104070,28,29748,M,Casado,3,3,Mensual,Si,2,0
103660,35,29747,M,Div/Sep/Viudo,4,6,Semanal,Si,2,0
104071,25,29746,F,Casado,3,4,Semanal,Si,2,0
103715,45,29745,M,Div/Sep/Viudo,3,6,Semanal,Si,3,1
103264,81,29735,M,Div/Sep/Viudo,3,6,Semanal,Si,3,1
100210,28,29718,M,Soltero,0,0,Mensual,Si,0,0
103497,23,29706,M,Div/Sep/Viudo,2,5,Semanal,Si,3,0
103769,31,29705,F,Casado,3,4,Semanal,Si,2,0
100212,36,29702,M,Soltero,0,0,Mensual,Si,0,0
103071,52,29699,M,Div/Sep/Viudo,2,5,Semanal,Si,2,1
103992,35,29691,M,Casado,2,4,Semanal,Si,1,0
103076,45,29687,F,Div/Sep/Viudo,2,5,Semanal,No,2,0
103501,33,29671,M,Div/Sep/Viudo,2,6,Semanal,Si,3,1
103400,37,29656,F,Div/Sep/Viudo,4,6,Semanal,No,2,1
103059,29,29648,F,Div/Sep/Viudo,2,6,Semanal,Si,3,0
103267,27,29640,F,Div/Sep/Viudo,4,6,Semanal,Si,2,1
103576,53,29622,F,Div/Sep/Viudo,2,5,Semanal,No,3,0
103727,33,29614,F,Div/Sep/Viudo,2,5,Semanal,No,2,1
100138,46,29608,M,Soltero,0,0,Mensual,Si,0,0
104005,29,29602,F,Casado,2,3,Semanal,Si,2,0
103665,39,29600,F,Div/Sep/Viudo,2,6,Semanal,Si,3,0
100237,21,29600,F,Soltero,0,1,Mensual,Si,0,0
100031,34,29593,F,Soltero,0,1,Mensual,Si,0,0
103016,30,29590,M,Div/Sep/Viudo,3,5,Semanal,No,2,1
103067,62,29552,M,Div/Sep/Viudo,3,5,Semanal,No,3,1
103833,25,29548,M,Casado,3,3,Semanal,Si,2,1
102916,37,29541,F,Div/Sep/Viudo,4,5,Semanal,No,3,0
103065,45,29540,F,Div/Sep/Viudo,3,5,Semanal,Si,2,1
102927,58,29524,F,Div/Sep/Viudo,2,6,Semanal,Si,2,1
104104,55,29515,F,Casado,2,3,Mensual,Si,1,0
104045,38,29494,M,Casado,2,3,Semanal,Si,2,0
104068,40,29478,M,Casado,2,3,Mensual,Si,1,0
100032,62,29472,F,Soltero,0,1,Mensual,Si,0,0
103098,38,29465,F,Div/Sep/Viudo,4,5,Semanal,Si,3,0
100117,42,29453,F,Soltero,0,0,Mensual,Si,0,0
100072,63,29451,M,Soltero,0,1,Mensual,Si,0,1
103723,85,29440,F,Div/Sep/Viudo,3,5,Semanal,Si,2,1
103575,43,29438,M,Div/Sep/Viudo,4,6,Semanal,Si,2,1
103146,48,29431,F,Div/Sep/Viudo,2,5,Semanal,Si,3,0
103411,54,43099,M,Div/Sep/Viudo,3,6,Semanal,Si,2,1
103405,62,29424,M,Div/Sep/Viudo,4,6,Semanal,Si,3,1
103484,59,29413,M,Div/Sep/Viudo,3,5,Semanal,Si,2,1
103228,32,29413,F,Div/Sep/Viudo,2,6,Semanal,Si,3,0
103578,44,29412,M,Div/Sep/Viudo,3,5,Semanal,No,2,0
103771,59,29412,F,Casado,2,4,Mensual,Si,2,1
103659,68,29397,M,Div/Sep/Viudo,4,5,Semanal,Si,2,1
103320,37,29397,M,Div/Sep/Viudo,2,6,Semanal,No,2,0
100214,44,29385,M,Soltero,0,0,Mensual,Si,0,0
100266,46,29382,F,Soltero,0,1,Mensual,Si,0,0
103826,40,29375,M,Casado,2,3,Mensual,Si,1,0
103728,44,29374,F,Div/Sep/Viudo,2,6,Semanal,No,2,1
103263,85,29362,F,Div/Sep/Viudo,3,5,Semanal,No,3,1
104111,37,29360,M,Casado,3,4,Mensual,Si,2,0
103824,38,29351,M,Casado,2,4,Mensual,Si,2,1
103420,23,29349,F,Div/Sep/Viudo,3,5,Semanal,Si,2,0
100195,22,29343,F,Soltero,0,0,Mensual,Si,0,0
103973,47,29338,M,Casado,2,3,Semanal,Si,1,0
103998,59,29337,F,Casado,3,4,Mensual,Si,2,1
103066,54,29308,F,Div/Sep/Viudo,3,5,Semanal,Si,3,1
100075,29,29306,M,Soltero,0,0,Mensual,Si,0,0
103018,53,29303,M,Div/Sep/Viudo,3,6,Semanal,Si,2,1
103156,37,29301,F,Div/Sep/Viudo,3,5,Semanal,Si,2,0
103318,34,29298,F,Div/Sep/Viudo,2,5,Semanal,Si,2,1
103160,25,29298,M,Div/Sep/Viudo,3,6,Semanal,No,3,0
103428,30,29290,M,Div/Sep/Viudo,2,5,Semanal,No,3,1
103741,48,29283,M,Div/Sep/Viudo,4,6,Semanal,No,3,1
103738,44,29282,F,Div/Sep/Viudo,3,5,Semanal,Si,3,1
103425,42,29273,M,Div/Sep/Viudo,4,5,Semanal,Si,2,1
103966,20,29265,F,Casado,3,4,Semanal,Si,2,0
103489,42,29258,F,Div/Sep/Viudo,2,5,Semanal,No,3,0
103521,32,29258,F,Div/Sep/Viudo,4,6,Semanal,Si,3,0
103155,44,29233,M,Div/Sep/Viudo,2,6,Semanal,No,3,0
103154,63,29232,M,Div/Sep/Viudo,2,6,Semanal,No,3,0
103249,33,29227,F,Div/Sep/Viudo,4,5,Semanal,No,2,1
100173,41,29222,F,Soltero,0,0,Mensual,Si,0,0
103084,85,29220,M,Div/Sep/Viudo,4,6,Semanal,Si,2,1
104006,44,29217,M,Casado,2,3,Mensual,Si,1,0
100201,39,29216,M,Soltero,0,1,Mensual,Si,0,0
103266,29,29214,M,Div/Sep/Viudo,4,5,Semanal,No,2,0
103069,54,29202,F,Div/Sep/Viudo,4,6,Semanal,Si,3,1
103247,28,29196,F,Div/Sep/Viudo,3,6,Semanal,No,3,0
103825,65,29184,M,Casado,2,4,Mensual,Si,1,0
100102,50,29182,M,Soltero,0,0,Mensual,Si,0,1
103939,32,29180,F,Casado,3,4,Semanal,Si,2,0
104107,30,29168,M,Casado,2,4,Mensual,Si,1,0
102912,30,29167,M,Div/Sep/Viudo,2,6,Semanal,No,3,0
102918,22,29151,F,Div/Sep/Viudo,2,5,Semanal,Si,2,1
103412,47,29147,M,Div/Sep/Viudo,3,6,Semanal,No,2,0
103074,21,29139,F,Div/Sep/Viudo,3,6,Semanal,No,3,0
103569,38,29119,F,Div/Sep/Viudo,2,5,Semanal,No,2,0
103481,37,29095,M,Div/Sep/Viudo,2,5,Semanal,No,2,1
100088,35,29093,M,Soltero,0,1,Mensual,Si,0,0
103483,47,29090,M,Div/Sep/Viudo,2,6,Semanal,Si,3,1
103410,32,29090,F,Div/Sep/Viudo,2,6,Semanal,Si,3,0
103894,42,29089,F,Casado,2,4,Semanal,Si,1,0
103827,65,29078,F,Casado,2,4,Semanal,Si,1,1
104080,49,29076,M,Casado,3,4,Mensual,Si,2,0
103719,34,29069,F,Div/Sep/Viudo,4,6,Semanal,No,2,0
103004,39,29069,M,Div/Sep/Viudo,2,5,Semanal,No,3,1
103147,35,29068,M,Div/Sep/Viudo,2,5,Semanal,No,3,0
103421,37,29060,M,Div/Sep/Viudo,3,5,Semanal,No,2,1
103905,42,29041,F,Casado,3,4,Mensual,Si,1,0
103395,24,29030,M,Div/Sep/Viudo,2,6,Semanal,Si,3,0
104078,23,29029,F,Casado,3,4,Semanal,Si,1,0
103237,29,29022,M,Div/Sep/Viudo,2,5,Semanal,No,3,0
100259,48,29011,M,Soltero,0,1,Mensual,Si,0,0
103007,50,29004,M,Div/Sep/Viudo,2,6,Semanal,No,2,0
100573,53,28991,F,Casado,1,2,Mensual,Si,0,0
104002,29,28983,M,Casado,2,4,Mensual,Si,1,0
103592,41,28976,M,Div/Sep/Viudo,3,5,Semanal,No,3,1
104030,34,28972,M,Casado,2,4,Semanal,Si,1,0
100222,37,28961,M,Soltero,0,1,Mensual,Si,0,0
103931,34,28952,F,Casado,3,3,Mensual,Si,1,1
103394,43,28943,F,Div/Sep/Viudo,2,6,Semanal,Si,2,0
103935,31,28942,M,Casado,2,4,Mensual,Si,2,0
103164,61,28905,F,Div/Sep/Viudo,3,6,Semanal,No,2,1
100606,62,28901,F,Casado,0,1,Mensual,Si,0,1
103426,47,28899,F,Div/Sep/Viudo,2,5,Semanal,No,2,0
103773,58,60985,F,Casado,2,4,Semanal,Si,1,0
103765,24,28870,M,Casado,3,4,Mensual,Si,2,0
103322,63,28862,F,Div/Sep/Viudo,2,6,Semanal,Si,2,1
100019,45,28852,M,Soltero,0,1,Mensual,Si,0,0
100771,31,28840,M,Casado,0,1,Mensual,Si,0,0
103736,30,28838,F,Div/Sep/Viudo,2,5,Semanal,No,3,0
100198,73,28835,F,Soltero,0,1,Mensual,Si,0,1
104105,54,28813,M,Casado,3,4,Mensual,Si,1,0
103830,37,28802,F,Casado,3,4,Mensual,Si,2,0
103739,24,28799,F,Div/Sep/Viudo,3,5,Semanal,No,2,0
103168,64,28799,F,Div/Sep/Viudo,2,6,Semanal,Si,3,1
102997,27,28797,F,Div/Sep/Viudo,3,6,Semanal,Si,3,0
102926,34,28785,M,Div/Sep/Viudo,4,6,Semanal,Si,3,0
103328,37,28778,M,Div/Sep/Viudo,3,6,Semanal,Si,3,0
103646,30,28771,M,Div/Sep/Viudo,2,5,Semanal,No,3,0
103589,36,28758,F,Div/Sep/Viudo,2,6,Semanal,No,2,0
100674,39,28745,M,Casado,1,1,Mensual,Si,1,0
103507,36,28742,F,Div/Sep/Viudo,4,6,Semanal,No,2,0
103261,44,28740,M,Div/Sep/Viudo,3,5,Semanal,Si,3,1
103970,74,28735,M,Casado,3,4,Semanal,Si,2,1
103232,24,28716,M,Div/Sep/Viudo,3,6,Semanal,No,3,0
102930,42,28714,M,Div/Sep/Viudo,3,5,Semanal,No,2,0
104077,27,28709,M,Casado,3,3,Mensual,Si,2,0
104075,24,28708,M,Casado,2,3,Mensual,Si,2,0
103774,56,28702,M,Casado,2,3,Mensual,Si,2,0
102917,43,28690,M,Div/Sep/Viudo,4,6,Semanal,No,2,0
100735,24,28687,F,Casado,1,1,Mensual,Si,0,0
103493,36,28671,M,Div/Sep/Viudo,4,5,Semanal,Si,2,1
103152,29,28658,F,Div/Sep/Viudo,4,5,Semanal,Si,2,1
103062,37,28643,M,Div/Sep/Viudo,2,6,Semanal,No,2,0
100250,51,28640,M,Soltero,0,1,Mensual,Si,0,0
100157,49,28633,M,Soltero,0,0,Mensual,Si,0,0
103863,34,28631,F,Casado,2,4,Mensual,Si,2,0
103965,58,28626,M,Casado,2,3,Semanal,Si,2,0
100043,67,28622,F,Soltero,0,0,Mensual,Si,0,1
103656,51,28618,M,Div/Sep/Viudo,4,6,Semanal,No,2,0
103252,32,28617,F,Div/Sep/Viudo,3,5,Semanal,No,2,0
103509,37,28610,F,Div/Sep/Viudo,2,5,Semanal,No,2,0
103492,73,28602,F,Div/Sep/Viudo,3,6,Semanal,No,2,0
103868,35,28592,M,Casado,3,3,Semanal,Si,1,0
103427,49,28586,M,Div/Sep/Viudo,2,5,Semanal,No,2,0
103858,30,28567,M,Casado,3,3,Mensual,Si,2,0
103491,58,28553,M,Div/Sep/Viudo,3,5,Semanal,Si,2,1
102990,29,28550,F,Div/Sep/Viudo,2,6,Semanal,Si,2,0
103657,38,28549,F,Div/Sep/Viudo,3,5,Semanal,No,3,1
102983,48,28546,M,Div/Sep/Viudo,3,5,Semanal,No,3,1
103077,80,28528,F,Div/Sep/Viudo,2,6,Semanal,Si,3,1
102985,43,28528,F,Div/Sep/Viudo,3,6,Semanal,Si,2,0
100083,36,28515,M,Soltero,0,1,Mensual,Si,0,0
102996,35,28513,M,Div/Sep/Viudo,2,5,Semanal,Si,3,0
103869,57,55538,F,Casado,3,3,Mensual,Si,1,0
103253,47,28499,F,Div/Sep/Viudo,3,5,Semanal,No,3,0
103588,51,28490,M,Div/Sep/Viudo,2,6,Semanal,No,2,0
103019,70,28487,M,Div/Sep/Viudo,4,5,Semanal,Si,2,1
103600,40,28480,M,Div/Sep/Viudo,4,6,Semanal,No,3,0
103644,45,28474,M,Div/Sep/Viudo,2,5,Semanal,No,3,1
100708,34,28469,M,Casado,1,1,Mensual,Si,0,0
104047,30,28461,F,Casado,3,3,Semanal,Si,2,0
102915,32,28455,F,Div/Sep/Viudo,3,6,Semanal,Si,2,0
100068,20,28455,F,Soltero,0,1,Mensual,Si,0,0
100052,48,28454,M,Soltero,0,0,Mensual,Si,0,0
103732,46,28453,M,Div/Sep/Viudo,4,6,Semanal,Si,2,1
100164,48,28450,M,Soltero,0,0,Mensual,Si,0,1
103393,29,28424,M,Div/Sep/Viudo,2,5,Semanal,No,2,0
103072,32,28418,M,Div/Sep/Viudo,3,5,Semanal,Si,3,0
103099,31,28415,M,Div/Sep/Viudo,4,6,Semanal,No,3,0
103061,60,28407,M,Div/Sep/Viudo,2,6,Semanal,No,2,1
103397,42,28403,F,Div/Sep/Viudo,3,5,Semanal,Si,2,1
103936,40,28383,F,Casado,2,4,Mensual,Si,1,0
103239,53,28371,F,Div/Sep/Viudo,3,5,Semanal,Si,3,1
102998,31,28351,M,Div/Sep/Viudo,3,6,Semanal,No,2,0
102929,45,28348,M,Div/Sep/Viudo,2,6,Semanal,No,3,0
103664,84,28336,F,Div/Sep/Viudo,2,5,Semanal,No,3,1
103334,64,28333,M,Div/Sep/Viudo,4,6,Semanal,No,3,1
103570,45,28331,F,Div/Sep/Viudo,3,5,Semanal,Si,2,1
103518,40,28331,M,Div/Sep/Viudo,3,6,Semanal,No,3,0
100085,48,28315,M,Soltero,0,0,Mensual,Si,0,0
103587,68,28294,M,Div/Sep/Viudo,4,6,Semanal,No,2,0
103590,66,28293,F,Div/Sep/Viudo,3,5,Semanal,Si,3,1
100125,73,28289,F,Soltero,0,1,Mensual,Si,0,0
103159,43,28275,F,Div/Sep/Viudo,3,6,Semanal,No,3,0
103568,21,28252,M,Div/Sep/Viudo,2,5,Semanal,Si,2,0
103321,82,28243,M,Div/Sep/Viudo,4,6,Semanal,No,2,1
103505,30,28237,F,Div/Sep/Viudo,3,6,Semanal,No,3,0
103259,52,28230,F,Div/Sep/Viudo,2,5,Semanal,No,2,0
103586,21,28229,M,Div/Sep/Viudo,4,6,Semanal,Si,2,1
100149,40,28224,M,Soltero,0,1,Mensual,Si,0,0
100247,35,28218,F,Soltero,0,0,Mensual,Si,0,0
102988,73,28205,M,Div/Sep/Viudo,2,5,Semanal,No,3,0
103262,45,28181,F,Div/Sep/Viudo,3,5,Semanal,Si,2,1
103162,39,28180,F,Div/Sep/Viudo,4,6,Semanal,Si,2,0
103418,47,28173,M,Div/Sep/Viudo,2,5,Semanal,No,2,0
103725,19,28172,M,Div/Sep/Viudo,3,6,Semanal,No,3,1
100168,31,28168,F,Soltero,0,1,Mensual,Si,0,0
103799,33,47668,M,Casado,3,4,Semanal,Si,1,0
100461,50,28156,F,Casado,0,1,Mensual,Si,0,1
104003,28,28154,M,Casado,2,4,Mensual,Si,1,0
104115,42,28146,M,Casado,2,3,Mensual,Si,1,0
103169,38,28136,F,Div/Sep/Viudo,4,5,Semanal,Si,3,0
103488,32,28135,F,Div/Sep/Viudo,2,5,Semanal,No,2,0
103582,32,28115,M,Div/Sep/Viudo,2,5,Semanal,Si,2,0
100216,38,28112,F,Soltero,0,1,Mensual,Si,0,0
103722,22,28109,F,Div/Sep/Viudo,2,6,Semanal,No,2,0
103149,53,28102,M,Div/Sep/Viudo,2,6,Semanal,No,2,0
100001,30,28085,F,Soltero,0,1,Mensual,Si,0,0
103413,36,28063,F,Div/Sep/Viudo,4,5,Semanal,Si,2,0
103248,72,28063,F,Div/Sep/Viudo,3,6,Semanal,No,2,1
103597,53,28060,M,Div/Sep/Viudo,2,6,Semanal,No,3,0
100193,26,28050,M,Soltero,0,0,Mensual,Si,0,0
100165,18,28036,M,Soltero,0,1,Mensual,Si,0,1
103713,48,28025,F,Div/Sep/Viudo,2,6,Semanal,Si,2,1
100007,36,28018,M,Soltero,0,1,Mensual,Si,0,0
103795,42,28000,F,Casado,2,4,Semanal,Si,1,0
103402,53,27995,M,Div/Sep/Viudo,2,6,Semanal,No,3,0
100100,56,27995,F,Soltero,0,0,Mensual,Si,0,1
103401,34,27994,M,Div/Sep/Viudo,2,5,Semanal,No,3,0
103406,38,27994,M,Div/Sep/Viudo,2,5,Semanal,No,2,1
103429,45,27990,F,Div/Sep/Viudo,2,6,Semanal,Si,3,0
100013,47,27987,F,Soltero,0,1,Mensual,Si,0,0
103667,42,27986,M,Div/Sep/Viudo,2,6,Semanal,No,3,0
103002,69,27979,F,Div/Sep/Viudo,4,6,Semanal,Si,3,1
100012,46,27956,F,Soltero,0,0,Mensual,Si,0,0
100159,52,27941,F,Soltero,0,1,Mensual,Si,0,0
104116,44,27940,M,Casado,3,4,Semanal,Si,2,0
103409,28,27936,M,Div/Sep/Viudo,2,6,Semanal,Si,2,1
100426,31,27933,M,Casado,0,1,Mensual,Si,1,0
103325,26,27930,F,Div/Sep/Viudo,2,5,Semanal,No,2,1
102986,59,27928,F,Div/Sep/Viudo,4,5,Semanal,No,2,1
103177,23,27922,F,Div/Sep/Viudo,4,5,Semanal,Si,2,0
103802,37,27917,M,Casado,3,3,Mensual,Si,2,1
100166,34,27915,F,Soltero,0,0,Mensual,Si,0,0
100174,34,27913,F,Soltero,0,0,Mensual,Si,0,0
103251,35,27909,M,Div/Sep/Viudo,2,6,Semanal,Si,2,0
103327,74,27906,M,Div/Sep/Viudo,3,5,Semanal,Si,3,1
100238,21,27901,F,Soltero,0,0,Mensual,Si,0,0
100213,65,42729,F,Soltero,0,0,Mensual,Si,0,1
103929,36,27892,M,Casado,2,4,Semanal,Si,2,1
102987,54,27890,M,Div/Sep/Viudo,2,5,Semanal,Si,3,1
102994,40,27885,F,Div/Sep/Viudo,4,6,Semanal,Si,2,1
104036,27,27873,F,Casado,3,4,Mensual,Si,1,0
103485,68,27862,F,Div/Sep/Viudo,4,5,Semanal,Si,2,1
103663,63,27861,M,Div/Sep/Viudo,2,5,Semanal,No,2,0
103658,27,27860,F,Div/Sep/Viudo,3,6,Semanal,No,3,0
103326,49,27859,M,Div/Sep/Viudo,2,6,Semanal,Si,3,1
103519,32,27854,F,Div/Sep/Viudo,3,6,Semanal,No,2,0
103669,24,27850,F,Div/Sep/Viudo,4,5,Semanal,Si,3,1
100256,30,27849,M,Soltero,0,1,Mensual,Si,0,0
100069,66,27849,F,Soltero,0,0,Mensual,Si,0,0
100184,55,27841,M,Soltero,0,0,Mensual,Si,0,0
103855,35,27833,F,Casado,3,4,Mensual,Si,2,0
100542,66,27828,F,Casado,1,1,Mensual,Si,0,0
100027,61,27819,F,Soltero,0,0,Mensual,Si,0,0
103257,30,27816,M,Div/Sep/Viudo,2,5,Semanal,Si,3,1
103909,73,27808,F,Casado,3,3,Semanal,Si,1,1
103064,34,27796,M,Div/Sep/Viudo,2,6,Semanal,No,2,0
103861,36,27795,F,Casado,3,3,Semanal,Si,1,0
100122,22,27794,F,Soltero,0,0,Mensual,Si,0,0
100249,31,27793,F,Soltero,0,1,Mensual,Si,0,0
103430,37,27792,M,Div/Sep/Viudo,4,6,Semanal,Si,2,0
103314,44,27778,M,Div/Sep/Viudo,3,5,Semanal,No,3,1
103178,27,27745,M,Div/Sep/Viudo,4,5,Semanal,No,3,0
100208,30,27739,M,Soltero,0,0,Mensual,Si,0,0
103097,74,27736,F,Div/Sep/Viudo,4,5,Semanal,Si,2,1
103010,59,27723,M,Div/Sep/Viudo,4,5,Semanal,Si,3,1
100128,64,27706,M,Soltero,0,1,Mensual,Si,0,0
103407,38,27693,M,Div/Sep/Viudo,2,5,Semanal,No,2,0
103514,45,27678,F,Div/Sep/Viudo,4,6,Semanal,Si,2,0
103721,50,27676,F,Div/Sep/Viudo,2,5,Semanal,No,3,0
103165,73,27669,F,Div/Sep/Viudo,3,6,Semanal,No,3,0
103068,24,27661,M,Div/Sep/Viudo,3,6,Semanal,Si,3,0
100236,32,27658,M,Soltero,0,1,Mensual,Si,0,0
104067,43,27647,F,Casado,2,4,Mensual,Si,2,0
100135,40,27639,F,Soltero,0,0,Mensual,Si,0,0
103403,30,27637,M,Div/Sep/Viudo,3,6,Semanal,Si,3,1
100060,48,27632,F,Soltero,0,1,Mensual,Si,0,0
103800,33,27624,F,Casado,2,4,Semanal,Si,2,0
103897,39,27619,M,Casado,2,3,Mensual,Si,1,1
100206,47,27617,F,Soltero,0,1,Mensual,Si,0,1
100024,33,27605,F,Soltero,0,1,Mensual,Si,0,0
103511,53,27602,F,Div/Sep/Viudo,3,5,Semanal,No,2,1
103399,57,27596,M,Div/Sep/Viudo,3,5,Semanal,No,2,0
103645,30,27591,M,Div/Sep/Viudo,2,5,Semanal,No,2,0
103910,33,59880,M,Casado,3,3,Mensual,Si,2,0
100096,28,27580,M,Soltero,0,0,Mensual,Si,0,1
103975,39,37183,M,Casado,3,3,Semanal,Si,2,1
104041,44,27566,F,Casado,3,3,Semanal,Si,2,0
103250,35,27566,F,Div/Sep/Viudo,4,6,Semanal,Si,3,1
103482,44,27565,M,Div/Sep/Viudo,2,5,Semanal,No,2,0
103324,33,27553,F,Div/Sep/Viudo,4,6,Semanal,Si,2,0
104100,33,58117,M,Casado,2,4,Semanal,Si,1,0
103502,45,27539,M,Div/Sep/Viudo,2,6,Semanal,Si,2,0
104114,34,27535,F,Casado,2,3,Mensual,Si,1,0
100120,38,27530,F,Soltero,0,0,Mensual,Si,0,0
103060,46,27525,M,Div/Sep/Viudo,2,6,Semanal,Si,2,1
100183,43,27523,F,Soltero,0,1,Mensual,Si,0,1
103740,33,27519,M,Div/Sep/Viudo,3,6,Semanal,No,2,0
103867,60,27517,M,Casado,2,4,Semanal,Si,2,0
100084,23,27505,M,Soltero,0,1,Mensual,Si,0,1
103317,18,27486,F,Div/Sep/Viudo,4,6,Semanal,No,3,0
103343,49,27467,M,Div/Sep/Viudo,4,5,Semanal,No,3,0
104112,43,27457,F,Casado,3,3,Mensual,Si,1,0
100011,27,27457,M,Soltero,0,1,Mensual,Si,0,1
103650,41,27450,F,Div/Sep/Viudo,2,5,Semanal,No,3,0
103655,31,27438,M,Div/Sep/Viudo,4,5,Semanal,No,3,0
102924,47,27416,F,Div/Sep/Viudo,4,5,Semanal,No,2,1
103096,18,27404,F,Div/Sep/Viudo,3,6,Semanal,Si,3,1
103242,36,27402,F,Div/Sep/Viudo,3,6,Semanal,No,2,0
103767,32,27395,F,Casado,2,4,Semanal,Si,1,0
103726,53,27381,F,Div/Sep/Viudo,4,6,Semanal,Si,2,1
103964,22,27379,M,Casado,2,4,Semanal,Si,1,0
103938,40,27375,M,Casado,2,3,Mensual,Si,2,0
100051,48,27362,M,Soltero,0,0,Mensual,Si,0,1
103995,80,27353,M,Casado,2,4,Mensual,Si,1,1
103942,33,27344,F,Casado,3,3,Mensual,Si,2,0
100226,44,27334,F,Soltero,0,1,Mensual,Si,0,1
100020,22,27332,F,Soltero,0,0,Mensual,Si,0,0
103770,39,27290,F,Casado,3,3,Mensual,Si,1,0
103768,62,27289,M,Casado,2,3,Semanal,Si,1,1
103512,80,27286,M,Div/Sep/Viudo,3,6,Semanal,Si,2,1
103235,46,27283,F,Div/Sep/Viudo,4,6,Semanal,No,2,1
103245,23,27281,F,Div/Sep/Viudo,3,5,Semanal,No,2,0
103265,66,27270,M,Div/Sep/Viudo,3,6,Semanal,No,3,1
103898,23,27269,F,Casado,2,3,Mensual,Si,1,0
103573,26,27268,F,Div/Sep/Viudo,3,5,Semanal,No,3,0
103333,68,27267,M,Div/Sep/Viudo,4,6,Semanal,No,3,1
100080,38,27252,M,Soltero,0,0,Mensual,Si,0,0
103899,32,27233,F,Casado,3,4,Semanal,Si,1,0
103506,51,27196,F,Div/Sep/Viudo,4,6,Semanal,Si,3,1
103315,42,27195,M,Div/Sep/Viudo,3,6,Semanal,No,2,0
103088,59,27164,M,Div/Sep/Viudo,2,6,Semanal,Si,2,1
103236,42,27161,M,Div/Sep/Viudo,2,5,Semanal,Si,2,1
103577,43,27154,M,Div/Sep/Viudo,2,6,Semanal,Si,2,0
103902,58,27148,M,Casado,2,4,Mensual,Si,2,1
100156,38,27134,M,Soltero,0,1,Mensual,Si,0,0
103417,29,27133,M,Div/Sep/Viudo,2,5,Semanal,Si,2,0
103828,52,27128,M,Casado,3,4,Semanal,Si,2,1
103414,35,27127,F,Div/Sep/Viudo,4,5,Semanal,Si,3,1
100139,44,27110,F,Soltero,0,1,Mensual,Si,0,0
103337,21,27107,M,Div/Sep/Viudo,2,5,Semanal,No,3,1
102904,37,27105,M,Div/Sep/Viudo,2,5,Semanal,Si,3,1
100302,32,27105,F,Casado,0,2,Mensual,Si,1,0
103737,21,36968,M,Div/Sep/Viudo,2,6,Semanal,Si,3,1
100197,38,27092,F,Soltero,0,1,Mensual,Si,0,0
103906,38,27089,F,Casado,2,4,Semanal,Si,1,0
103500,45,27086,M,Div/Sep/Viudo,2,5,Semanal,No,2,1
104042,61,27077,M,Casado,2,4,Semanal,Si,1,0
103860,57,27077,F,Casado,3,4,Mensual,Si,1,0
103572,33,27076,M,Div/Sep/Viudo,3,5,Semanal,No,3,0
100248,42,27070,M,Soltero,0,0,Mensual,Si,0,0
104076,48,27068,F,Casado,3,4,Mensual,Si,2,1
102913,33,27061,F,Div/Sep/Viudo,4,6,Semanal,Si,3,0
103591,24,27046,M,Div/Sep/Viudo,3,5,Semanal,No,2,0
103594,36,27045,F,Div/Sep/Viudo,4,5,Semanal,No,3,0
103801,62,27043,F,Casado,3,4,Semanal,Si,1,1
103342,24,27035,M,Div/Sep/Viudo,4,5,Semanal,Si,3,0
103233,28,27030,F,Div/Sep/Viudo,4,5,Semanal,No,3,1
100086,29,27026,M,Soltero,0,0,Mensual,Si,0,0
104043,28,27016,M,Casado,2,4,Semanal,Si,1,0
103241,51,27015,M,Div/Sep/Viudo,3,6,Semanal,Si,2,0
103093,31,27012,F,Div/Sep/Viudo,4,5,Semanal,No,2,0
103170,52,27008,F,Div/Sep/Viudo,4,6,Semanal,No,2,1
100215,40,27004,F,Soltero,0,0,Mensual,Si,0,0
102982,22,26976,M,Div/Sep/Viudo,3,5,Semanal,Si,2,1
104073,34,26968,M,Casado,3,4,Semanal,Si,1,0
103256,58,26967,F,Div/Sep/Viudo,4,6,Semanal,No,2,1
103176,42,26956,F,Div/Sep/Viudo,3,6,Semanal,No,3,0
103654,35,26952,F,Div/Sep/Viudo,4,5,Semanal,No,2,0
100054,63,26947,F,Soltero,0,1,Mensual,Si,0,0
103174,27,26943,F,Div/Sep/Viudo,3,5,Semanal,No,2,0
100171,32,26916,M,Soltero,0,1,Mensual,Si,0,0
100123,55,26908,F,Soltero,0,1,Mensual,Si,0,1
104113,51,26905,M,Casado,2,4,Semanal,Si,2,0
103431,26,26900,F,Div/Sep/Viudo,4,6,Semanal,No,2,0
103835,47,26872,M,Casado,3,4,Mensual,Si,1,0
103087,31,26865,M,Div/Sep/Viudo,2,5,Semanal,No,2,0
103089,21,26848,F,Div/Sep/Viudo,2,6,Semanal,Si,3,1
102992,35,26826,F,Div/Sep/Viudo,3,6,Semanal,No,2,1
103078,82,26806,M,Div/Sep/Viudo,2,6,Semanal,Si,2,1
103584,58,26785,M,Div/Sep/Viudo,3,5,Semanal,No,3,0
100261,38,26782,F,Soltero,0,0,Mensual,Si,0,0
103946,23,26773,F,Casado,2,3,Mensual,Si,1,0
103930,21,26772,F,Casado,2,4,Mensual,Si,2,0
103001,40,26768,M,Div/Sep/Viudo,4,5,Semanal,No,3,1
103661,46,26766,F,Div/Sep/Viudo,2,5,Semanal,Si,2,0
102999,52,26750,M,Div/Sep/Viudo,4,5,Semanal,Si,2,0
104033,49,26747,M,Casado,2,3,Mensual,Si,2,1
104106,51,26746,F,Casado,2,4,Semanal,Si,1,0
103416,43,26741,F,Div/Sep/Viudo,4,5,Semanal,No,3,0
103005,62,26736,M,Div/Sep/Viudo,2,5,Semanal,No,2,1
103258,32,26725,F,Div/Sep/Viudo,2,5,Semanal,Si,3,1
103339,40,26723,M,Div/Sep/Viudo,2,6,Semanal,No,2,0
100186,22,26718,M,Soltero,0,0,Mensual,Si,0,0
103335,32,26710,F,Div/Sep/Viudo,2,5,Semanal,Si,2,0
103895,57,26701,M,Casado,3,4,Semanal,Si,1,0
103652,50,26700,F,Div/Sep/Viudo,3,5,Semanal,No,2,0
103063,20,26694,F,Div/Sep/Viudo,2,6,Semanal,No,3,0
103510,85,26664,F,Div/Sep/Viudo,2,6,Semanal,No,3,1
103338,42,26632,M,Div/Sep/Viudo,2,6,Semanal,Si,2,1
103323,42,26624,F,Div/Sep/Viudo,4,5,Semanal,No,2,0
100063,31,26602,M,Soltero,0,0,Mensual,Si,0,0
103772,34,26595,M,Casado,3,4,Mensual,Si,2,1
103671,41,26594,F,Div/Sep/Viudo,4,6,Semanal,Si,2,0
103940,49,26575,M,Casado,3,4,Mensual,Si,2,1
103859,44,46229,F,Casado,2,4,Semanal,Si,2,0
103724,32,26561,F,Div/Sep/Viudo,3,5,Semanal,No,2,0
103643,28,26551,M,Div/Sep/Viudo,4,6,Semanal,No,2,0
100163,28,26550,M,Soltero,0,0,Mensual,Si,0,0
103947,59,26542,M,Casado,3,4,Mensual,Si,2,0
100170,56,26539,M,Soltero,0,1,Mensual,Si,0,0
103944,47,26532,M,Casado,2,3,Semanal,Si,2,0
103173,59,26529,M,Div/Sep/Viudo,3,5,Semanal,Si,2,1
100203,37,26528,M,Soltero,0,1,Mensual,Si,0,0
103091,54,26492,F,Div/Sep/Viudo,3,5,Semanal,No,3,0
103017,48,26489,F,Div/Sep/Viudo,3,5,Semanal,No,3,1
100079,55,26485,F,Soltero,0,0,Mensual,Si,0,0
103903,27,26476,F,Casado,2,3,Mensual,Si,1,0
103896,19,26430,F,Casado,3,3,Mensual,Si,1,0
104110,43,26417,F,Casado,3,4,Semanal,Si,1,0
103798,34,26416,F,Casado,3,3,Mensual,Si,1,0
103583,20,26415,M,Div/Sep/Viudo,2,6,Semanal,Si,3,1
102908,63,26411,F,Div/Sep/Viudo,3,5,Semanal,No,3,1
103832,56,34457,M,Casado,2,3,Semanal,Si,1,0
104039,45,26406,F,Casado,2,4,Mensual,Si,1,0
103595,29,26396,M,Div/Sep/Viudo,4,6,Semanal,No,2,0
103716,22,26383,F,Div/Sep/Viudo,4,5,Semanal,Si,3,1
103831,20,26375,F,Casado,3,3,Semanal,Si,1,0
103331,32,26372,M,Div/Sep/Viudo,4,5,Semanal,No,2,0
103670,51,26352,F,Div/Sep/Viudo,4,5,Semanal,No,3,1
103585,35,26344,M,Div/Sep/Viudo,3,6,Semanal,No,2,1
102914,47,26332,M,Div/Sep/Viudo,4,6,Semanal,No,3,0
103319,48,26307,F,Div/Sep/Viudo,2,5,Semanal,No,2,0
103649,51,26291,M,Div/Sep/Viudo,4,6,Semanal,Si,2,0
103496,21,26256,M,Div/Sep/Viudo,2,5,Semanal,Si,2,1
102931,30,26252,M,Div/Sep/Viudo,4,5,Semanal,No,3,0
103963,47,26247,M,Casado,3,3,Semanal,Si,1,0
103730,70,26245,F,Div/Sep/Viudo,4,5,Semanal,No,2,1
100136,61,26243,F,Soltero,0,0,Mensual,Si,0,0
103598,44,26238,M,Div/Sep/Viudo,4,5,Semanal,Si,2,0
103415,64,26238,M,Div/Sep/Viudo,4,5,Semanal,No,2,0
103240,44,26233,M,Div/Sep/Viudo,3,6,Semanal,Si,3,1
103904,23,26231,M,Casado,3,4,Semanal,Si,2,0
100056,50,26231,M,Soltero,0,0,Mensual,Si,0,0
103993,62,26218,F,Casado,2,4,Semanal,Si,2,0
103008,79,26203,F,Div/Sep/Viudo,3,5,Semanal,Si,2,1
103596,32,26193,F,Div/Sep/Viudo,2,5,Semanal,No,2,0
103943,26,26191,F,Casado,2,4,Mensual,Si,2,1
103571,54,26189,F,Div/Sep/Viudo,3,5,Semanal,No,3,0
103996,46,26184,F,Casado,2,3,Mensual,Si,1,0
102989,44,26180,M,Div/Sep/Viudo,2,5,Semanal,No,3,0
104040,64,26178,M,Casado,3,4,Mensual,Si,1,0
103392,54,26178,M,Div/Sep/Viudo,2,5,Semanal,Si,3,1
103729,48,26176,F,Div/Sep/Viudo,2,6,Semanal,No,3,1
100021,33,26175,F,Soltero,0,1,Mensual,Si,0,0
104038,52,26173,F,Casado,2,4,Semanal,Si,2,1
103157,26,26166,M,Div/Sep/Viudo,3,5,Semanal,No,3,0
103487,44,26156,M,Div/Sep/Viudo,2,5,Semanal,Si,3,0
103480,39,26152,F,Div/Sep/Viudo,2,5,Semanal,Si,3,0
103095,23,26150,F,Div/Sep/Viudo,2,5,Semanal,No,2,0
103498,46,26147,M,Div/Sep/Viudo,2,5,Semanal,Si,2,0
103166,32,26144,M,Div/Sep/Viudo,4,5,Semanal,Si,3,0
103653,46,26140,M,Div/Sep/Viudo,3,6,Semanal,Si,3,1
103581,28,26134,F,Div/Sep/Viudo,2,5,Semanal,Si,3,0
103574,54,26129,M,Div/Sep/Viudo,3,6,Semanal,No,3,0
103948,74,26125,F,Casado,3,3,Semanal,Si,1,1
103086,26,26120,M,Div/Sep/Viudo,2,5,Semanal,Si,2,0
102919,28,26120,M,Div/Sep/Viudo,2,5,Semanal,No,2,0
103000,25,26098,F,Div/Sep/Viudo,4,5,Semanal,No,3,0
103073,36,26094,M,Div/Sep/Viudo,3,6,Semanal,Si,3,0
103313,45,26089,M,Div/Sep/Viudo,2,6,Semanal,No,3,0
103593,51,26087,F,Div/Sep/Viudo,3,6,Semanal,No,2,0
103508,43,26081,F,Div/Sep/Viudo,2,5,Semanal,No,3,1
103153,50,26079,F,Div/Sep/Viudo,4,5,Semanal,No,3,0
100073,38,26077,F,Soltero,0,0,Mensual,Si,0,0
103171,32,26065,F,Div/Sep/Viudo,2,6,Semanal,No,2,0
103495,28,26060,M,Div/Sep/Viudo,4,6,Semanal,No,2,0
103094,37,26056,F,Div/Sep/Viudo,4,6,Semanal,Si,2,0
102932,28,26051,M,Div/Sep/Viudo,4,6,Semanal,No,3,0
103312,45,26043,F,Div/Sep/Viudo,2,5,Semanal,No,2,0
102993,28,26030,M,Div/Sep/Viudo,4,5,Semanal,No,2,0
100169,33,26028,M,Soltero,0,0,Mensual,Si,0,0
104001,59,26023,M,Casado,2,4,Mensual,Si,1,0
103666,62,26009,F,Div/Sep/Viudo,2,6,Semanal,Si,3,0
100140,61,26009,M,Soltero,0,1,Mensual,Si,0,1
104069,38,26003,F,Casado,3,4,Semanal,Si,2,0
102903,32,26002,F,Div/Sep/Viudo,2,5,Semanal,Si,2,0
100005,47,25991,M,Soltero,0,0,Mensual,Si,0,0
103254,29,25971,F,Div/Sep/Viudo,4,5,Semanal,No,3,0
103932,52,25970,M,Casado,3,3,Mensual,Si,2,1
100039,31,25935,M,Soltero,0,1,Mensual,Si,0,1
100066,36,25933,F,Soltero,0,1,Mensual,Si,0,0
103003,53,25931,F,Div/Sep/Viudo,4,6,Semanal,No,3,0
104032,22,25920,F,Casado,2,4,Semanal,Si,2,0
103866,32,25916,M,Casado,3,3,Semanal,Si,1,0
103934,45,25915,F,Casado,3,3,Mensual,Si,2,1
100147,49,25912,F,Soltero,0,0,Mensual,Si,0,1
103900,46,25901,F,Casado,3,4,Mensual,Si,2,1
104117,36,25884,F,Casado,2,3,Semanal,Si,1,0
103734,55,25872,F,Div/Sep/Viudo,4,6,Semanal,No,2,1
103167,28,25863,M,Div/Sep/Viudo,2,6,Semanal,Si,3,1
104044,27,25848,M,Casado,2,4,Semanal,Si,2,0
103172,45,25838,F,Div/Sep/Viudo,2,6,Semanal,No,2,0
103834,27,25826,F,Casado,3,4,Semanal,Si,1,0
103340,76,25801,M,Div/Sep/Viudo,3,5,Semanal,No,2,1
102911,32,25785,M,Div/Sep/Viudo,2,5,Semanal,No,3,0
100151,54,25771,F,Soltero,0,0,Mensual,Si,0,0
103330,26,25768,F,Div/Sep/Viudo,3,6,Semanal,Si,3,1
100211,68,25753,F,Soltero,0,0,Mensual,Si,0,0
100098,39,25747,F,Soltero,0,1,Mensual,Si,0,0
103994,32,25730,F,Casado,3,3,Mensual,Si,1,0
103941,35,25728,M,Casado,2,3,Semanal,Si,1,0
100035,30,25727,M,Soltero,0,1,Mensual,Si,0,0
103260,36,25725,M,Div/Sep/Viudo,2,6,Semanal,Si,2,0
103244,26,25718,F,Div/Sep/Viudo,2,5,Semanal,Si,2,1
104108,32,25707,F,Casado,2,3,Semanal,Si,1,0
103668,54,25698,F,Div/Sep/Viudo,3,6,Semanal,No,2,1
104074,42,25687,M,Casado,3,4,Mensual,Si,2,0
103945,28,25678,F,Casado,2,3,Semanal,Si,2,0
102928,37,25678,F,Div/Sep/Viudo,2,6,Semanal,Si,3,0
103255,62,25666,M,Div/Sep/Viudo,4,5,Semanal,No,2,1
104034,33,25659,M,Casado,3,3,Semanal,Si,1,0
103969,27,25654,M,Casado,3,3,Mensual,Si,1,0
103648,48,25651,F,Div/Sep/Viudo,3,5,Semanal,No,3,0
103404,20,25643,F,Div/Sep/Viudo,4,5,Semanal,No,2,0
104101,35,25629,M,Casado,2,4,Mensual,Si,1,0
104035,64,25613,F,Casado,2,4,Semanal,Si,1,1
102921,36,25607,F,Div/Sep/Viudo,2,6,Semanal,Si,3,0
102905,56,25576,F,Div/Sep/Viudo,2,5,Semanal,No,2,0
103864,27,25563,F,Casado,2,3,Mensual,Si,1,1
103092,36,25560,M,Div/Sep/Viudo,3,6,Semanal,No,3,1
103231,34,25557,F,Div/Sep/Viudo,3,5,Semanal,Si,2,0
104103,47,25549,F,Casado,2,4,Mensual,Si,2,0
100217,40,25548,F,Soltero,0,0,Mensual,Si,0,0
103797,68,25541,F,Casado,2,3,Mensual,Si,1,0
103422,32,25537,F,Div/Sep/Viudo,3,6,Semanal,Si,3,1
103158,40,25529,F,Div/Sep/Viudo,3,6,Semanal,Si,3,1
103908,35,47558,M,Casado,2,3,Mensual,Si,1,0
103070,39,25517,M,Div/Sep/Viudo,2,5,Semanal,Si,3,1
103517,38,25505,F,Div/Sep/Viudo,3,5,Semanal,No,3,0
100087,29,25494,M,Soltero,0,1,Mensual,Si,0,0
103075,53,25483,F,Div/Sep/Viudo,4,6,Semanal,No,2,1
103150,31,25474,F,Div/Sep/Viudo,3,5,Semanal,Si,2,1
103081,30,25460,M,Div/Sep/Viudo,3,5,Semanal,No,3,1
102922,23,25422,M,Div/Sep/Viudo,3,5,Semanal,No,3,0
104007,32,25418,M,Casado,3,4,Mensual,Si,2,1
103504,31,25401,F,Div/Sep/Viudo,3,5,Semanal,Si,2,0
103974,21,25397,F,Casado,3,4,Semanal,Si,1,0
104037,36,47750,F,Casado,3,4,Mensual,Si,1,1
103651,67,25383,F,Div/Sep/Viudo,2,6,Semanal,No,3,1
103520,24,25382,F,Div/Sep/Viudo,4,5,Semanal,Si,2,1
103647,39,25361,M,Div/Sep/Viudo,2,6,Semanal,Si,3,0
104004,36,25361,M,Casado,2,3,Semanal,Si,2,0
104008,50,25342,M,Casado,3,3,Semanal,Si,2,0
103148,51,25327,F,Div/Sep/Viudo,2,6,Semanal,Si,3,1
104000,85,25319,F,Casado,2,4,Semanal,Si,1,1
103011,43,25318,M,Div/Sep/Viudo,4,5,Semanal,Si,3,1
103911,29,25302,M,Casado,3,3,Mensual,Si,1,1
103901,32,25289,M,Casado,2,4,Semanal,Si,2,0
103012,33,25288,M,Div/Sep/Viudo,2,5,Semanal,Si,2,0
103865,31,25280,F,Casado,2,3,Mensual,Si,2,0
103766,74,25279,M,Casado,2,4,Mensual,Si,2,0
100114,50,25276,F,Soltero,0,1,Mensual,Si,0,1
103079,47,25271,F,Div/Sep/Viudo,2,6,Semanal,No,3,1
103234,27,25263,F,Div/Sep/Viudo,4,6,Semanal,Si,3,0
103711,51,25199,F,Div/Sep/Viudo,3,5,Semanal,Si,2,1
103599,60,25190,F,Div/Sep/Viudo,4,5,Semanal,No,2,0
103243,36,25188,M,Div/Sep/Viudo,4,5,Semanal,No,3,0
103720,32,25180,M,Div/Sep/Viudo,2,5,Semanal,Si,3,0
104072,69,25178,F,Casado,2,3,Mensual,Si,2,0
103490,30,25126,M,Div/Sep/Viudo,2,6,Semanal,Si,2,1
103238,29,25124,F,Div/Sep/Viudo,3,5,Semanal,Si,2,0
103246,28,25124,F,Div/Sep/Viudo,3,6,Semanal,Si,2,0
103717,38,25098,M,Div/Sep/Viudo,4,5,Semanal,No,3,0
103336,43,25094,F,Div/Sep/Viudo,2,5,Semanal,Si,3,1
100026,56,25093,F,Soltero,0,1,Mensual,Si,0,0
102920,48,25060,M,Div/Sep/Viudo,2,5,Semanal,No,2,0
103710,48,25049,M,Div/Sep/Viudo,2,6,Semanal,Si,3,1
104046,64,25035,M,Casado,3,4,Semanal,Si,2,0
103997,28,25031,M,Casado,3,4,Semanal,Si,1,0
103230,24,25010,F,Div/Sep/Viudo,2,6,Semanal,No,3,0
102531,49,24999,M,Soltero,0,3,Semanal,Si,1,0
102687,37,24996,F,Soltero,1,3,Mensual,No,1,0
101270,56,24992,F,Casado,2,1,Semanal,Si,2,1
104062,39,24991,M,Casado,3,4,Mensual,Si,2,0
103787,31,24990,M,Casado,3,3,Mensual,Si,2,1
101042,49,24989,M,Casado,1,0,Mensual,Si,1,1
103928,40,24988,M,Casado,3,4,Semanal,Si,1,1
101352,39,24988,M,Casado,1,1,Semanal,Si,1,0
103053,85,24983,F,Div/Sep/Viudo,2,5,Semanal,Si,3,1
102670,62,24980,F,Soltero,1,1,Semanal,No,1,1
103040,52,24979,F,Div/Sep/Viudo,2,5,Semanal,Si,3,1
102397,41,24979,F,Soltero,1,1,Semanal,Si,1,0
103298,40,39086,F,Div/Sep/Viudo,4,6,Semanal,No,3,1
100932,35,24974,M,Casado,2,0,Semanal,Si,1,0
102506,42,24974,M,Soltero,1,1,Semanal,Si,1,0
101568,33,47846,M,Casado,2,2,Mensual,Si,1,0
102975,26,24970,F,Div/Sep/Viudo,3,5,Semanal,No,3,1
102411,38,24968,F,Soltero,0,2,Semanal,Si,1,1
102069,44,35784,M,Soltero,0,3,Semanal,Si,1,0
102267,57,24967,M,Soltero,1,3,Semanal,No,1,1
101408,29,24961,M,Casado,2,1,Mensual,Si,1,0
102806,40,24959,M,Soltero,0,1,Mensual,Si,1,0
102497,48,24958,M,Soltero,0,1,Mensual,Si,1,0
101824,47,24956,F,Casado,2,2,Mensual,Si,1,0
103757,72,24954,F,Casado,3,3,Semanal,Si,2,1
102235,35,24954,M,Soltero,0,1,Mensual,Si,1,0
103556,29,24951,F,Div/Sep/Viudo,3,5,Semanal,No,3,1
101214,41,24945,M,Casado,1,2,Semanal,Si,1,0
101495,36,24944,M,Casado,1,0,Mensual,Si,2,0
102389,34,24943,M,Soltero,1,1,Mensual,Si,1,0
102526,32,24942,F,Soltero,1,3,Semanal,No,1,0
102862,44,24941,M,Soltero,0,2,Mensual,Si,1,0
101791,31,24939,F,Casado,1,0,Semanal,Si,2,0
100906,52,24939,F,Casado,2,2,Mensual,Si,2,0
102089,51,24939,M,Soltero,1,1,Semanal,No,1,0
102683,45,24938,F,Soltero,0,2,Mensual,Si,1,0
103133,28,24933,F,Div/Sep/Viudo,2,6,Semanal,No,3,0
101956,43,24931,M,Casado,2,2,Mensual,Si,1,0
101498,58,24931,F,Casado,1,0,Semanal,Si,1,0
101052,53,24929,F,Casado,2,2,Semanal,Si,1,0
102216,50,24927,M,Soltero,0,2,Semanal,No,1,0
101249,39,24926,F,Casado,2,2,Semanal,Si,2,0
101370,39,24924,M,Casado,2,0,Semanal,Si,2,0
101928,62,24921,F,Casado,1,2,Mensual,Si,1,1
101081,44,24920,M,Casado,2,1,Mensual,Si,1,0
103379,44,24919,M,Div/Sep/Viudo,2,6,Semanal,Si,2,1
103632,85,24916,F,Div/Sep/Viudo,2,6,Semanal,Si,2,1
101821,35,24914,M,Casado,1,2,Semanal,Si,1,0
101056,21,24913,M,Casado,2,1,Mensual,Si,1,0
101937,37,24913,M,Casado,1,2,Semanal,Si,1,0
102230,38,24911,M,Soltero,0,2,Mensual,No,1,0
101540,43,24910,M,Casado,2,1,Semanal,Si,2,1
102252,47,24907,F,Soltero,0,2,Mensual,No,1,1
102674,21,24905,F,Soltero,1,3,Mensual,No,1,1
102808,48,24904,M,Soltero,0,1,Semanal,No,1,1
100893,38,33706,M,Casado,2,1,Mensual,Si,1,1
102677,36,24903,M,Soltero,0,2,Semanal,No,1,0
103383,23,24892,M,Div/Sep/Viudo,4,5,Semanal,No,3,0
104029,68,24890,F,Casado,3,3,Semanal,Si,2,1
103694,34,24887,M,Div/Sep/Viudo,2,6,Semanal,No,2,0
101228,50,24886,M,Casado,1,2,Mensual,Si,1,1
103128,29,24877,F,Div/Sep/Viudo,3,6,Semanal,Si,2,1
101790,44,24877,M,Casado,1,0,Mensual,Si,2,0
101093,36,24877,M,Casado,1,0,Mensual,Si,2,0
102826,50,24870,F,Soltero,0,1,Mensual,No,1,0
101559,35,24863,F,Casado,2,0,Mensual,Si,2,0
102981,29,24862,M,Div/Sep/Viudo,4,6,Semanal,No,3,1
102836,39,24860,F,Soltero,1,3,Mensual,No,1,0
102825,38,24858,M,Soltero,1,3,Semanal,No,1,0
101810,43,24854,F,Casado,1,1,Mensual,Si,2,1
102499,56,24854,F,Soltero,0,1,Semanal,Si,1,0
102546,27,24853,M,Soltero,0,1,Mensual,Si,1,0
103296,55,24839,M,Div/Sep/Viudo,4,6,Semanal,No,2,0
100927,26,24837,M,Casado,2,2,Semanal,Si,1,0
103054,49,24835,M,Div/Sep/Viudo,2,6,Semanal,Si,2,0
100912,50,24835,F,Casado,2,2,Mensual,Si,1,1
100944,33,24832,M,Casado,2,0,Semanal,Si,1,1
101381,30,24824,F,Casado,1,0,Mensual,Si,1,0
101924,29,24823,M,Casado,1,0,Mensual,Si,2,1
102819,40,24823,F,Soltero,0,3,Mensual,No,1,0
101373,51,24823,F,Casado,1,0,Semanal,Si,1,1
102368,37,24820,M,Soltero,0,1,Semanal,Si,1,0
102384,20,24819,F,Soltero,1,3,Mensual,Si,1,1
102702,32,24814,M,Soltero,1,1,Mensual,Si,1,0
103373,32,24809,M,Div/Sep/Viudo,2,6,Semanal,No,3,0
102403,47,24806,F,Soltero,1,1,Mensual,No,1,0
102564,48,24800,M,Soltero,0,2,Semanal,Si,1,0
103047,41,24798,F,Div/Sep/Viudo,3,5,Semanal,No,3,0
102691,55,24795,M,Soltero,0,3,Mensual,No,1,0
102980,56,24794,F,Div/Sep/Viudo,4,5,Semanal,No,3,1
102527,33,24794,F,Soltero,0,1,Mensual,Si,1,0
102672,29,24793,F,Soltero,1,2,Mensual,Si,1,0
102730,38,24791,F,Soltero,1,2,Mensual,No,1,0
101965,41,24789,M,Casado,2,2,Semanal,Si,2,0
101668,32,24787,F,Casado,2,2,Semanal,Si,2,0
100936,85,24787,F,Casado,1,1,Mensual,Si,2,1
102080,66,24780,F,Soltero,0,3,Semanal,Si,1,1
100923,31,24780,M,Casado,1,1,Mensual,Si,2,0
100939,27,24780,M,Casado,2,1,Mensual,Si,2,0
104066,31,24778,F,Casado,3,3,Semanal,Si,2,0
102363,57,24775,M,Soltero,1,1,Mensual,Si,1,0
101396,57,24775,M,Casado,1,1,Mensual,Si,1,0
102718,66,24774,F,Soltero,1,3,Mensual,No,1,0
102221,29,24770,M,Soltero,1,3,Mensual,No,1,0
100911,47,24769,M,Casado,2,0,Semanal,Si,1,0
101556,30,24766,M,Casado,1,2,Mensual,Si,1,0
103850,73,24764,F,Casado,2,4,Mensual,Si,2,1
101804,29,24762,M,Casado,1,1,Mensual,Si,1,0
101528,26,24758,M,Casado,1,2,Semanal,Si,1,0
102866,27,24756,M,Soltero,1,1,Mensual,Si,1,0
102114,39,24755,M,Soltero,1,3,Mensual,Si,1,0
101798,51,24755,F,Casado,1,0,Semanal,Si,1,0
101366,49,24753,F,Casado,2,0,Semanal,Si,2,1
101562,27,24751,F,Casado,1,1,Semanal,Si,2,1
103144,34,24749,M,Div/Sep/Viudo,4,5,Semanal,No,2,0
102692,33,24749,M,Soltero,1,1,Semanal,Si,1,0
101219,26,24748,F,Casado,1,2,Mensual,Si,1,1
102118,32,24745,M,Soltero,1,1,Semanal,No,1,0
102833,65,24741,M,Soltero,1,1,Semanal,No,1,1
101974,25,24740,M,Casado,2,0,Semanal,Si,1,1
102112,42,24738,F,Soltero,0,3,Semanal,No,1,0
103137,66,24734,F,Div/Sep/Viudo,4,5,Semanal,No,3,1
101659,64,24730,F,Casado,2,1,Semanal,Si,1,0
104028,74,24728,M,Casado,3,4,Semanal,Si,2,1
102123,44,24726,M,Soltero,0,2,Semanal,No,1,0
103782,46,24724,M,Casado,2,4,Semanal,Si,1,0
103297,33,24723,F,Div/Sep/Viudo,4,6,Semanal,No,2,0
103763,25,24723,M,Casado,2,3,Mensual,Si,1,0
100941,37,24722,F,Casado,2,2,Mensual,Si,2,0
101836,60,24719,F,Casado,1,0,Mensual,Si,1,0
103696,20,24718,M,Div/Sep/Viudo,3,6,Semanal,Si,3,1
101838,33,24718,F,Casado,1,1,Semanal,Si,1,0
101675,48,24718,F,Casado,1,0,Mensual,Si,2,1
102094,39,24717,F,Soltero,0,3,Semanal,No,1,0
102116,63,24715,M,Soltero,1,3,Semanal,No,1,1
101398,57,24711,M,Casado,1,2,Semanal,Si,1,1
101809,24,24709,M,Casado,1,0,Semanal,Si,1,0
101971,40,24708,F,Casado,1,2,Mensual,Si,2,1
100903,30,24707,M,Casado,1,2,Mensual,Si,1,0
101359,30,29110,M,Casado,2,2,Semanal,Si,2,0
103043,25,24703,F,Div/Sep/Viudo,3,6,Semanal,No,3,0
102511,43,24702,M,Soltero,0,2,Mensual,Si,1,0
103891,63,24701,F,Casado,2,3,Semanal,Si,1,0
101942,44,24698,M,Casado,1,2,Semanal,Si,2,1
102528,24,24695,M,Soltero,0,1,Mensual,No,1,0
101685,38,24695,M,Casado,1,1,Semanal,Si,1,0
102547,47,24692,M,Soltero,0,1,Mensual,No,1,1
101569,37,24692,F,Casado,2,2,Semanal,Si,1,0
101656,44,24685,F,Casado,2,0,Semanal,Si,1,0
100891,31,24682,F,Casado,1,1,Mensual,Si,1,0
101504,36,24676,F,Casado,1,0,Mensual,Si,1,0
102270,35,24675,M,Soltero,0,1,Semanal,Si,1,0
102694,68,24674,F,Soltero,1,3,Mensual,No,1,0
101647,27,24674,M,Casado,1,1,Semanal,Si,1,1
101062,21,24673,M,Casado,2,0,Semanal,Si,1,0
104056,66,24668,F,Casado,3,3,Mensual,Si,2,1
103820,41,24668,F,Casado,3,3,Semanal,Si,1,0
102970,26,24665,M,Div/Sep/Viudo,4,5,Semanal,Si,2,1
101694,55,24665,F,Casado,1,2,Mensual,Si,2,0
101527,49,24661,F,Casado,1,2,Mensual,Si,1,1
102888,73,24660,M,Div/Sep/Viudo,3,6,Semanal,Si,2,1
102570,42,24659,F,Soltero,1,3,Mensual,Si,1,0
102855,85,24657,F,Soltero,0,1,Semanal,No,1,1
101696,38,24656,F,Casado,1,2,Mensual,Si,1,0
101390,49,24656,F,Casado,1,0,Mensual,Si,2,0
103637,51,24651,F,Div/Sep/Viudo,3,5,Semanal,Si,3,0
101703,85,24650,F,Casado,2,2,Semanal,Si,2,1
101843,34,24646,F,Casado,1,0,Mensual,Si,2,0
102251,33,24644,M,Soltero,1,2,Semanal,Si,1,0
101265,52,24643,F,Casado,2,0,Mensual,Si,2,1
101661,25,24642,F,Casado,2,2,Mensual,Si,1,0
101523,30,24642,M,Casado,2,2,Semanal,Si,1,0
102727,37,24641,F,Soltero,0,3,Semanal,Si,1,0
101968,72,24639,F,Casado,1,1,Mensual,Si,1,0
101501,52,24639,F,Casado,2,0,Mensual,Si,1,0
101073,40,24637,F,Casado,2,0,Semanal,Si,1,0
101549,32,52867,F,Casado,2,1,Mensual,Si,2,0
101803,85,24634,M,Casado,2,2,Mensual,Si,2,1
101208,38,24633,M,Casado,2,1,Mensual,Si,2,1
103044,30,24632,M,Div/Sep/Viudo,4,6,Semanal,Si,3,1
102371,85,24632,M,Soltero,0,3,Semanal,No,1,1
103923,26,24630,M,Casado,2,4,Semanal,Si,2,1
102392,64,24629,M,Soltero,1,3,Semanal,Si,1,0
102424,39,24626,M,Soltero,1,3,Semanal,No,1,1
102086,52,24626,F,Soltero,0,3,Semanal,Si,1,0
101377,48,24624,F,Casado,1,2,Mensual,Si,2,0
101395,52,24622,M,Casado,2,0,Semanal,Si,2,0
103788,85,24618,F,Casado,2,3,Mensual,Si,1,1
102669,85,24617,F,Soltero,0,3,Mensual,No,1,0
102856,31,24613,F,Soltero,0,2,Mensual,Si,1,0
101386,47,24613,F,Casado,2,1,Mensual,Si,1,1
102551,23,24612,F,Soltero,0,3,Semanal,Si,1,0
101679,54,24610,M,Casado,2,0,Semanal,Si,1,0
101795,59,24608,F,Casado,2,2,Mensual,Si,2,0
102237,21,24608,M,Soltero,0,2,Semanal,No,1,0
102257,39,24600,F,Soltero,1,2,Mensual,No,1,0
102696,52,24597,F,Soltero,0,1,Mensual,No,1,1
102124,45,24597,F,Soltero,0,3,Mensual,No,1,0
101641,26,24596,M,Casado,1,2,Semanal,Si,1,1
102103,26,24593,M,Soltero,0,2,Mensual,No,1,0
102724,37,24591,F,Soltero,0,2,Mensual,No,1,0
102418,34,24587,F,Soltero,0,1,Semanal,Si,1,0
101357,35,24584,M,Casado,2,1,Mensual,Si,1,0
102067,25,24582,M,Soltero,0,2,Mensual,Si,1,0
101935,40,24580,M,Casado,1,2,Mensual,Si,1,0
102259,72,24579,F,Soltero,1,3,Semanal,No,1,1
102542,26,24577,F,Soltero,1,1,Semanal,Si,1,0
101806,36,24577,M,Casado,1,2,Semanal,Si,1,0
102575,49,24572,F,Soltero,1,1,Mensual,No,1,1
102700,23,24571,M,Soltero,1,3,Semanal,Si,1,0
102521,40,24570,M,Soltero,0,2,Semanal,Si,1,0
103695,58,24566,M,Div/Sep/Viudo,3,5,Semanal,No,3,0
103692,28,24564,M,Div/Sep/Viudo,2,5,Semanal,Si,2,0
102714,41,24564,M,Soltero,0,3,Mensual,No,1,1
104064,57,24561,M,Casado,3,4,Semanal,Si,2,1
101802,85,24560,M,Casado,2,1,Mensual,Si,2,1
101383,40,24560,F,Casado,1,2,Mensual,Si,1,0
101670,30,49594,M,Casado,1,0,Mensual,Si,1,0
102081,22,24558,M,Soltero,1,1,Semanal,Si,1,0
103215,30,24557,F,Div/Sep/Viudo,2,6,Semanal,No,3,1
100940,24,24557,F,Casado,2,1,Semanal,Si,2,0
100937,75,24555,F,Casado,1,2,Semanal,Si,2,1
101688,55,24554,F,Casado,1,0,Semanal,Si,2,1
102376,26,24551,F,Soltero,0,1,Semanal,Si,1,0
103708,30,24549,M,Div/Sep/Viudo,4,5,Semanal,Si,2,1
103371,40,24549,F,Div/Sep/Viudo,2,5,Semanal,No,2,1
101353,58,24545,F,Casado,1,1,Semanal,Si,2,1
103821,47,24540,M,Casado,3,3,Semanal,Si,2,1
101642,46,24539,F,Casado,2,0,Semanal,Si,2,0
101852,42,24538,M,Casado,2,2,Semanal,Si,1,1
102901,27,24537,F,Div/Sep/Viudo,3,5,Semanal,Si,2,0
102512,40,24535,M,Soltero,0,2,Mensual,Si,1,0
101543,39,24535,M,Casado,1,0,Semanal,Si,2,1
101218,24,24532,M,Casado,1,1,Semanal,Si,1,0
101253,74,24530,F,Casado,2,0,Mensual,Si,2,0
102387,32,24529,F,Soltero,0,3,Mensual,Si,1,0
103700,25,28031,F,Div/Sep/Viudo,3,5,Semanal,Si,2,0
103304,33,24528,M,Div/Sep/Viudo,4,5,Semanal,No,2,0
103814,36,24528,F,Casado,2,4,Semanal,Si,1,0
102846,38,24527,M,Soltero,1,2,Mensual,Si,1,0
101649,35,24527,M,Casado,1,2,Semanal,Si,2,0
103547,39,24526,F,Div/Sep/Viudo,2,5,Semanal,No,3,0
102107,41,24526,M,Soltero,0,1,Mensual,Si,1,1
100930,41,24525,F,Casado,1,0,Semanal,Si,1,0
101674,45,24520,F,Casado,2,1,Mensual,Si,2,1
103760,47,24519,F,Casado,2,4,Mensual,Si,2,1
101222,47,24519,M,Casado,1,2,Semanal,Si,1,1
101266,52,24519,F,Casado,2,0,Semanal,Si,1,1
102087,30,24518,F,Soltero,0,3,Semanal,No,1,0
101825,31,24517,M,Casado,2,2,Semanal,Si,1,0
103922,58,24516,F,Casado,3,3,Mensual,Si,2,1
103385,34,24515,M,Div/Sep/Viudo,2,5,Semanal,No,2,0
102396,37,24515,F,Soltero,0,3,Mensual,Si,1,0
101697,36,24512,F,Casado,1,2,Semanal,Si,2,1
102233,85,24512,M,Soltero,1,1,Mensual,No,1,1
101405,29,24512,F,Casado,2,2,Semanal,Si,2,0
104020,29,24511,F,Casado,2,3,Semanal,Si,2,0
103627,39,24510,M,Div/Sep/Viudo,3,5,Semanal,Si,3,1
101226,37,24508,F,Casado,1,0,Semanal,Si,1,0
102265,26,24505,F,Soltero,1,2,Mensual,Si,1,0
100921,38,24504,M,Casado,2,0,Semanal,Si,2,0
102215,39,38416,F,Soltero,0,2,Mensual,Si,1,0
101250,33,24499,F,Casado,1,0,Mensual,Si,2,0
101535,37,24497,F,Casado,1,2,Semanal,Si,1,0
101067,30,24497,M,Casado,2,2,Semanal,Si,1,1
101230,26,24490,M,Casado,1,2,Semanal,Si,2,0
102805,34,24489,F,Soltero,1,3,Semanal,No,1,0
103638,28,24487,M,Div/Sep/Viudo,3,5,Semanal,No,2,0
101796,25,24484,F,Casado,2,2,Semanal,Si,1,0
101934,22,24484,F,Casado,1,1,Semanal,Si,2,0
103474,43,24479,M,Div/Sep/Viudo,3,5,Semanal,No,2,0
101564,33,24479,F,Casado,1,2,Mensual,Si,1,0
103641,58,24478,F,Div/Sep/Viudo,4,6,Semanal,Si,2,1
102417,34,24472,M,Soltero,0,1,Mensual,No,1,0
101403,42,24469,F,Casado,2,2,Semanal,Si,1,1
101043,31,24469,F,Casado,1,0,Mensual,Si,2,0
103226,39,24466,F,Div/Sep/Viudo,4,5,Semanal,No,2,1
101096,22,24465,F,Casado,1,2,Mensual,Si,1,0
102402,33,24464,M,Soltero,1,1,Mensual,No,1,0
101699,29,24462,F,Casado,2,1,Mensual,Si,1,0
101225,56,38656,F,Casado,2,2,Semanal,Si,1,0
102573,41,24460,F,Soltero,0,3,Semanal,Si,1,0
100926,53,24454,M,Casado,2,2,Mensual,Si,2,0
101544,61,24453,M,Casado,1,0,Semanal,Si,1,0
101273,33,24452,F,Casado,2,2,Semanal,Si,1,0
100890,41,24451,F,Casado,1,1,Mensual,Si,2,1
102110,27,24450,F,Soltero,0,2,Mensual,No,1,0
101969,45,24443,M,Casado,1,1,Semanal,Si,1,0
103764,47,24437,F,Casado,2,3,Mensual,Si,1,0
102505,44,40912,F,Soltero,0,3,Semanal,No,1,1
100934,33,24429,F,Casado,2,2,Semanal,Si,2,1
101940,77,24428,F,Casado,2,2,Semanal,Si,2,0
103132,39,24426,F,Div/Sep/Viudo,2,5,Semanal,No,3,0
102072,27,24421,M,Soltero,1,2,Semanal,No,1,0
101695,49,24419,F,Casado,1,2,Mensual,Si,2,0
101967,57,24414,F,Casado,1,0,Semanal,Si,2,1
103377,27,24411,F,Div/Sep/Viudo,4,6,Semanal,No,3,1
100935,36,24405,M,Casado,1,0,Mensual,Si,1,0
101368,24,24397,F,Casado,1,1,Mensual,Si,2,1
102572,62,24397,F,Soltero,0,2,Mensual,Si,1,0
102268,38,24394,M,Soltero,0,1,Semanal,Si,1,1
102893,29,24392,F,Div/Sep/Viudo,3,5,Semanal,Si,2,1
103631,57,24390,M,Div/Sep/Viudo,2,5,Semanal,Si,2,1
101360,39,24388,F,Casado,1,0,Mensual,Si,1,0
103142,54,24387,F,Div/Sep/Viudo,2,6,Semanal,Si,3,1
102530,46,24384,M,Soltero,0,3,Mensual,No,1,0
103555,28,24381,M,Div/Sep/Viudo,2,5,Semanal,No,3,0
101846,32,24380,F,Casado,1,2,Mensual,Si,1,0
102536,29,24377,F,Soltero,0,1,Semanal,No,1,0
102554,26,24377,F,Soltero,1,2,Semanal,No,1,0
101522,23,24377,M,Casado,2,0,Semanal,Si,2,1
102567,85,24376,F,Soltero,1,1,Mensual,Si,1,1
103634,43,24374,M,Div/Sep/Viudo,4,6,Semanal,Si,3,0
102685,46,24374,F,Soltero,1,1,Mensual,No,1,0
102801,60,24374,M,Soltero,1,2,Mensual,Si,1,1
103472,32,24373,F,Div/Sep/Viudo,3,6,Semanal,No,3,1
101258,25,24372,F,Casado,1,0,Semanal,Si,1,0
103216,52,24371,M,Div/Sep/Viudo,2,6,Semanal,No,3,0
101384,26,24364,F,Casado,1,2,Semanal,Si,1,0
102971,51,24363,M,Div/Sep/Viudo,4,5,Semanal,No,2,1
103558,24,24362,F,Div/Sep/Viudo,3,6,Semanal,No,2,0
102217,25,24362,F,Soltero,0,3,Mensual,No,1,0
101840,31,24356,M,Casado,2,0,Semanal,Si,1,0
101650,50,24355,F,Casado,2,0,Mensual,Si,1,0
102243,73,24355,F,Soltero,0,1,Mensual,No,1,1
101206,46,24351,M,Casado,2,0,Mensual,Si,2,0
101268,31,24350,F,Casado,2,1,Mensual,Si,2,0
101949,56,24348,F,Casado,2,0,Semanal,Si,2,1
103290,24,24345,M,Div/Sep/Viudo,2,6,Semanal,No,2,1
101057,28,24345,F,Casado,2,1,Semanal,Si,1,0
101269,40,24343,F,Casado,2,1,Semanal,Si,1,0
102104,52,24342,F,Soltero,0,2,Semanal,No,1,0
102823,36,24342,M,Soltero,1,3,Mensual,No,1,0
102688,35,24339,F,Soltero,0,1,Semanal,No,1,0
101372,36,24335,M,Casado,2,2,Mensual,Si,2,0
100922,59,24332,F,Casado,1,0,Semanal,Si,1,1
101065,30,24332,M,Casado,2,2,Mensual,Si,2,0
102896,28,24331,M,Div/Sep/Viudo,3,6,Semanal,No,3,1
101814,35,24331,F,Casado,2,0,Mensual,Si,2,0
101961,63,24330,M,Casado,1,0,Semanal,Si,2,0
101355,31,24328,M,Casado,1,2,Semanal,Si,2,1
103564,36,24327,M,Div/Sep/Viudo,3,5,Semanal,Si,2,0
101241,24,24322,M,Casado,1,0,Mensual,Si,2,1
102679,36,24317,F,Soltero,0,3,Semanal,Si,1,0
102540,43,24316,F,Soltero,0,3,Semanal,No,1,1
101098,26,24315,M,Casado,1,2,Semanal,Si,1,1
101818,59,24315,M,Casado,1,1,Mensual,Si,2,0
102254,42,24315,F,Soltero,0,3,Semanal,No,1,0
103465,32,24314,M,Div/Sep/Viudo,3,6,Semanal,No,3,1
103041,43,24313,F,Div/Sep/Viudo,3,5,Semanal,Si,2,1
100905,47,24313,M,Casado,2,0,Semanal,Si,1,0
101938,22,24312,F,Casado,2,0,Mensual,Si,2,1
101669,43,24312,F,Casado,2,2,Semanal,Si,1,0
102400,62,46914,M,Soltero,0,3,Semanal,Si,1,1
102726,30,24311,F,Soltero,0,3,Mensual,No,1,0
101816,33,24307,F,Casado,2,0,Semanal,Si,1,0
103218,34,24305,M,Div/Sep/Viudo,3,5,Semanal,No,2,0
103793,53,24304,M,Casado,2,4,Mensual,Si,1,0
102258,27,24300,M,Soltero,1,2,Semanal,No,1,0
100909,46,24297,F,Casado,1,2,Semanal,Si,2,1
101259,35,24296,F,Casado,1,0,Semanal,Si,1,0
102684,74,24295,M,Soltero,0,3,Mensual,No,1,0
103956,35,24293,F,Casado,3,3,Semanal,Si,1,1
102390,20,24292,M,Soltero,1,1,Semanal,Si,1,0
101097,50,24292,F,Casado,1,2,Mensual,Si,2,0
101651,45,24290,M,Casado,2,1,Mensual,Si,1,0
102095,42,24290,M,Soltero,1,1,Mensual,No,1,0
101076,61,24290,M,Casado,2,1,Semanal,Si,1,0
101092,23,24289,M,Casado,2,2,Mensual,Si,2,0
101503,28,24288,M,Casado,2,2,Mensual,Si,1,0
101243,38,24286,M,Casado,2,0,Mensual,Si,2,1
102817,41,24284,M,Soltero,0,3,Mensual,Si,1,0
103310,36,24281,F,Div/Sep/Viudo,4,5,Semanal,No,2,0
101570,24,24281,F,Casado,2,2,Semanal,Si,1,1
103625,33,24277,F,Div/Sep/Viudo,2,6,Semanal,No,2,0
103790,72,24271,F,Casado,3,3,Mensual,Si,2,1
101830,27,24271,M,Casado,1,0,Semanal,Si,2,0
103462,38,24269,F,Div/Sep/Viudo,2,6,Semanal,Si,3,1
101513,46,24268,M,Casado,1,1,Semanal,Si,1,0
101094,52,24258,M,Casado,1,0,Mensual,Si,2,1
102827,49,24255,M,Soltero,0,2,Mensual,Si,1,0
102559,32,24252,F,Soltero,0,2,Semanal,Si,1,0
101375,28,24252,F,Casado,1,1,Mensual,Si,1,0
101524,75,24250,F,Casado,2,2,Semanal,Si,1,1
102802,54,24248,M,Soltero,1,2,Mensual,No,1,1
101361,40,24247,M,Casado,1,1,Mensual,Si,2,0
102552,66,24246,M,Soltero,1,1,Mensual,No,1,0
101815,24,24245,F,Casado,2,0,Semanal,Si,1,0
101248,25,24245,M,Casado,2,2,Mensual,Si,1,0
103141,20,24244,F,Div/Sep/Viudo,2,5,Semanal,No,2,0
100933,41,24241,M,Casado,2,2,Mensual,Si,2,1
102120,41,24240,F,Soltero,1,2,Semanal,Si,1,0
101646,24,24236,F,Casado,2,2,Semanal,Si,1,0
102415,53,24231,F,Soltero,1,3,Semanal,No,1,0
102723,22,24229,M,Soltero,0,2,Mensual,No,1,0
102061,44,24228,M,Soltero,0,3,Semanal,Si,1,0
101829,48,24227,M,Casado,1,0,Semanal,Si,1,0
103628,41,24226,F,Div/Sep/Viudo,3,5,Semanal,Si,3,1
102362,24,24226,M,Soltero,0,3,Semanal,Si,1,1
102711,61,24225,F,Soltero,1,1,Semanal,No,1,1
102077,32,24221,M,Soltero,0,2,Mensual,Si,1,0
102253,32,24220,M,Soltero,0,3,Mensual,No,1,0
102972,30,24219,M,Div/Sep/Viudo,4,6,Semanal,Si,3,0
101095,50,24217,M,Casado,1,1,Semanal,Si,2,1
102818,32,24216,F,Soltero,0,3,Mensual,Si,1,0
103389,26,24211,M,Div/Sep/Viudo,4,5,Semanal,No,2,1
102102,56,24211,F,Soltero,0,1,Semanal,No,1,1
101643,38,51942,F,Casado,2,2,Mensual,Si,1,0
103960,57,24207,F,Casado,2,4,Semanal,Si,1,0
103785,39,24203,F,Casado,3,3,Semanal,Si,1,0
101053,30,24200,M,Casado,1,0,Mensual,Si,1,0
101079,22,24192,M,Casado,2,2,Semanal,Si,2,0
102560,41,24191,F,Soltero,1,1,Mensual,Si,1,0
100892,34,24184,M,Casado,2,0,Semanal,Si,2,0
102841,51,24182,F,Soltero,0,2,Semanal,Si,1,1
102277,31,24175,M,Soltero,1,3,Semanal,No,1,0
101091,45,24175,M,Casado,2,1,Semanal,Si,1,0
103042,38,24172,F,Div/Sep/Viudo,3,5,Semanal,No,3,0
101519,29,24171,M,Casado,2,2,Mensual,Si,1,0
102507,32,24164,M,Soltero,1,1,Semanal,No,1,0
101566,25,24164,M,Casado,1,2,Semanal,Si,2,0
103623,77,24162,F,Div/Sep/Viudo,2,5,Semanal,Si,2,1
102968,44,24160,F,Div/Sep/Viudo,2,6,Semanal,No,2,0
102807,24,24160,F,Soltero,0,1,Mensual,No,1,0
102563,75,24157,M,Soltero,0,2,Mensual,Si,1,1
103989,27,24152,M,Casado,3,3,Mensual,Si,1,0
101102,31,24151,F,Casado,2,1,Semanal,Si,1,0
101927,35,43955,M,Casado,1,1,Semanal,Si,1,0
101257,39,24149,M,Casado,2,0,Semanal,Si,1,0
102105,50,24148,M,Soltero,0,3,Semanal,Si,1,0
101837,21,24146,F,Casado,1,0,Semanal,Si,1,1
102274,39,24138,M,Soltero,1,1,Mensual,Si,1,1
102804,35,24137,M,Soltero,1,3,Mensual,No,1,0
101539,41,24136,M,Casado,2,1,Mensual,Si,2,0
101114,34,24135,F,Casado,2,2,Semanal,Si,1,0
102574,33,24134,F,Soltero,0,3,Semanal,Si,1,0
102844,37,24132,M,Soltero,1,1,Mensual,Si,1,1
102565,73,24131,F,Soltero,0,2,Semanal,No,1,1
101060,33,24127,F,Casado,1,1,Semanal,Si,2,1
103883,60,24121,F,Casado,3,4,Semanal,Si,1,1
101223,40,24118,F,Casado,1,2,Semanal,Si,2,0
103223,40,24115,F,Div/Sep/Viudo,2,6,Semanal,Si,3,0
102121,41,24112,M,Soltero,1,3,Mensual,Si,1,0
101546,46,24112,F,Casado,1,1,Semanal,Si,1,0
102503,34,24101,M,Soltero,0,2,Semanal,No,1,0
102803,58,24099,F,Soltero,1,2,Semanal,Si,1,0
102824,46,24098,F,Soltero,1,3,Semanal,No,1,0
101945,25,24097,F,Casado,1,1,Mensual,Si,1,0
101645,20,24092,M,Casado,2,2,Semanal,Si,2,0
103461,72,24081,F,Div/Sep/Viudo,2,5,Semanal,No,2,1
103145,42,24081,M,Div/Sep/Viudo,4,6,Semanal,Si,3,0
101240,25,24081,F,Casado,2,2,Semanal,Si,2,0
102820,33,24076,M,Soltero,0,3,Semanal,Si,1,0
102529,54,24076,M,Soltero,0,3,Mensual,No,1,1
102372,36,24074,M,Soltero,1,1,Semanal,No,1,1
103380,37,24072,F,Div/Sep/Viudo,2,6,Semanal,Si,3,1
103561,50,24071,M,Div/Sep/Viudo,2,5,Semanal,Si,2,1
103759,43,24071,M,Casado,2,4,Semanal,Si,1,0
102848,47,24069,F,Soltero,0,1,Mensual,No,1,0
102858,50,24067,F,Soltero,0,3,Semanal,No,1,0
101680,30,24061,M,Casado,2,0,Semanal,Si,2,0
101077,31,24058,M,Casado,2,1,Semanal,Si,2,0
103052,29,24057,F,Div/Sep/Viudo,4,6,Semanal,No,3,1
104055,31,24056,M,Casado,3,3,Mensual,Si,1,0
100943,37,24056,F,Casado,2,0,Mensual,Si,2,0
101511,38,24053,F,Casado,1,0,Mensual,Si,1,0
104094,65,24052,F,Casado,2,4,Semanal,Si,1,0
101512,42,24049,F,Casado,1,0,Mensual,Si,2,1
102837,37,24044,M,Soltero,1,3,Semanal,Si,1,0
102275,27,24042,F,Soltero,1,1,Mensual,Si,1,0
103374,34,24039,M,Div/Sep/Viudo,3,6,Semanal,No,3,0
103957,75,24039,M,Casado,3,3,Mensual,Si,1,1
103959,74,24039,F,Casado,3,4,Semanal,Si,1,1
103372,34,24037,F,Div/Sep/Viudo,2,5,Semanal,No,3,0
101112,23,24034,F,Casado,2,0,Semanal,Si,1,0
101667,33,24030,F,Casado,2,2,Mensual,Si,1,0
101962,65,24029,F,Casado,1,1,Mensual,Si,2,1
103550,37,24027,F,Div/Sep/Viudo,4,5,Semanal,No,2,1
103988,50,24025,F,Casado,3,3,Semanal,Si,1,1
101100,38,24019,F,Casado,2,0,Mensual,Si,1,0
103707,24,24017,M,Div/Sep/Viudo,3,6,Semanal,No,2,0
104058,39,24013,F,Casado,2,4,Semanal,Si,2,1
101087,53,24012,F,Casado,2,0,Mensual,Si,2,0
102550,31,24008,M,Soltero,0,3,Mensual,No,1,0
103892,52,24007,F,Casado,2,3,Mensual,Si,2,1
101565,40,24006,F,Casado,1,2,Semanal,Si,1,0
101793,51,24005,M,Casado,1,2,Mensual,Si,1,0
101687,43,24005,M,Casado,1,0,Mensual,Si,1,1
101951,28,24000,F,Casado,1,1,Semanal,Si,2,1
103299,34,23999,F,Div/Sep/Viudo,2,5,Semanal,Si,3,0
102716,34,23998,F,Soltero,0,3,Semanal,No,1,0
101354,31,23997,M,Casado,1,2,Mensual,Si,1,1
101089,42,23997,M,Casado,2,0,Semanal,Si,2,0
102682,81,23993,M,Soltero,1,3,Semanal,Si,1,0
102523,58,23992,M,Soltero,1,1,Semanal,Si,1,0
101397,61,23991,F,Casado,1,1,Semanal,Si,1,0
101260,30,23986,F,Casado,1,1,Mensual,Si,1,0
103214,62,23984,F,Div/Sep/Viudo,2,5,Semanal,Si,2,1
101678,71,23983,F,Casado,1,2,Mensual,Si,2,1
100897,30,23982,M,Casado,1,0,Semanal,Si,1,0
101812,45,23982,F,Casado,1,2,Mensual,Si,2,1
102218,46,23980,M,Soltero,0,3,Semanal,No,1,1
102225,35,23980,F,Soltero,0,2,Semanal,Si,1,0
100919,41,23978,F,Casado,2,0,Semanal,Si,2,0
102234,47,23975,F,Soltero,1,3,Mensual,No,1,0
101664,36,23969,F,Casado,2,0,Mensual,Si,1,0
102715,57,23965,M,Soltero,0,3,Mensual,No,1,0
103791,25,23964,F,Casado,2,4,Semanal,Si,1,0
101701,34,23955,F,Casado,2,1,Semanal,Si,1,0
101548,50,23953,F,Casado,1,2,Semanal,Si,1,0
103704,77,38897,F,Div/Sep/Viudo,2,6,Semanal,No,3,1
103927,58,23952,M,Casado,3,4,Mensual,Si,2,1
102556,41,23951,F,Soltero,1,3,Semanal,No,1,0
102555,37,23950,M,Soltero,1,3,Mensual,No,1,1
104065,35,23949,F,Casado,3,4,Mensual,Si,1,1
102519,35,23949,F,Soltero,1,2,Semanal,No,1,1
100900,22,23946,F,Casado,2,0,Mensual,Si,2,0
102811,76,23944,F,Soltero,0,3,Mensual,Si,1,1
103468,38,23940,M,Div/Sep/Viudo,2,5,Semanal,No,3,0
102976,29,23937,M,Div/Sep/Viudo,3,6,Semanal,Si,3,1
102242,45,23936,F,Soltero,1,3,Semanal,Si,1,1
101072,30,23933,M,Casado,2,0,Mensual,Si,1,0
100929,55,23928,F,Casado,1,0,Mensual,Si,1,1
102822,30,23923,M,Soltero,1,1,Mensual,Si,1,0
102681,51,23923,M,Soltero,1,2,Mensual,Si,1,1
101221,35,23921,M,Casado,1,2,Semanal,Si,1,0
101563,43,23919,M,Casado,1,1,Semanal,Si,1,0
102689,53,45487,M,Soltero,0,2,Mensual,No,1,0
102222,32,23912,M,Soltero,1,3,Semanal,No,1,0
103848,52,23910,F,Casado,2,4,Mensual,Si,2,0
101497,22,23909,M,Casado,1,0,Semanal,Si,2,1
101358,68,23909,M,Casado,2,2,Semanal,Si,1,0
102704,56,23906,F,Soltero,0,2,Mensual,Si,1,0
101063,37,23906,M,Casado,2,1,Mensual,Si,1,0
101813,60,23905,M,Casado,1,2,Mensual,Si,2,0
103045,58,23902,F,Div/Sep/Viudo,2,5,Semanal,Si,3,0
103888,39,23900,F,Casado,3,4,Semanal,Si,1,0
103217,38,23899,F,Div/Sep/Viudo,3,5,Semanal,No,3,1
103549,28,23898,M,Div/Sep/Viudo,3,5,Semanal,No,3,0
103140,39,23897,M,Div/Sep/Viudo,2,5,Semanal,No,3,0
102229,24,23894,M,Soltero,1,2,Semanal,Si,1,0
102406,51,23893,M,Soltero,1,2,Mensual,No,1,1
102367,52,23891,F,Soltero,0,1,Mensual,No,1,0
103885,22,23890,F,Casado,3,4,Mensual,Si,1,1
101517,65,23890,M,Casado,2,1,Mensual,Si,1,1
102091,31,23889,F,Soltero,1,3,Semanal,Si,1,0
101648,85,23885,F,Casado,1,2,Mensual,Si,2,0
101209,42,23882,F,Casado,1,0,Mensual,Si,2,0
102125,66,23875,M,Soltero,1,2,Mensual,Si,1,0
102902,28,23874,M,Div/Sep/Viudo,4,6,Semanal,No,2,0
103786,35,23871,M,Casado,3,3,Semanal,Si,2,0
103139,32,23861,M,Div/Sep/Viudo,2,5,Semanal,Si,3,0
101677,24,23861,F,Casado,1,1,Mensual,Si,1,0
101264,25,23860,M,Casado,2,0,Mensual,Si,1,0
101367,37,23857,M,Casado,2,1,Semanal,Si,2,0
102227,44,23854,F,Soltero,0,2,Semanal,No,1,0
101059,27,23853,F,Casado,1,0,Mensual,Si,1,0
102966,34,23851,F,Div/Sep/Viudo,2,5,Semanal,No,2,0
102504,30,23851,M,Soltero,0,3,Semanal,Si,1,0
104027,38,23850,M,Casado,2,4,Semanal,Si,1,0
102705,49,23848,M,Soltero,0,2,Mensual,No,1,1
101236,40,23848,M,Casado,2,1,Semanal,Si,2,0
102364,31,23845,M,Soltero,1,1,Mensual,Si,1,0
101690,57,23845,M,Casado,1,1,Semanal,Si,1,1
103884,44,23843,F,Casado,3,4,Semanal,Si,2,1
103469,40,23838,F,Div/Sep/Viudo,2,6,Semanal,Si,2,1
103301,27,23837,M,Div/Sep/Viudo,3,6,Semanal,Si,3,1
102977,54,23836,F,Div/Sep/Viudo,4,5,Semanal,Si,3,0
101653,46,23834,F,Casado,2,1,Semanal,Si,1,0
101404,46,23834,M,Casado,2,2,Semanal,Si,1,0
101210,36,23834,F,Casado,1,1,Semanal,Si,1,0
100910,33,23832,F,Casado,2,0,Mensual,Si,2,0
103893,76,23830,M,Casado,3,3,Mensual,Si,1,1
102577,33,23830,F,Soltero,1,2,Mensual,No,1,0
102545,26,23828,F,Soltero,1,3,Mensual,No,1,0
101926,41,23827,F,Casado,1,1,Mensual,Si,2,1
102579,38,23827,F,Soltero,1,2,Semanal,No,1,1
101229,58,23827,M,Casado,1,2,Mensual,Si,2,1
101382,36,23825,F,Casado,1,1,Semanal,Si,2,0
102239,49,23821,F,Soltero,1,2,Semanal,Si,1,1
101662,67,23820,M,Casado,1,1,Mensual,Si,2,1
101673,45,23819,F,Casado,2,0,Semanal,Si,1,0
102695,28,23816,F,Soltero,1,3,Semanal,No,1,0
101068,45,23816,F,Casado,1,0,Mensual,Si,2,0
101689,34,23812,F,Casado,1,0,Semanal,Si,2,0
103295,42,23808,M,Div/Sep/Viudo,4,6,Semanal,Si,3,1
102514,39,23808,F,Soltero,0,2,Semanal,No,1,0
102731,26,23807,M,Soltero,1,2,Semanal,No,1,0
104054,36,23806,F,Casado,3,4,Semanal,Si,2,0
103130,27,23805,F,Div/Sep/Viudo,2,5,Semanal,No,3,0
103470,32,23803,F,Div/Sep/Viudo,3,5,Semanal,Si,3,1
103127,54,23800,M,Div/Sep/Viudo,2,5,Semanal,No,2,0
100928,40,23796,M,Casado,2,2,Semanal,Si,1,0
102410,48,23793,F,Soltero,0,2,Mensual,Si,1,0
103557,41,23790,M,Div/Sep/Viudo,3,6,Semanal,Si,2,0
100907,35,23789,F,Casado,1,1,Mensual,Si,2,0
103565,42,23788,M,Div/Sep/Viudo,4,5,Semanal,No,2,0
102122,23,23786,M,Soltero,0,1,Mensual,No,1,0
101936,51,23784,M,Casado,1,2,Semanal,Si,2,0
102101,29,23782,M,Soltero,1,3,Semanal,No,1,0
102690,47,23779,M,Soltero,0,2,Semanal,Si,1,0
101232,34,23778,M,Casado,2,0,Mensual,Si,1,0
104022,26,23775,F,Casado,3,3,Semanal,Si,2,0
102569,31,23774,M,Soltero,1,1,Semanal,Si,1,0
101515,47,23772,M,Casado,1,2,Semanal,Si,1,1
101545,85,23771,M,Casado,1,0,Semanal,Si,2,1
103376,38,23766,M,Div/Sep/Viudo,4,6,Semanal,No,3,0
102119,82,23766,M,Soltero,1,2,Mensual,No,1,1
102562,23,23758,F,Soltero,0,1,Mensual,No,1,0
101682,35,23757,M,Casado,2,1,Semanal,Si,1,0
101242,38,23755,M,Casado,1,0,Mensual,Si,2,0
101048,48,23754,F,Casado,2,0,Mensual,Si,1,0
102568,31,23753,F,Soltero,1,1,Mensual,No,1,0
102541,44,23751,M,Soltero,1,1,Mensual,Si,1,0
101217,36,23748,F,Casado,1,0,Semanal,Si,2,0
102891,62,23746,F,Div/Sep/Viudo,2,5,Semanal,Si,2,0
103889,41,23742,F,Casado,3,3,Semanal,Si,1,0
101500,85,23740,M,Casado,2,0,Mensual,Si,1,0
101356,36,23739,F,Casado,2,0,Mensual,Si,2,0
103213,60,47433,F,Div/Sep/Viudo,4,6,Semanal,No,2,0
102721,68,23735,F,Soltero,0,1,Semanal,No,1,1
102220,19,23735,M,Soltero,1,3,Mensual,No,1,0
101655,51,23733,M,Casado,1,2,Semanal,Si,1,0
103387,35,23732,F,Div/Sep/Viudo,2,6,Semanal,No,2,1
101841,27,23729,M,Casado,2,1,Semanal,Si,2,1
101376,62,23728,F,Casado,1,2,Mensual,Si,1,0
102515,32,23725,F,Soltero,0,3,Mensual,Si,1,0
101213,23,23723,M,Casado,1,2,Mensual,Si,1,0
103143,42,23721,M,Div/Sep/Viudo,2,6,Semanal,No,3,0
102861,66,23721,M,Soltero,0,1,Semanal,Si,1,1
103224,27,23718,M,Div/Sep/Viudo,3,6,Semanal,No,3,0
102271,54,23715,F,Soltero,0,1,Semanal,Si,1,0
102062,21,23714,M,Soltero,1,1,Mensual,No,1,0
101954,68,23714,F,Casado,2,1,Mensual,Si,1,0
102111,45,23713,F,Soltero,0,3,Mensual,No,1,0
102829,26,23710,F,Soltero,1,2,Semanal,No,1,0
103055,52,23708,F,Div/Sep/Viudo,3,5,Semanal,Si,2,0
102887,32,23707,M,Div/Sep/Viudo,2,5,Semanal,No,3,0
103302,28,33441,F,Div/Sep/Viudo,3,6,Semanal,No,3,1
101833,32,23703,M,Casado,2,1,Semanal,Si,2,1
101088,49,23703,M,Casado,2,0,Mensual,Si,1,1
101090,28,23699,F,Casado,2,1,Mensual,Si,1,0
101929,20,23698,F,Casado,2,2,Mensual,Si,1,0
102892,32,23693,F,Div/Sep/Viudo,2,6,Semanal,No,3,1
103553,63,23688,M,Div/Sep/Viudo,4,6,Semanal,No,3,1
103762,63,23684,M,Casado,2,3,Semanal,Si,1,0
102535,32,23682,M,Soltero,0,1,Semanal,Si,1,1
102407,31,23682,F,Soltero,1,2,Semanal,No,1,0
101234,31,23680,F,Casado,2,1,Mensual,Si,2,1
100901,30,23677,F,Casado,2,1,Mensual,Si,2,1
101953,31,23671,F,Casado,1,2,Semanal,Si,2,1
102380,42,23663,F,Soltero,1,1,Mensual,Si,1,0
102219,64,23662,F,Soltero,1,2,Semanal,No,1,0
102500,28,23661,M,Soltero,0,1,Semanal,No,1,0
101960,29,23656,M,Casado,1,0,Mensual,Si,1,1
102673,44,23656,M,Soltero,1,2,Semanal,No,1,1
102810,51,23653,M,Soltero,0,2,Semanal,Si,1,1
102816,24,23652,M,Soltero,0,1,Mensual,Si,1,0
103890,74,23650,F,Casado,2,4,Mensual,Si,2,1
104061,34,23648,F,Casado,3,4,Semanal,Si,2,0
103926,24,23648,M,Casado,3,4,Mensual,Si,1,1
101394,24,23646,F,Casado,2,0,Semanal,Si,1,0
101828,23,23645,M,Casado,1,0,Mensual,Si,1,0
103851,59,23644,F,Casado,2,3,Mensual,Si,1,0
100916,40,23643,M,Casado,1,2,Semanal,Si,2,1
102262,60,23641,F,Soltero,0,3,Mensual,Si,1,1
103378,37,23638,F,Div/Sep/Viudo,2,5,Semanal,Si,2,1
103477,59,23637,M,Div/Sep/Viudo,4,5,Semanal,Si,3,1
103134,37,23636,M,Div/Sep/Viudo,3,5,Semanal,No,3,0
101070,47,23634,M,Casado,1,0,Semanal,Si,1,0
102857,38,23628,M,Soltero,0,3,Mensual,Si,1,0
103847,36,23627,F,Casado,3,4,Mensual,Si,1,1
104025,28,23626,F,Casado,2,4,Mensual,Si,2,0
100895,50,23626,M,Casado,2,2,Mensual,Si,1,0
101047,27,23623,M,Casado,1,2,Mensual,Si,1,0
104024,50,23620,M,Casado,2,4,Semanal,Si,2,0
103551,40,23618,F,Div/Sep/Viudo,4,5,Semanal,No,3,1
102839,51,23618,F,Soltero,0,2,Mensual,Si,1,0
101972,42,23612,F,Casado,2,0,Mensual,Si,1,0
102813,62,23611,M,Soltero,1,2,Semanal,Si,1,1
102571,46,23606,F,Soltero,0,1,Semanal,Si,1,0
102543,41,23604,M,Soltero,1,2,Mensual,Si,1,0
101255,20,39373,M,Casado,2,1,Semanal,Si,1,0
101832,63,23599,M,Casado,2,1,Mensual,Si,2,0
101256,23,23599,M,Casado,2,2,Mensual,Si,2,0
101955,25,23594,M,Casado,2,1,Mensual,Si,2,0
102732,53,23593,M,Soltero,1,3,Semanal,No,1,0
101508,39,23593,M,Casado,2,0,Semanal,Si,2,0
102416,23,23593,M,Soltero,0,1,Mensual,No,1,1
103467,31,23590,M,Div/Sep/Viudo,4,6,Semanal,No,2,0
101684,61,23590,F,Casado,1,0,Semanal,Si,2,1
101534,41,23588,F,Casado,1,1,Mensual,Si,2,1
104098,40,23587,M,Casado,2,3,Mensual,Si,1,0
102524,30,23586,F,Soltero,1,2,Mensual,Si,1,0
104097,53,23585,M,Casado,3,4,Semanal,Si,2,1
102532,37,23583,F,Soltero,1,3,Mensual,Si,1,0
101654,49,47946,F,Casado,1,1,Semanal,Si,2,1
102502,29,23578,F,Soltero,0,2,Semanal,Si,1,0
101080,85,23578,M,Casado,2,2,Semanal,Si,1,0
102830,66,23576,M,Soltero,1,3,Mensual,No,1,1
101399,41,23570,F,Casado,2,0,Mensual,Si,2,1
101658,45,23568,M,Casado,2,1,Mensual,Si,2,0
101567,32,23567,M,Casado,2,0,Semanal,Si,2,0
101948,51,23566,F,Casado,2,0,Semanal,Si,2,1
101794,20,23566,M,Casado,2,0,Semanal,Si,2,1
103699,74,23565,F,Div/Sep/Viudo,2,6,Semanal,Si,3,1
103303,50,23565,F,Div/Sep/Viudo,4,5,Semanal,Si,3,1
101980,28,23565,F,Casado,2,2,Mensual,Si,1,0
102394,73,23558,F,Soltero,0,1,Semanal,Si,1,1
101652,84,35524,M,Casado,2,1,Mensual,Si,2,1
101547,45,23552,F,Casado,1,1,Semanal,Si,2,1
103701,29,23550,M,Div/Sep/Viudo,4,5,Semanal,No,3,1
103792,40,23546,F,Casado,2,4,Semanal,Si,1,0
100938,48,23540,F,Casado,2,1,Mensual,Si,2,1
102852,44,23537,F,Soltero,1,1,Mensual,Si,1,1
102398,28,23536,F,Soltero,0,2,Mensual,Si,1,0
103391,48,23531,M,Div/Sep/Viudo,4,6,Semanal,No,3,0
103852,61,23528,M,Casado,2,3,Mensual,Si,2,1
101691,26,23527,M,Casado,1,2,Semanal,Si,2,1
103057,27,23524,M,Div/Sep/Viudo,3,6,Semanal,Si,2,1
102544,31,23522,F,Soltero,1,2,Semanal,No,1,0
102232,36,23519,F,Soltero,1,1,Mensual,Si,1,0
102713,54,23518,M,Soltero,0,2,Mensual,Si,1,0
103784,61,23516,F,Casado,3,4,Mensual,Si,1,0
101982,29,23515,M,Casado,1,2,Mensual,Si,2,0
101393,42,23514,F,Casado,1,2,Mensual,Si,1,0
102686,60,23513,M,Soltero,1,2,Mensual,Si,1,1
102366,85,23513,M,Soltero,1,2,Semanal,Si,1,1
103293,42,23511,F,Div/Sep/Viudo,4,5,Semanal,Si,2,1
101959,43,23511,M,Casado,1,0,Mensual,Si,2,1
101220,46,23510,F,Casado,1,2,Mensual,Si,2,1
102707,35,23507,M,Soltero,0,3,Mensual,Si,1,0
101061,41,23506,F,Casado,1,2,Semanal,Si,2,0
101686,21,23504,M,Casado,2,0,Mensual,Si,2,0
103292,32,23493,M,Div/Sep/Viudo,3,6,Semanal,No,2,0
102361,47,23492,F,Soltero,0,3,Semanal,Si,1,0
103819,29,23490,F,Casado,2,4,Semanal,Si,2,0
101981,55,23483,M,Casado,1,1,Mensual,Si,2,1
101692,23,23481,F,Casado,2,0,Semanal,Si,2,0
103698,54,23480,M,Div/Sep/Viudo,4,5,Semanal,No,2,0
102845,54,23477,F,Soltero,1,1,Semanal,No,1,1
102126,85,23477,F,Soltero,1,2,Semanal,Si,1,1
102678,34,23475,M,Soltero,0,3,Mensual,No,1,0
102385,39,23473,M,Soltero,0,1,Semanal,No,1,0
103703,70,23471,F,Div/Sep/Viudo,2,6,Semanal,Si,3,0
102706,66,23469,F,Soltero,0,2,Semanal,No,1,1
102729,58,23469,M,Soltero,1,1,Semanal,Si,1,0
101672,45,23467,M,Casado,1,2,Semanal,Si,1,1
101952,70,23465,F,Casado,1,2,Mensual,Si,1,0
101531,85,23464,F,Casado,1,0,Mensual,Si,2,1
101380,49,23463,F,Casado,2,2,Mensual,Si,1,1
103220,40,23461,M,Div/Sep/Viudo,4,5,Semanal,Si,3,0
102255,52,23461,F,Soltero,0,3,Semanal,No,1,0
102264,42,23452,M,Soltero,1,1,Semanal,No,1,1
101244,35,23450,F,Casado,2,1,Mensual,Si,2,0
102978,55,23447,F,Div/Sep/Viudo,4,6,Semanal,Si,3,1
101939,33,23447,F,Casado,2,0,Mensual,Si,1,0
102854,49,23446,M,Soltero,1,2,Semanal,No,1,1
103225,24,23444,M,Div/Sep/Viudo,4,5,Semanal,Si,3,1
101700,75,23443,M,Casado,2,1,Semanal,Si,2,1
101800,30,23442,F,Casado,1,2,Mensual,Si,1,0
103548,25,23439,F,Div/Sep/Viudo,3,5,Semanal,Si,3,1
102868,65,23438,F,Soltero,1,3,Semanal,No,1,1
101944,71,23435,M,Casado,2,0,Semanal,Si,2,1
101252,44,23432,F,Casado,1,1,Semanal,Si,2,0
102076,38,23429,M,Soltero,0,2,Mensual,Si,1,0
101109,35,23429,F,Casado,2,1,Mensual,Si,1,0
102498,43,23428,M,Soltero,0,1,Mensual,No,1,1
101509,39,23428,F,Casado,2,0,Semanal,Si,2,0
103705,37,36575,F,Div/Sep/Viudo,3,5,Semanal,No,2,0
103222,29,23424,F,Div/Sep/Viudo,2,5,Semanal,No,3,1
103817,26,23414,M,Casado,3,3,Mensual,Si,2,0
103136,40,23413,M,Div/Sep/Viudo,3,6,Semanal,No,3,0
101106,43,23406,F,Casado,2,0,Semanal,Si,2,0
101826,30,23399,F,Casado,1,0,Mensual,Si,2,0
101950,32,23397,M,Casado,1,1,Mensual,Si,1,0
102525,43,23395,M,Soltero,1,2,Mensual,No,1,0
101520,28,23392,M,Casado,1,2,Mensual,Si,2,0
101251,59,23388,M,Casado,1,1,Semanal,Si,1,0
103386,48,23387,M,Div/Sep/Viudo,2,6,Semanal,Si,3,1
100898,30,23387,F,Casado,1,0,Semanal,Si,2,1
101553,47,23386,M,Casado,1,1,Semanal,Si,2,1
103562,29,23385,M,Div/Sep/Viudo,2,6,Semanal,No,2,0
103642,54,23383,M,Div/Sep/Viudo,4,6,Semanal,No,3,1
101518,29,23381,M,Casado,2,1,Semanal,Si,2,0
103219,38,23380,F,Div/Sep/Viudo,3,6,Semanal,No,3,0
102078,41,23379,F,Soltero,0,2,Mensual,No,1,1
102534,70,23378,F,Soltero,0,1,Semanal,Si,1,1
102241,30,23374,M,Soltero,1,3,Mensual,No,1,1
101110,29,23374,F,Casado,2,1,Mensual,Si,1,0
103554,24,23372,M,Div/Sep/Viudo,4,6,Semanal,No,3,1
103291,80,23372,F,Div/Sep/Viudo,3,5,Semanal,Si,2,1
104060,40,23371,M,Casado,2,3,Mensual,Si,1,0
103210,59,23371,M,Div/Sep/Viudo,3,5,Semanal,No,2,1
103476,32,23365,M,Div/Sep/Viudo,3,6,Semanal,No,3,0
102680,33,23365,M,Soltero,1,2,Mensual,Si,1,0
104096,38,23363,M,Casado,2,3,Semanal,Si,1,0
101644,39,36403,F,Casado,2,2,Semanal,Si,1,0
103756,51,23361,M,Casado,2,3,Mensual,Si,1,1
102374,40,23359,F,Soltero,1,3,Semanal,No,1,0
102079,34,23359,M,Soltero,0,2,Semanal,No,1,0
101496,81,23358,M,Casado,1,0,Semanal,Si,1,0
102223,29,23350,F,Soltero,0,1,Mensual,No,1,1
102728,30,23348,F,Soltero,1,1,Mensual,No,1,0
103702,29,23345,F,Div/Sep/Viudo,4,5,Semanal,No,3,0
101075,52,23343,M,Casado,2,1,Mensual,Si,2,1
101839,46,23339,M,Casado,1,2,Semanal,Si,1,0
102070,37,23335,F,Soltero,1,1,Mensual,No,1,0
102842,28,23333,F,Soltero,0,2,Semanal,No,1,1
102548,41,23333,F,Soltero,0,3,Mensual,Si,1,0
103636,55,23332,M,Div/Sep/Viudo,2,5,Semanal,No,3,0
102712,72,23331,M,Soltero,1,2,Semanal,Si,1,0
103288,31,23329,F,Div/Sep/Viudo,2,5,Semanal,Si,3,0
101966,37,23329,M,Casado,2,2,Semanal,Si,1,0
102238,46,23326,M,Soltero,0,3,Mensual,No,1,1
103624,34,23323,M,Div/Sep/Viudo,2,5,Semanal,No,3,0
102412,25,23323,M,Soltero,0,3,Mensual,Si,1,0
102899,37,23321,F,Div/Sep/Viudo,2,5,Semanal,No,3,0
103056,26,23318,F,Div/Sep/Viudo,3,5,Semanal,Si,3,0
102272,57,23318,F,Soltero,0,2,Mensual,No,1,0
102247,35,23318,M,Soltero,0,2,Semanal,Si,1,0
100918,38,23317,F,Casado,2,0,Semanal,Si,1,0
101379,30,23315,F,Casado,2,1,Semanal,Si,2,0
101536,39,23314,M,Casado,1,2,Semanal,Si,2,0
102533,64,23311,M,Soltero,0,1,Mensual,Si,1,1
101510,59,23305,F,Casado,2,1,Semanal,Si,1,0
101371,27,23305,M,Casado,2,1,Semanal,Si,2,0
101499,19,23302,M,Casado,1,1,Mensual,Si,2,1
103991,37,23299,M,Casado,2,3,Mensual,Si,1,0
101663,35,23299,M,Casado,1,2,Mensual,Si,1,0
102720,34,23287,F,Soltero,0,1,Semanal,Si,1,0
102083,32,23285,F,Soltero,1,2,Mensual,Si,1,0
102671,27,23283,F,Soltero,1,2,Mensual,Si,1,0
103221,85,23279,M,Div/Sep/Viudo,4,6,Semanal,No,3,1
102266,80,23279,F,Soltero,1,2,Mensual,No,1,1
102063,34,23272,F,Soltero,1,2,Mensual,No,1,0
101947,41,23267,F,Casado,1,2,Mensual,Si,1,0
103473,57,23263,F,Div/Sep/Viudo,2,6,Semanal,Si,3,1
102699,41,23259,F,Soltero,1,3,Mensual,No,1,0
101525,33,23253,M,Casado,1,0,Mensual,Si,2,0
102248,25,23252,F,Soltero,0,3,Mensual,Si,1,0
104059,39,23251,M,Casado,2,3,Mensual,Si,1,0
103464,26,23250,F,Div/Sep/Viudo,3,6,Semanal,Si,2,1
102090,62,23249,F,Soltero,1,3,Semanal,Si,1,0
101212,39,23246,F,Casado,1,2,Mensual,Si,2,0
101066,48,23246,F,Casado,2,2,Mensual,Si,1,0
103697,35,23244,M,Div/Sep/Viudo,4,5,Semanal,Si,3,0
102073,54,23243,M,Soltero,1,3,Semanal,Si,1,1
101807,31,23242,M,Casado,2,0,Mensual,Si,1,0
104099,44,23240,F,Casado,3,3,Mensual,Si,2,1
104063,34,23240,F,Casado,2,4,Semanal,Si,1,0
101640,36,23238,M,Casado,1,2,Mensual,Si,2,1
101363,57,23234,M,Casado,1,1,Semanal,Si,1,0
101237,30,23232,M,Casado,2,2,Mensual,Si,2,1
103630,45,23230,F,Div/Sep/Viudo,2,5,Semanal,Si,2,1
103962,65,23229,M,Casado,3,3,Mensual,Si,2,1
102859,56,23227,F,Soltero,0,1,Mensual,Si,1,1
101235,31,23227,M,Casado,2,1,Semanal,Si,1,0
103300,47,23225,F,Div/Sep/Viudo,3,5,Semanal,Si,3,1
102359,23,23217,F,Soltero,0,1,Mensual,No,1,0
102092,58,23216,F,Soltero,0,1,Mensual,No,1,0
102419,85,23215,M,Soltero,0,2,Mensual,Si,1,1
102698,44,23213,M,Soltero,1,2,Mensual,No,1,0
102513,67,23209,M,Soltero,0,2,Semanal,Si,1,1
101389,25,31158,M,Casado,2,2,Semanal,Si,1,0
101842,27,23201,F,Casado,2,2,Semanal,Si,1,0
102835,35,23194,F,Soltero,1,2,Semanal,No,1,1
101551,37,23194,M,Casado,2,2,Semanal,Si,1,0
102395,44,23190,F,Soltero,0,2,Mensual,Si,1,0
101666,31,23185,F,Casado,2,0,Semanal,Si,2,0
101078,41,23185,M,Casado,2,2,Mensual,Si,1,0
102860,57,23183,F,Soltero,0,1,Mensual,Si,1,1
101693,47,23182,M,Casado,1,0,Mensual,Si,2,1
102117,34,23182,F,Soltero,1,1,Mensual,Si,1,0
103463,52,23177,M,Div/Sep/Viudo,3,5,Semanal,No,3,1
101665,34,23175,F,Casado,2,0,Semanal,Si,1,0
101233,40,23172,M,Casado,2,0,Semanal,Si,1,1
102840,56,23167,M,Soltero,0,2,Mensual,No,1,1
100945,37,23164,F,Casado,2,0,Semanal,Si,2,0
101046,26,23163,F,Casado,1,1,Semanal,Si,1,1
102798,40,23161,M,Soltero,0,3,Semanal,Si,1,0
102894,56,23160,F,Div/Sep/Viudo,3,6,Semanal,Si,2,1
101963,58,23159,F,Casado,1,2,Mensual,Si,1,0
101671,27,23158,M,Casado,1,1,Mensual,Si,2,0
102838,51,23158,F,Soltero,0,1,Mensual,Si,1,1
102420,36,23154,F,Soltero,1,1,Mensual,No,1,1
102890,69,23152,F,Div/Sep/Viudo,4,6,Semanal,No,2,1
101555,26,23152,F,Casado,1,2,Mensual,Si,2,0
101247,51,23149,M,Casado,2,0,Semanal,Si,2,1
101401,34,23149,M,Casado,2,1,Mensual,Si,2,0
101676,32,23147,M,Casado,1,0,Semanal,Si,2,0
101797,57,23146,F,Casado,1,0,Mensual,Si,2,0
101084,60,23137,F,Casado,2,2,Mensual,Si,1,1
101845,21,23133,M,Casado,1,1,Mensual,Si,1,0
101808,57,23132,M,Casado,2,0,Semanal,Si,1,0
100942,38,23131,F,Casado,1,2,Semanal,Si,1,1
103546,40,23130,M,Div/Sep/Viudo,2,5,Semanal,Si,2,0
102578,26,23125,F,Soltero,1,2,Semanal,Si,1,0
101207,49,23120,M,Casado,2,1,Mensual,Si,1,0
102850,85,23119,M,Soltero,0,3,Semanal,Si,1,1
101979,32,50688,F,Casado,2,1,Mensual,Si,2,0
102809,63,23117,M,Soltero,0,2,Mensual,Si,1,1
102501,39,23115,F,Soltero,0,2,Mensual,Si,1,0
102386,33,23113,F,Soltero,0,2,Semanal,No,1,1
102537,24,23107,F,Soltero,0,2,Mensual,No,1,0
100925,67,23106,M,Casado,2,1,Mensual,Si,1,0
101113,41,23104,F,Casado,2,1,Mensual,Si,1,0
101805,33,23101,F,Casado,1,2,Semanal,Si,1,0
102404,35,23099,F,Soltero,1,1,Semanal,Si,1,0
101407,51,23097,F,Casado,1,1,Mensual,Si,2,0
102099,33,23094,M,Soltero,1,3,Mensual,Si,1,1
100920,28,23094,F,Casado,2,0,Semanal,Si,1,0
101051,38,23090,M,Casado,2,2,Semanal,Si,1,0
103466,37,23089,F,Div/Sep/Viudo,4,5,Semanal,No,2,1
101681,37,23087,M,Casado,2,0,Semanal,Si,2,0
101045,33,23086,M,Casado,1,1,Semanal,Si,2,0
103924,64,23084,F,Casado,2,3,Semanal,Si,2,1
103693,85,23083,M,Div/Sep/Viudo,2,5,Semanal,Si,3,1
101964,27,23081,M,Casado,2,1,Mensual,Si,2,1
102245,21,23079,M,Soltero,0,2,Mensual,Si,1,0
101541,36,23077,F,Casado,2,2,Mensual,Si,1,0
101049,21,23076,M,Casado,2,1,Mensual,Si,1,0
103384,24,23073,F,Div/Sep/Viudo,4,6,Semanal,No,2,1
102520,32,23072,M,Soltero,0,1,Semanal,Si,1,0
102725,51,23069,F,Soltero,0,2,Semanal,No,1,1
102832,36,23067,M,Soltero,1,1,Mensual,Si,1,0
102115,20,23064,F,Soltero,1,3,Mensual,No,1,1
101391,36,23062,M,Casado,1,0,Semanal,Si,1,0
102260,37,23061,M,Soltero,0,2,Semanal,No,1,1
102244,37,23061,M,Soltero,0,1,Mensual,No,1,0
103918,60,23060,M,Casado,2,4,Semanal,Si,1,0
101930,55,23060,M,Casado,2,2,Semanal,Si,2,1
101364,40,23056,F,Casado,1,1,Semanal,Si,2,0
101204,85,23054,F,Casado,1,1,Semanal,Si,1,1
103051,32,23045,M,Div/Sep/Viudo,4,6,Semanal,Si,3,1
101848,37,23042,F,Casado,2,0,Mensual,Si,1,0
102549,39,23042,M,Soltero,0,3,Mensual,Si,1,0
102864,24,23040,M,Soltero,0,3,Mensual,No,1,0
101532,39,23039,M,Casado,1,0,Semanal,Si,1,0
102240,23,23039,M,Soltero,1,2,Semanal,No,1,1
102082,31,23038,F,Soltero,1,1,Semanal,No,1,1
101392,41,23031,M,Casado,1,2,Mensual,Si,2,1
102109,25,23025,M,Soltero,0,1,Semanal,No,1,0
101083,44,23023,F,Casado,2,1,Semanal,Si,2,0
101402,29,23021,M,Casado,2,1,Semanal,Si,1,0
101111,34,23018,M,Casado,2,2,Mensual,Si,1,0
101552,47,23009,M,Casado,1,0,Mensual,Si,2,0
102812,38,23007,F,Soltero,1,1,Mensual,Si,1,0
102421,44,23006,F,Soltero,1,1,Semanal,Si,1,0
103475,46,23005,M,Div/Sep/Viudo,3,6,Semanal,Si,3,1
102693,38,23001,M,Soltero,1,2,Semanal,No,1,0
102249,45,23001,F,Soltero,0,3,Semanal,Si,1,1
102174,31,22994,M,Soltero,1,1,Semanal,No,1,0
102476,47,22989,F,Soltero,0,2,Mensual,Si,1,1
103039,36,22980,F,Div/Sep/Viudo,4,5,Semanal,Si,3,1
101014,65,22980,F,Casado,2,1,Mensual,Si,1,0
101441,41,22972,F,Casado,1,0,Semanal,Si,2,0
103615,32,22970,M,Div/Sep/Viudo,2,6,Semanal,Si,2,1
101039,48,22964,M,Casado,2,1,Mensual,Si,1,0
102951,66,22962,F,Div/Sep/Viudo,3,6,Semanal,No,3,0
101293,33,22961,M,Casado,1,1,Mensual,Si,2,0
102466,31,22952,F,Soltero,1,1,Mensual,Si,1,0
100880,19,22950,M,Casado,1,0,Mensual,Si,2,0
102136,41,22945,M,Soltero,0,2,Mensual,No,1,0
101590,35,22942,M,Casado,1,2,Mensual,Si,2,1
100963,47,22940,M,Casado,1,2,Mensual,Si,1,0
100998,48,22940,M,Casado,2,1,Mensual,Si,1,0
102206,25,22938,F,Soltero,0,1,Semanal,Si,1,0
103746,55,22930,F,Casado,3,4,Semanal,Si,1,0
103808,30,22925,F,Casado,2,4,Semanal,Si,1,0
102473,33,22925,M,Soltero,1,2,Mensual,No,1,0
100866,44,22925,M,Casado,1,2,Mensual,Si,1,0
101733,27,22923,F,Casado,2,1,Semanal,Si,2,1
102344,31,22919,M,Soltero,1,3,Mensual,No,1,0
101883,26,22918,M,Casado,2,1,Mensual,Si,1,0
102180,57,22918,M,Soltero,0,3,Semanal,No,1,0
101620,34,22912,M,Casado,2,0,Mensual,Si,2,0
103810,25,22905,F,Casado,2,3,Mensual,Si,1,0
101918,26,22905,M,Casado,1,0,Mensual,Si,1,0
102198,53,22901,M,Soltero,0,3,Mensual,Si,1,0
101426,29,22889,M,Casado,2,1,Mensual,Si,1,1
101467,33,22889,M,Casado,1,1,Mensual,Si,2,0
101187,40,22888,F,Casado,1,2,Mensual,Si,1,0
101037,35,22884,F,Casado,2,0,Mensual,Si,2,0
102595,22,22883,F,Soltero,0,2,Mensual,No,1,1
102303,50,22882,M,Soltero,0,2,Mensual,No,1,0
103287,36,22877,F,Div/Sep/Viudo,4,6,Semanal,No,3,0
101767,44,22877,M,Casado,2,0,Mensual,Si,1,0
102045,51,22868,F,Soltero,0,1,Semanal,Si,1,0
101123,21,22866,F,Casado,1,1,Mensual,Si,1,0
101923,51,22864,M,Casado,2,2,Mensual,Si,2,0
101777,85,35028,M,Casado,1,0,Mensual,Si,1,1
103273,46,22849,F,Div/Sep/Viudo,2,5,Semanal,Si,2,1
103441,65,22848,M,Div/Sep/Viudo,3,6,Semanal,No,2,1
102487,57,22845,M,Soltero,1,1,Mensual,Si,1,0
101585,50,22845,F,Casado,1,2,Semanal,Si,1,0
103359,57,22844,F,Div/Sep/Viudo,3,5,Semanal,No,2,0
102313,62,22833,F,Soltero,0,2,Mensual,Si,1,0
100955,63,22833,F,Casado,1,2,Semanal,Si,2,1
102301,26,22831,F,Soltero,0,1,Mensual,Si,1,0
101771,59,22830,F,Casado,1,1,Semanal,Si,2,1
101781,36,22829,M,Casado,1,1,Semanal,Si,2,0
102208,64,22821,F,Soltero,0,2,Semanal,Si,1,1
102000,47,22821,F,Soltero,0,1,Semanal,No,1,0
101488,26,22818,M,Casado,1,2,Semanal,Si,2,1
102181,68,22818,M,Soltero,1,1,Mensual,No,1,0
101865,30,22817,F,Casado,1,0,Mensual,Si,2,0
100817,35,22817,M,Casado,1,2,Mensual,Si,1,0
102434,75,22816,F,Soltero,1,2,Semanal,No,1,0
102776,41,22814,F,Soltero,1,1,Mensual,No,1,1
100953,34,22812,M,Casado,1,0,Semanal,Si,1,1
102616,38,22810,F,Soltero,0,1,Semanal,No,1,0
101484,34,22810,F,Casado,2,2,Semanal,Si,2,0
100952,53,22807,F,Casado,1,0,Mensual,Si,1,0
103205,35,22801,F,Div/Sep/Viudo,3,6,Semanal,Si,3,1
101476,39,22798,M,Casado,1,1,Semanal,Si,1,0
102949,49,22797,F,Div/Sep/Viudo,3,6,Semanal,Si,2,1
100886,47,22795,M,Casado,1,2,Mensual,Si,1,1
102955,31,22793,F,Div/Sep/Viudo,2,5,Semanal,Si,3,1
101174,54,22789,M,Casado,1,0,Semanal,Si,2,1
100971,32,22789,F,Casado,2,2,Mensual,Si,1,0
102057,27,22787,F,Soltero,1,2,Semanal,No,1,0
103037,22,22775,F,Div/Sep/Viudo,3,6,Semanal,No,3,1
102606,37,22775,F,Soltero,1,2,Mensual,Si,1,0
101036,23,22775,M,Casado,1,2,Semanal,Si,1,0
101869,29,22763,F,Casado,2,2,Semanal,Si,2,0
103531,39,22760,M,Div/Sep/Viudo,2,5,Semanal,Si,3,0
102664,61,22758,M,Soltero,0,3,Mensual,No,1,1
103457,35,22756,M,Div/Sep/Viudo,4,5,Semanal,No,3,0
103983,24,22756,M,Casado,3,4,Mensual,Si,1,1
102947,38,22752,M,Div/Sep/Viudo,3,5,Semanal,Si,3,1
101035,60,22750,F,Casado,1,2,Semanal,Si,1,0
102797,35,22750,M,Soltero,1,3,Mensual,No,1,0
101149,66,22743,M,Casado,1,0,Semanal,Si,1,1
102330,39,22743,F,Soltero,0,3,Semanal,Si,1,0
103616,51,22742,F,Div/Sep/Viudo,2,6,Semanal,Si,3,0
102639,43,22742,M,Soltero,0,1,Mensual,No,1,0
101449,64,22741,F,Casado,1,0,Semanal,Si,2,1
101200,85,22738,F,Casado,1,1,Semanal,Si,1,1
100851,33,22729,F,Casado,2,2,Semanal,Si,1,0
102358,42,22725,F,Soltero,1,3,Semanal,Si,1,0
101341,61,22725,F,Casado,2,1,Semanal,Si,1,1
100887,43,22724,F,Casado,1,2,Semanal,Si,1,0
101857,22,22710,F,Casado,1,1,Semanal,Si,1,0
100821,35,22707,M,Casado,1,1,Semanal,Si,1,1
101286,43,22705,M,Casado,2,1,Semanal,Si,2,0
103031,72,22703,F,Div/Sep/Viudo,3,6,Semanal,No,3,1
100835,41,22699,M,Casado,1,2,Mensual,Si,2,1
101193,29,22694,F,Casado,1,0,Mensual,Si,1,0
101910,43,22692,F,Casado,1,1,Semanal,Si,1,0
100959,69,22685,M,Casado,2,2,Mensual,Si,1,1
101786,31,22677,F,Casado,1,0,Semanal,Si,1,0
103532,33,22673,F,Div/Sep/Viudo,2,5,Semanal,No,2,0
101158,31,22672,F,Casado,1,1,Mensual,Si,2,0
100870,25,22668,M,Casado,2,0,Mensual,Si,2,0
101609,40,22666,F,Casado,1,1,Mensual,Si,1,0
102299,38,22666,F,Soltero,0,1,Mensual,Si,1,0
101197,23,22665,F,Casado,2,2,Semanal,Si,2,0
101603,29,22663,M,Casado,2,1,Mensual,Si,2,0
100865,42,22662,M,Casado,1,1,Semanal,Si,2,1
102352,51,22659,M,Soltero,1,3,Semanal,No,1,1
103035,57,22651,M,Div/Sep/Viudo,2,6,Semanal,Si,3,0
101150,53,22650,M,Casado,1,0,Semanal,Si,1,1
101482,39,22643,M,Casado,2,2,Mensual,Si,1,0
102946,24,22638,F,Div/Sep/Viudo,2,6,Semanal,No,2,0
103878,36,47151,M,Casado,2,3,Semanal,Si,2,0
102021,20,22618,M,Soltero,1,1,Mensual,No,1,0
102024,42,22617,M,Soltero,0,2,Semanal,No,1,0
101769,31,22615,M,Casado,2,2,Mensual,Si,2,0
102032,21,22614,F,Soltero,0,2,Semanal,No,1,1
102134,45,22607,F,Soltero,0,1,Mensual,No,1,0
101489,68,22602,M,Casado,2,0,Mensual,Si,1,0
102611,23,22595,F,Soltero,0,3,Mensual,No,1,0
101772,47,22593,M,Casado,1,2,Semanal,Si,1,0
101911,34,22590,F,Casado,1,2,Mensual,Si,1,0
100993,30,22585,F,Casado,1,2,Mensual,Si,2,1
103364,30,22584,M,Div/Sep/Viudo,4,6,Semanal,No,2,0
102334,34,22583,M,Soltero,0,1,Mensual,No,1,0
102661,34,22580,M,Soltero,0,2,Mensual,No,1,0
101163,39,22580,F,Casado,2,1,Mensual,Si,1,0
102140,29,22579,M,Soltero,0,3,Mensual,No,1,1
101188,31,22569,M,Casado,2,0,Semanal,Si,2,1
103444,48,22564,F,Div/Sep/Viudo,4,5,Semanal,Si,2,0
101182,28,22561,M,Casado,1,1,Mensual,Si,1,0
101902,43,22559,M,Casado,1,0,Mensual,Si,2,0
103366,34,22558,M,Div/Sep/Viudo,2,6,Semanal,No,3,0
103611,32,22544,F,Div/Sep/Viudo,3,5,Semanal,Si,2,1
103915,78,22543,F,Casado,2,4,Semanal,Si,2,1
100981,25,22543,F,Casado,1,1,Semanal,Si,1,0
101583,71,22538,F,Casado,1,2,Mensual,Si,2,0
100823,54,22536,F,Casado,2,0,Mensual,Si,1,0
102479,31,25900,M,Soltero,1,1,Semanal,Si,1,0
102304,55,22532,M,Soltero,1,2,Mensual,Si,1,0
101282,19,22531,F,Casado,1,0,Mensual,Si,2,1
102167,30,22531,F,Soltero,1,1,Semanal,No,1,0
102456,28,22528,F,Soltero,0,3,Semanal,No,1,0
103442,45,22525,F,Div/Sep/Viudo,3,6,Semanal,No,3,0
103108,51,22515,M,Div/Sep/Viudo,2,5,Semanal,No,3,0
101129,45,22514,F,Casado,2,1,Mensual,Si,1,0
102028,41,22511,F,Soltero,1,2,Semanal,No,1,0
101417,56,22506,F,Casado,1,1,Semanal,Si,1,0
102445,53,22503,M,Soltero,0,3,Mensual,Si,1,0
101203,31,22501,M,Casado,2,2,Semanal,Si,2,0
101460,32,22496,M,Casado,1,1,Mensual,Si,2,0
103446,51,22493,F,Div/Sep/Viudo,4,5,Semanal,No,3,1
102211,38,22493,F,Soltero,1,1,Mensual,No,1,0
102771,39,22489,F,Soltero,1,1,Mensual,No,1,0
103620,41,22487,M,Div/Sep/Viudo,4,5,Semanal,No,2,1
101881,22,22486,F,Casado,2,0,Semanal,Si,1,1
101766,30,22483,F,Casado,1,2,Semanal,Si,1,0
103841,47,22475,F,Casado,3,3,Mensual,Si,2,1
101285,30,22470,M,Casado,2,0,Mensual,Si,2,0
100967,36,22466,M,Casado,1,0,Semanal,Si,2,1
101892,47,22465,M,Casado,1,0,Semanal,Si,1,0
103538,57,22464,M,Div/Sep/Viudo,4,5,Semanal,Si,2,1
101895,60,22462,F,Casado,2,2,Mensual,Si,1,0
100850,62,22456,M,Casado,2,1,Semanal,Si,1,0
103951,37,22450,M,Casado,3,4,Semanal,Si,1,1
102164,36,22447,F,Soltero,1,2,Mensual,No,1,0
103750,26,22446,M,Casado,2,4,Semanal,Si,2,0
100848,69,22446,F,Casado,1,2,Semanal,Si,2,1
101888,35,22445,M,Casado,2,0,Mensual,Si,1,0
102156,68,22445,M,Soltero,1,1,Mensual,Si,1,1
103440,44,22444,M,Div/Sep/Viudo,3,6,Semanal,Si,2,1
102333,59,22443,M,Soltero,1,2,Semanal,No,1,0
102350,38,22441,F,Soltero,1,2,Semanal,No,1,0
101890,49,22439,F,Casado,2,1,Semanal,Si,2,1
101145,59,22432,F,Casado,2,0,Semanal,Si,2,0
102757,33,22431,M,Soltero,1,2,Mensual,No,1,0
101611,62,22428,F,Casado,2,0,Mensual,Si,1,0
101455,27,22426,M,Casado,2,2,Semanal,Si,1,0
102433,77,22425,F,Soltero,1,1,Semanal,Si,1,1
104051,41,22423,M,Casado,3,4,Mensual,Si,1,1
102496,31,22423,M,Soltero,1,3,Semanal,Si,1,0
101178,53,22420,F,Casado,1,2,Semanal,Si,1,0
101746,44,22416,M,Casado,1,1,Mensual,Si,1,1
102754,22,44530,F,Soltero,0,3,Semanal,Si,1,0
102446,34,22402,F,Soltero,1,1,Mensual,No,1,0
102336,28,22395,M,Soltero,1,2,Mensual,No,1,0
101632,28,22394,M,Casado,2,0,Mensual,Si,1,0
102135,28,22391,M,Soltero,0,1,Semanal,Si,1,0
102306,48,22387,M,Soltero,1,2,Semanal,No,1,0
102482,55,22384,M,Soltero,1,3,Semanal,No,1,0
102644,30,22383,M,Soltero,0,1,Mensual,Si,1,0
101785,21,22379,F,Casado,1,0,Mensual,Si,1,1
101774,20,22377,M,Casado,2,1,Mensual,Si,1,0
101421,85,22375,F,Casado,1,2,Semanal,Si,2,1
102014,42,22374,M,Soltero,1,2,Semanal,Si,1,0
100857,54,22366,F,Casado,1,1,Semanal,Si,1,0
102201,36,22365,M,Soltero,1,1,Mensual,Si,1,0
102457,21,22364,M,Soltero,1,1,Mensual,Si,1,0
101311,46,22362,M,Casado,2,2,Semanal,Si,2,0
102627,74,22361,M,Soltero,1,2,Mensual,No,1,1
102881,31,22357,F,Div/Sep/Viudo,2,6,Semanal,Si,2,1
103880,20,22353,F,Casado,3,4,Mensual,Si,1,1
102665,26,22351,M,Soltero,1,1,Semanal,Si,1,0
103439,55,22349,F,Div/Sep/Viudo,3,5,Semanal,Si,3,1
103840,44,22349,F,Casado,3,3,Mensual,Si,1,1
101128,62,22335,M,Casado,1,2,Semanal,Si,1,1
101030,39,22335,M,Casado,2,2,Mensual,Si,2,0
101744,51,22331,M,Casado,1,0,Mensual,Si,2,1
103370,34,22328,F,Div/Sep/Viudo,3,6,Semanal,No,2,0
102624,27,22323,M,Soltero,0,3,Semanal,No,1,0
100957,51,22318,F,Casado,2,1,Mensual,Si,1,0
101135,55,22312,M,Casado,1,1,Semanal,Si,2,1
101194,31,22310,F,Casado,1,1,Mensual,Si,1,0
101038,71,22309,F,Casado,2,0,Semanal,Si,1,1
102964,72,22308,F,Div/Sep/Viudo,4,6,Semanal,Si,2,1
103979,28,22296,F,Casado,3,4,Semanal,Si,2,0
102345,28,22294,M,Soltero,0,1,Mensual,No,1,1
102442,29,22286,F,Soltero,0,1,Mensual,No,1,0
104053,37,22281,F,Casado,3,3,Mensual,Si,1,0
101033,34,22280,M,Casado,1,0,Semanal,Si,1,0
101996,25,22277,F,Soltero,1,2,Mensual,Si,1,0
102189,29,22269,M,Soltero,1,1,Semanal,Si,1,0
103621,21,22262,M,Div/Sep/Viudo,4,6,Semanal,Si,2,1
101742,21,22262,F,Casado,2,0,Mensual,Si,1,0
101737,24,22255,M,Casado,1,0,Semanal,Si,2,1
102285,84,22253,F,Soltero,0,1,Semanal,No,1,1
101871,79,22242,F,Casado,1,0,Mensual,Si,1,1
103690,52,22238,F,Div/Sep/Viudo,4,5,Semanal,No,3,1
101183,32,22238,M,Casado,1,1,Semanal,Si,1,0
101876,24,22234,F,Casado,1,0,Semanal,Si,1,0
102031,39,22234,F,Soltero,0,2,Semanal,Si,1,0
101438,46,22232,F,Casado,2,2,Semanal,Si,2,1
101486,30,22231,F,Casado,1,0,Mensual,Si,1,0
100871,45,22231,M,Casado,2,0,Semanal,Si,2,0
103365,26,22228,F,Div/Sep/Viudo,2,5,Semanal,No,2,0
102292,32,22228,F,Soltero,0,1,Mensual,No,1,0
101491,36,22225,M,Casado,2,1,Mensual,Si,1,0
101165,80,22222,M,Casado,2,2,Semanal,Si,1,1
101186,29,22220,F,Casado,1,2,Mensual,Si,2,0
101147,46,46483,F,Casado,1,0,Mensual,Si,2,0
101868,28,22218,M,Casado,1,2,Semanal,Si,1,0
102327,27,22217,F,Soltero,0,1,Mensual,Si,1,0
101016,30,22216,M,Casado,2,2,Semanal,Si,1,0
102044,39,22214,M,Soltero,0,1,Mensual,No,1,0
101863,75,22203,M,Casado,2,0,Mensual,Si,1,1
101433,31,22203,F,Casado,2,0,Mensual,Si,2,0
101596,55,22193,F,Casado,2,2,Semanal,Si,2,1
101864,82,22192,M,Casado,2,1,Mensual,Si,1,0
102455,43,22182,M,Soltero,0,3,Semanal,Si,1,1
101494,60,22181,M,Casado,2,2,Semanal,Si,1,1
101137,29,22171,F,Casado,2,0,Mensual,Si,2,0
102948,46,22168,M,Div/Sep/Viudo,3,5,Semanal,No,2,1
101328,51,22167,F,Casado,1,2,Mensual,Si,1,0
101862,25,22166,F,Casado,1,1,Mensual,Si,1,1
102764,28,22163,M,Soltero,1,2,Semanal,Si,1,0
101858,35,22154,M,Casado,1,1,Semanal,Si,2,0
101750,30,22152,F,Casado,2,2,Semanal,Si,2,0
101148,37,22152,M,Casado,1,0,Mensual,Si,1,0
101480,24,22146,F,Casado,2,0,Semanal,Si,2,1
102324,78,22145,M,Soltero,1,2,Mensual,Si,1,1
103744,58,22140,F,Casado,2,4,Mensual,Si,1,0
101630,85,22138,F,Casado,1,2,Mensual,Si,2,1
102018,26,22137,M,Soltero,0,1,Semanal,No,1,1
102138,46,22136,F,Soltero,0,2,Semanal,Si,1,1
102468,30,22128,M,Soltero,1,3,Mensual,No,1,0
101734,26,22122,M,Casado,2,2,Mensual,Si,1,0
102297,56,22121,F,Soltero,1,2,Semanal,Si,1,1
102436,40,22121,M,Soltero,0,1,Mensual,No,1,0
102204,34,22112,M,Soltero,1,2,Semanal,No,1,0
104090,44,22109,F,Casado,3,4,Mensual,Si,2,1
101007,29,22109,M,Casado,2,0,Semanal,Si,1,0
101319,29,22104,F,Casado,1,0,Mensual,Si,2,0
102441,31,22103,M,Soltero,1,2,Semanal,Si,1,1
101886,61,22102,M,Casado,1,1,Mensual,Si,2,1
101465,59,22100,F,Casado,1,0,Semanal,Si,2,1
102151,25,22099,F,Soltero,1,3,Mensual,Si,1,0
101432,77,22098,M,Casado,1,1,Semanal,Si,1,1
102762,39,22094,M,Soltero,0,3,Semanal,Si,1,0
103622,46,22091,F,Div/Sep/Viudo,4,6,Semanal,Si,2,1
103195,30,22091,F,Div/Sep/Viudo,3,6,Semanal,Si,3,0
101921,39,22089,M,Casado,1,2,Semanal,Si,1,0
103119,26,22087,M,Div/Sep/Viudo,3,6,Semanal,Si,3,1
101773,30,22084,M,Casado,2,1,Mensual,Si,2,0
101339,54,22084,F,Casado,2,0,Semanal,Si,1,1
100983,55,22082,M,Casado,1,1,Semanal,Si,2,0
100988,47,22077,F,Casado,2,2,Semanal,Si,2,1
101631,33,22070,F,Casado,1,2,Semanal,Si,1,0
102493,25,22068,F,Soltero,0,2,Mensual,No,1,0
102182,64,22066,F,Soltero,1,1,Semanal,No,1,0
101879,57,22065,F,Casado,1,1,Semanal,Si,2,0
102196,22,22063,F,Soltero,0,1,Mensual,Si,1,0
101430,55,22061,F,Casado,2,2,Mensual,Si,2,1
103682,34,22059,M,Div/Sep/Viudo,3,6,Semanal,Si,2,0
103980,51,22058,F,Casado,3,4,Mensual,Si,2,1
100972,24,22049,F,Casado,2,2,Semanal,Si,1,0
102043,31,22041,F,Soltero,1,3,Semanal,Si,1,0
102943,41,22036,M,Div/Sep/Viudo,2,5,Semanal,Si,2,0
102339,78,22036,M,Soltero,0,1,Mensual,No,1,0
102649,41,22033,F,Soltero,0,3,Semanal,No,1,0
101608,60,22032,M,Casado,1,1,Mensual,Si,2,1
101004,43,22029,F,Casado,1,2,Mensual,Si,1,0
102785,42,22028,M,Soltero,0,3,Mensual,Si,1,0
103608,48,22026,F,Div/Sep/Viudo,2,5,Semanal,Si,3,1
102295,38,22013,F,Soltero,1,1,Mensual,No,1,0
103356,54,22012,F,Div/Sep/Viudo,2,6,Semanal,No,3,0
101169,27,22009,M,Casado,2,1,Semanal,Si,2,1
102029,38,22009,F,Soltero,1,3,Mensual,No,1,0
102153,81,22008,F,Soltero,0,1,Semanal,No,1,1
101448,61,22007,F,Casado,1,0,Mensual,Si,2,1
102746,44,22005,F,Soltero,1,3,Mensual,No,1,1
102653,58,28255,F,Soltero,1,3,Mensual,No,1,0
101283,71,22002,M,Casado,1,1,Semanal,Si,2,1
100970,21,21991,M,Casado,2,1,Semanal,Si,2,0
101434,35,21991,M,Casado,2,0,Semanal,Si,1,0
101889,31,21988,M,Casado,2,0,Semanal,Si,1,0
102200,24,21982,M,Soltero,0,3,Semanal,No,1,0
102876,85,21975,F,Div/Sep/Viudo,4,6,Semanal,Si,2,1
102176,49,21969,F,Soltero,1,2,Mensual,Si,1,1
100985,57,21961,M,Casado,2,1,Semanal,Si,1,0
100879,31,21960,F,Casado,2,2,Semanal,Si,2,0
100853,35,21953,M,Casado,1,0,Mensual,Si,1,0
101782,39,21950,F,Casado,1,2,Semanal,Si,2,1
102880,46,21945,F,Div/Sep/Viudo,2,5,Semanal,No,3,0
102608,53,21941,M,Soltero,0,1,Mensual,Si,1,0
103196,51,21938,F,Div/Sep/Viudo,3,6,Semanal,No,3,1
101759,36,21937,F,Casado,2,2,Semanal,Si,1,0
101041,72,21937,F,Casado,2,1,Mensual,Si,2,1
101153,66,21936,M,Casado,2,2,Mensual,Si,1,0
101607,44,45664,F,Casado,1,0,Semanal,Si,2,1
103781,40,21931,F,Casado,3,3,Semanal,Si,1,0
102008,35,21928,M,Soltero,1,2,Semanal,No,1,0
102447,46,21914,M,Soltero,1,1,Mensual,No,1,0
101487,64,21914,M,Casado,1,1,Semanal,Si,1,0
102308,40,21908,M,Soltero,1,3,Semanal,No,1,0
101291,32,21890,M,Casado,2,2,Semanal,Si,1,0
102205,40,21875,F,Soltero,1,3,Semanal,Si,1,0
100826,44,21875,M,Casado,1,0,Semanal,Si,1,0
101763,26,21872,M,Casado,1,2,Mensual,Si,1,0
103451,25,21870,M,Div/Sep/Viudo,3,5,Semanal,No,2,0
101018,32,21864,M,Casado,1,1,Semanal,Si,1,1
102342,72,21862,F,Soltero,1,1,Semanal,No,1,1
103111,63,21861,M,Div/Sep/Viudo,3,6,Semanal,No,3,0
101600,23,21854,M,Casado,2,0,Mensual,Si,1,1
100818,28,21852,F,Casado,2,1,Semanal,Si,2,0
101635,53,21848,F,Casado,1,1,Semanal,Si,2,0
102323,34,21843,M,Soltero,1,1,Mensual,Si,1,0
102319,47,21841,F,Soltero,1,2,Mensual,No,1,0
103749,24,21835,F,Casado,3,3,Semanal,Si,2,1
102289,39,21834,F,Soltero,1,2,Semanal,No,1,1
102462,38,21832,M,Soltero,0,3,Mensual,No,1,0
101867,57,21831,M,Casado,1,2,Mensual,Si,2,0
100841,46,21829,M,Casado,1,0,Semanal,Si,2,0
103353,41,21827,F,Div/Sep/Viudo,2,5,Semanal,Si,3,0
102033,22,21826,M,Soltero,1,2,Mensual,No,1,0
101493,83,21823,M,Casado,2,1,Semanal,Si,1,1
102141,51,21822,M,Soltero,0,3,Semanal,Si,1,0
101628,30,21821,F,Casado,1,1,Semanal,Si,2,0
101462,41,21814,M,Casado,2,0,Semanal,Si,1,0
100827,34,21810,F,Casado,1,1,Mensual,Si,2,1
102651,36,21801,M,Soltero,1,1,Mensual,No,1,0
102329,62,21796,M,Soltero,0,3,Mensual,Si,1,0
102011,28,21784,F,Soltero,0,3,Mensual,No,1,0
103685,52,21782,M,Div/Sep/Viudo,4,6,Semanal,Si,3,1
101899,63,21782,M,Casado,2,0,Mensual,Si,2,1
102960,48,21772,F,Div/Sep/Viudo,3,5,Semanal,No,3,1
101461,37,21772,M,Casado,1,2,Semanal,Si,1,0
101440,30,21772,F,Casado,1,0,Mensual,Si,2,0
101177,31,21768,M,Casado,1,2,Semanal,Si,1,0
101580,41,21761,M,Casado,1,1,Semanal,Si,1,0
101297,40,21761,M,Casado,1,0,Mensual,Si,1,0
101581,55,21757,F,Casado,1,2,Mensual,Si,2,0
103202,24,21742,F,Div/Sep/Viudo,2,5,Semanal,No,2,0
102491,62,21742,F,Soltero,1,3,Mensual,No,1,0
102026,85,33427,F,Soltero,1,1,Mensual,Si,1,1
103691,38,21737,F,Div/Sep/Viudo,4,5,Semanal,No,2,0
103274,36,21733,F,Div/Sep/Viudo,2,5,Semanal,No,2,0
103954,37,21732,M,Casado,3,3,Mensual,Si,2,0
103281,41,21732,F,Div/Sep/Viudo,2,6,Semanal,Si,3,0
101626,35,21732,F,Casado,1,0,Mensual,Si,2,1
101770,21,21731,F,Casado,1,1,Semanal,Si,1,0
103545,37,21726,M,Div/Sep/Viudo,4,6,Semanal,No,2,1
102040,42,21720,M,Soltero,1,2,Mensual,No,1,0
103982,65,21716,M,Casado,2,4,Semanal,Si,1,1
101728,28,21713,F,Casado,2,2,Mensual,Si,2,0
102790,77,21708,M,Soltero,0,1,Semanal,No,1,1
103283,34,21707,F,Div/Sep/Viudo,3,5,Semanal,Si,3,1
101783,29,21702,F,Casado,2,2,Mensual,Si,2,0
101192,51,21702,F,Casado,2,1,Semanal,Si,1,0
102291,33,21701,F,Soltero,0,1,Mensual,Si,1,0
100878,39,21701,M,Casado,2,0,Semanal,Si,1,0
101784,40,21696,F,Casado,2,2,Semanal,Si,2,0
101634,50,21692,M,Casado,1,0,Mensual,Si,2,0
101292,38,21692,F,Casado,1,1,Mensual,Si,1,0
102184,37,21691,F,Soltero,0,1,Semanal,Si,1,0
103681,34,21685,M,Div/Sep/Viudo,2,5,Semanal,No,3,0
102191,48,21682,M,Soltero,1,3,Semanal,No,1,0
103981,32,21681,M,Casado,3,3,Semanal,Si,1,1
103275,66,21676,F,Div/Sep/Viudo,2,5,Semanal,No,3,0
103875,40,21673,M,Casado,3,3,Mensual,Si,2,1
102311,23,21671,M,Soltero,1,2,Mensual,Si,1,0
101787,44,21666,F,Casado,1,0,Semanal,Si,2,0
102959,47,21663,F,Div/Sep/Viudo,3,5,Semanal,Si,2,0
103754,66,21663,F,Casado,3,4,Mensual,Si,1,1
103953,30,21660,M,Casado,2,4,Semanal,Si,2,0
101026,29,21652,F,Casado,2,1,Mensual,Si,1,0
102883,50,21650,M,Div/Sep/Viudo,4,5,Semanal,Si,3,1
102628,61,21650,F,Soltero,1,3,Semanal,Si,1,1
101718,30,21647,M,Casado,2,2,Mensual,Si,1,0
102059,43,21646,M,Soltero,1,3,Semanal,No,1,0
102666,38,21627,M,Soltero,1,3,Mensual,No,1,0
101431,30,21626,M,Casado,1,1,Mensual,Si,2,0
102765,38,21623,F,Soltero,1,2,Semanal,No,1,0
102213,59,21620,F,Soltero,1,3,Semanal,Si,1,1
102494,40,46155,M,Soltero,1,1,Mensual,Si,1,0
100812,37,21618,F,Casado,1,0,Mensual,Si,2,0
101146,49,21616,M,Casado,2,2,Mensual,Si,2,1
101324,62,21616,F,Casado,2,1,Mensual,Si,1,0
101614,28,21616,F,Casado,2,0,Mensual,Si,1,0
102454,44,21614,M,Soltero,0,1,Mensual,Si,1,0
101719,34,21611,M,Casado,2,2,Semanal,Si,2,0
102795,40,21610,M,Soltero,1,1,Mensual,Si,1,0
100977,51,21604,M,Casado,2,1,Mensual,Si,2,0
103124,35,21599,M,Div/Sep/Viudo,4,6,Semanal,Si,2,1
102166,38,21596,M,Soltero,0,1,Mensual,No,1,0
103113,57,21595,F,Div/Sep/Viudo,4,6,Semanal,No,2,1
101142,46,44338,F,Casado,1,1,Mensual,Si,2,0
100954,38,21592,M,Casado,1,2,Mensual,Si,1,0
102597,41,21586,F,Soltero,0,3,Mensual,Si,1,0
101011,40,21582,F,Casado,1,2,Mensual,Si,2,0
101000,22,21580,F,Casado,1,0,Semanal,Si,1,0
102636,42,21574,M,Soltero,1,2,Mensual,Si,1,0
102149,25,21563,F,Soltero,1,1,Semanal,Si,1,1
100816,61,21561,M,Casado,1,1,Semanal,Si,2,0
103689,25,21560,M,Div/Sep/Viudo,3,6,Semanal,Si,2,1
100858,34,21557,F,Casado,1,2,Mensual,Si,1,0
101621,32,21554,M,Casado,2,2,Semanal,Si,1,0
102150,71,21550,F,Soltero,1,1,Semanal,Si,1,1
101139,60,21548,M,Casado,2,1,Semanal,Si,1,1
102963,20,21544,M,Div/Sep/Viudo,4,5,Semanal,No,3,1
102443,39,21544,M,Soltero,0,2,Mensual,No,1,1
103204,27,21539,F,Div/Sep/Viudo,2,6,Semanal,No,3,0
104015,42,21537,F,Casado,2,4,Semanal,Si,2,0
101164,50,21536,M,Casado,2,1,Semanal,Si,2,0
101320,43,25547,F,Casado,1,1,Mensual,Si,1,0
102787,52,21534,M,Soltero,1,2,Mensual,Si,1,1
100881,36,21533,M,Casado,2,0,Mensual,Si,1,0
101471,44,27986,M,Casado,2,0,Mensual,Si,1,0
101872,51,21531,F,Casado,1,0,Semanal,Si,2,0
102638,33,21531,F,Soltero,1,3,Semanal,Si,1,0
100830,29,21530,M,Casado,2,2,Mensual,Si,2,0
103121,31,21527,F,Div/Sep/Viudo,4,5,Semanal,Si,3,1
100877,37,21525,F,Casado,2,0,Semanal,Si,1,0
101196,39,21524,F,Casado,2,1,Mensual,Si,2,0
102952,45,21522,F,Div/Sep/Viudo,4,5,Semanal,Si,3,1
101167,30,21522,M,Casado,2,0,Semanal,Si,2,0
102962,52,21520,M,Div/Sep/Viudo,4,5,Semanal,Si,2,0
102954,79,21519,F,Div/Sep/Viudo,4,6,Semanal,No,3,1
101458,32,21515,M,Casado,2,0,Mensual,Si,2,0
100855,85,21508,F,Casado,1,0,Semanal,Si,2,0
101185,83,21507,M,Casado,1,0,Semanal,Si,2,1
100813,39,21502,M,Casado,1,0,Mensual,Si,2,0
102326,37,21501,F,Soltero,1,3,Mensual,No,1,0
104087,31,21498,F,Casado,2,4,Mensual,Si,1,0
102603,55,21498,F,Soltero,1,1,Mensual,No,1,0
102019,40,21491,F,Soltero,0,2,Mensual,No,1,0
102480,42,21488,M,Soltero,1,2,Semanal,Si,1,0
101322,29,21484,F,Casado,2,0,Semanal,Si,2,1
101593,55,21481,F,Casado,2,0,Mensual,Si,2,0
101999,36,21479,F,Soltero,0,1,Semanal,No,1,1
100995,27,21478,F,Casado,2,0,Mensual,Si,2,1
102748,38,21477,F,Soltero,0,2,Semanal,Si,1,0
101601,30,21476,M,Casado,2,1,Mensual,Si,2,0
101334,66,21475,F,Casado,2,2,Semanal,Si,2,0
100876,83,21468,M,Casado,1,2,Semanal,Si,2,1
102605,39,21455,M,Soltero,1,1,Semanal,Si,1,0
103122,59,21453,F,Div/Sep/Viudo,4,5,Semanal,No,2,0
102023,59,21449,F,Soltero,0,1,Mensual,No,1,0
101613,18,21446,F,Casado,2,0,Mensual,Si,2,0
103748,31,21441,M,Casado,3,4,Mensual,Si,2,1
102750,41,21438,F,Soltero,1,1,Semanal,Si,1,1
102635,34,21438,M,Soltero,1,1,Semanal,Si,1,0
102001,30,21428,M,Soltero,0,2,Semanal,No,1,0
101454,60,21425,F,Casado,2,1,Semanal,Si,1,1
102294,33,30219,F,Soltero,0,2,Mensual,No,1,0
102202,45,21421,M,Soltero,1,1,Mensual,No,1,0
101333,58,21417,F,Casado,2,2,Mensual,Si,1,0
103612,68,37477,M,Div/Sep/Viudo,3,6,Semanal,Si,3,1
101637,27,21411,M,Casado,2,0,Semanal,Si,1,0
101584,28,21409,M,Casado,1,2,Semanal,Si,2,0
101636,43,21406,M,Casado,1,2,Semanal,Si,2,0
102769,21,21403,M,Soltero,0,3,Mensual,Si,1,0
101314,28,21394,M,Casado,1,2,Mensual,Si,1,0
101010,63,21392,M,Casado,1,0,Semanal,Si,2,1
101198,50,21391,M,Casado,2,2,Semanal,Si,1,0
102777,37,21387,M,Soltero,1,3,Mensual,Si,1,0
102431,47,21383,M,Soltero,0,2,Mensual,No,1,0
101754,51,21382,M,Casado,2,1,Mensual,Si,1,1
102004,25,21378,M,Soltero,1,2,Semanal,No,1,0
102173,33,21369,M,Soltero,1,1,Semanal,Si,1,0
102027,67,21368,F,Soltero,1,1,Mensual,No,1,0
102961,43,21365,F,Div/Sep/Viudo,4,5,Semanal,Si,3,1
102604,44,21360,M,Soltero,1,1,Semanal,Si,1,1
102325,39,21360,M,Soltero,1,2,Mensual,Si,1,0
101788,22,21355,F,Casado,1,2,Mensual,Si,1,0
100814,31,21349,M,Casado,1,0,Semanal,Si,2,0
101898,46,21347,M,Casado,1,2,Mensual,Si,1,0
101906,33,21343,M,Casado,2,2,Mensual,Si,2,0
102440,27,21343,F,Soltero,1,2,Mensual,No,1,0
103036,28,21337,F,Div/Sep/Viudo,3,5,Semanal,No,3,0
101736,67,21337,F,Casado,1,0,Semanal,Si,1,0
101317,33,21334,F,Casado,1,2,Semanal,Si,2,0
102318,62,21332,F,Soltero,1,1,Mensual,No,1,1
103197,44,21329,F,Div/Sep/Viudo,4,5,Semanal,No,2,1
101138,36,21327,F,Casado,2,0,Semanal,Si,2,0
102741,30,21325,M,Soltero,0,1,Mensual,No,1,0
102766,50,21324,F,Soltero,1,2,Semanal,No,1,0
102341,58,21324,F,Soltero,0,1,Semanal,No,1,1
102477,52,21322,F,Soltero,0,3,Semanal,Si,1,1
100820,25,21321,M,Casado,1,0,Mensual,Si,2,1
103916,33,21320,F,Casado,2,3,Mensual,Si,1,0
102484,34,21317,M,Soltero,0,1,Semanal,Si,1,0
101136,21,21317,M,Casado,1,2,Mensual,Si,1,0
102751,47,21315,F,Soltero,1,2,Mensual,No,1,0
102663,49,21306,F,Soltero,0,3,Mensual,Si,1,1
101166,49,21306,M,Casado,1,1,Mensual,Si,1,1
100975,46,21305,M,Casado,1,2,Semanal,Si,1,0
101316,35,21295,M,Casado,1,2,Semanal,Si,1,0
101031,29,21294,F,Casado,1,0,Mensual,Si,2,0
103984,35,21290,F,Casado,3,4,Mensual,Si,2,0
101748,44,21290,M,Casado,1,2,Semanal,Si,2,0
102613,64,21288,F,Soltero,1,2,Semanal,No,1,1
100962,40,21288,F,Casado,1,2,Mensual,Si,2,0
100867,40,21287,F,Casado,1,2,Mensual,Si,2,0
102199,22,21284,M,Soltero,0,3,Semanal,No,1,1
102660,45,21277,M,Soltero,0,1,Semanal,Si,1,1
102657,66,21274,M,Soltero,1,2,Mensual,Si,1,1
102950,38,21271,F,Div/Sep/Viudo,3,6,Semanal,No,2,0
101457,37,21271,F,Casado,1,2,Mensual,Si,1,1
102051,34,21269,F,Soltero,0,1,Mensual,Si,1,0
101001,51,21266,F,Casado,1,1,Mensual,Si,1,1
102461,22,21261,F,Soltero,0,2,Mensual,No,1,0
100852,62,21257,F,Casado,1,0,Mensual,Si,1,0
101726,36,21253,M,Casado,2,1,Semanal,Si,1,0
102296,46,21251,M,Soltero,1,2,Mensual,No,1,1
103809,53,21247,M,Casado,2,4,Semanal,Si,2,1
102659,28,21245,F,Soltero,0,1,Mensual,No,1,0
101173,39,21243,F,Casado,1,0,Mensual,Si,2,0
101141,36,21242,M,Casado,1,0,Semanal,Si,2,1
101870,26,21238,M,Casado,1,0,Mensual,Si,2,1
102162,58,21238,M,Soltero,1,1,Mensual,No,1,1
102618,35,21237,F,Soltero,1,2,Mensual,Si,1,1
104088,26,21236,M,Casado,3,4,Mensual,Si,2,1
101447,40,21232,F,Casado,2,2,Semanal,Si,2,0
102154,24,21231,F,Soltero,0,3,Mensual,Si,1,0
101597,33,21229,F,Casado,1,0,Mensual,Si,1,0
102317,44,21221,F,Soltero,0,3,Mensual,No,1,1
101885,24,21217,M,Casado,1,1,Mensual,Si,1,1
101347,50,21212,M,Casado,2,0,Semanal,Si,2,1
102354,41,21210,F,Soltero,0,3,Semanal,Si,1,0
101130,53,21209,M,Casado,2,1,Mensual,Si,2,0
100964,53,21208,F,Casado,2,2,Mensual,Si,1,0
103683,33,21204,F,Div/Sep/Viudo,4,5,Semanal,No,3,0
101335,33,21200,M,Casado,1,0,Mensual,Si,1,0
102953,47,21198,M,Div/Sep/Viudo,4,6,Semanal,Si,2,1
103279,27,21192,F,Div/Sep/Viudo,3,6,Semanal,No,3,0
100842,27,21190,F,Casado,1,1,Semanal,Si,1,0
101473,31,21190,F,Casado,2,2,Mensual,Si,2,0
101133,25,21190,M,Casado,2,2,Semanal,Si,2,1
102761,26,21189,M,Soltero,0,1,Semanal,No,1,0
104092,26,21184,F,Casado,3,3,Mensual,Si,1,0
101309,35,21184,M,Casado,2,1,Semanal,Si,2,1
101997,34,21184,M,Soltero,1,3,Mensual,No,1,0
101877,56,21175,M,Casado,1,0,Semanal,Si,1,0
101627,35,21173,F,Casado,1,0,Semanal,Si,1,0
101189,38,21168,F,Casado,2,1,Mensual,Si,1,0
102465,76,21167,M,Soltero,1,3,Semanal,Si,1,0
101132,20,21166,M,Casado,2,1,Semanal,Si,1,0
100836,42,21160,F,Casado,1,2,Semanal,Si,1,0
100888,36,21159,M,Casado,2,0,Semanal,Si,1,0
103952,44,21157,F,Casado,3,3,Mensual,Si,2,1
102599,32,21155,M,Soltero,0,1,Semanal,No,1,0
102444,35,21155,F,Soltero,0,2,Semanal,Si,1,0
102744,63,21154,M,Soltero,0,2,Mensual,Si,1,0
102053,47,21154,M,Soltero,0,1,Semanal,Si,1,1
100859,36,21151,F,Casado,2,0,Mensual,Si,2,0
102145,30,21150,F,Soltero,1,2,Mensual,No,1,0
103544,27,21141,F,Div/Sep/Viudo,4,6,Semanal,Si,2,1
101321,33,21141,M,Casado,1,1,Semanal,Si,2,0
102490,37,21139,F,Soltero,1,3,Mensual,Si,1,0
101992,76,21138,M,Soltero,0,1,Mensual,No,1,1
101009,41,36670,M,Casado,1,0,Mensual,Si,2,0
101012,31,21136,F,Casado,1,2,Semanal,Si,1,0
103745,20,21132,F,Casado,2,3,Semanal,Si,1,0
103449,29,21127,F,Div/Sep/Viudo,2,5,Semanal,No,3,0
101908,33,21127,F,Casado,1,0,Semanal,Si,1,0
101887,43,21126,M,Casado,1,2,Semanal,Si,1,0
103033,33,21125,F,Div/Sep/Viudo,4,6,Semanal,Si,3,1
102600,77,21123,M,Soltero,0,2,Mensual,No,1,1
100868,36,21121,M,Casado,1,2,Semanal,Si,1,0
100979,57,21121,M,Casado,2,2,Semanal,Si,1,0
101429,23,21120,F,Casado,2,0,Mensual,Si,2,0
101760,38,21117,F,Casado,1,1,Mensual,Si,1,0
101184,29,21116,F,Casado,1,0,Mensual,Si,2,0
102593,58,21109,F,Soltero,0,1,Semanal,No,1,0
102626,34,21108,M,Soltero,1,1,Semanal,Si,1,0
102775,64,21106,M,Soltero,0,3,Semanal,Si,1,1
102652,50,21104,F,Soltero,1,3,Mensual,Si,1,1
102175,32,21097,F,Soltero,1,1,Semanal,No,1,1
103125,27,21092,M,Div/Sep/Viudo,4,6,Semanal,No,2,1
101875,30,21090,M,Casado,1,2,Semanal,Si,1,1
101307,35,21088,F,Casado,2,0,Semanal,Si,2,0
102017,49,21080,F,Soltero,0,1,Mensual,Si,1,0
101758,39,21074,M,Casado,2,2,Semanal,Si,1,0
102035,53,21070,M,Soltero,1,2,Semanal,No,1,1
100882,66,21066,M,Casado,2,0,Mensual,Si,2,0
104089,39,21061,F,Casado,3,4,Mensual,Si,1,0
102778,28,21060,F,Soltero,1,3,Mensual,Si,1,1
101344,45,21059,M,Casado,1,1,Mensual,Si,2,0
103607,81,21056,F,Div/Sep/Viudo,2,5,Semanal,Si,3,1
101776,54,21049,M,Casado,2,1,Semanal,Si,1,1
101300,43,21039,M,Casado,2,0,Semanal,Si,1,0
101029,29,21038,M,Casado,2,2,Mensual,Si,1,0
100822,36,21036,M,Casado,1,2,Semanal,Si,2,1
101919,24,21035,F,Casado,1,1,Mensual,Si,2,1
102478,26,21035,F,Soltero,1,1,Mensual,No,1,0
103684,45,21032,F,Div/Sep/Viudo,4,6,Semanal,Si,3,1
102055,22,21029,M,Soltero,1,2,Mensual,Si,1,0
100978,34,21026,F,Casado,2,2,Mensual,Si,1,1
101855,26,21023,M,Casado,1,1,Mensual,Si,1,0
104019,27,21019,F,Casado,3,4,Semanal,Si,1,0
101909,40,21018,M,Casado,1,1,Mensual,Si,2,0
101284,30,21014,F,Casado,1,2,Mensual,Si,1,0
102783,24,21011,F,Soltero,1,3,Semanal,Si,1,0
101720,32,21007,F,Casado,1,0,Mensual,Si,1,0
101764,24,21007,F,Casado,1,2,Mensual,Si,2,1
104018,62,21002,F,Casado,2,3,Semanal,Si,2,0
101917,51,20995,F,Casado,2,2,Semanal,Si,1,0
103284,50,20994,M,Div/Sep/Viudo,3,5,Semanal,Si,2,0
102009,29,20994,M,Soltero,1,3,Mensual,No,1,0
101332,46,20993,F,Casado,2,2,Mensual,Si,1,0
103913,42,20992,M,Casado,3,4,Mensual,Si,2,1
101179,30,20988,M,Casado,2,0,Semanal,Si,1,0
103438,38,20986,M,Div/Sep/Viudo,3,5,Semanal,Si,2,0
100834,23,20985,F,Casado,1,1,Mensual,Si,2,0
101450,27,20984,M,Casado,1,1,Mensual,Si,2,0
103879,37,20980,F,Casado,3,4,Semanal,Si,2,0
101882,33,20979,M,Casado,2,1,Mensual,Si,2,0
100861,44,20977,F,Casado,2,1,Mensual,Si,1,0
101338,30,20974,F,Casado,1,2,Semanal,Si,1,0
102049,34,20971,M,Soltero,1,2,Semanal,Si,1,0
101730,38,20970,F,Casado,2,1,Mensual,Si,1,1
101154,29,20964,M,Casado,2,2,Mensual,Si,2,0
103618,34,20963,F,Div/Sep/Viudo,3,5,Semanal,No,3,0
102747,42,20963,F,Soltero,0,1,Semanal,No,1,0
101151,69,20961,F,Casado,1,1,Mensual,Si,1,1
102022,29,20961,M,Soltero,1,3,Mensual,Si,1,1
101463,33,20959,M,Casado,2,1,Semanal,Si,1,0
101312,54,20958,F,Casado,1,0,Mensual,Si,1,0
102610,60,20949,M,Soltero,0,3,Mensual,Si,1,1
102041,47,20947,M,Soltero,1,2,Semanal,Si,1,0
100980,59,20946,M,Casado,1,0,Semanal,Si,1,1
101470,29,20943,M,Casado,1,2,Semanal,Si,1,0
102772,57,20942,F,Soltero,1,2,Mensual,No,1,1
103109,51,20941,M,Div/Sep/Viudo,3,5,Semanal,Si,2,1
102353,27,20938,F,Soltero,0,2,Mensual,Si,1,0
102284,34,20935,M,Soltero,0,1,Mensual,Si,1,0
100996,21,20926,F,Casado,2,0,Mensual,Si,1,0
100869,41,20924,F,Casado,2,0,Mensual,Si,2,1
102656,56,20923,F,Soltero,1,1,Semanal,Si,1,0
102472,32,20923,M,Soltero,1,1,Mensual,Si,1,0
101778,28,20921,F,Casado,1,0,Semanal,Si,1,0
102475,27,20920,M,Soltero,0,1,Mensual,No,1,0
101615,38,20919,F,Casado,2,0,Semanal,Si,2,1
101008,47,20919,M,Casado,2,1,Mensual,Si,2,0
102488,70,20905,M,Soltero,1,2,Semanal,Si,1,1
100968,20,20903,F,Casado,2,0,Semanal,Si,1,0
102489,66,20901,F,Soltero,1,2,Semanal,No,1,1
101595,41,20896,M,Casado,2,2,Semanal,Si,2,0
100883,55,20893,M,Casado,2,0,Semanal,Si,2,1
101122,50,20890,M,Casado,1,0,Semanal,Si,2,0
100884,39,20889,F,Casado,1,0,Semanal,Si,1,1
102161,39,20885,M,Soltero,1,1,Mensual,No,1,0
102879,44,20884,F,Div/Sep/Viudo,2,5,Semanal,No,3,1
102957,35,20880,M,Div/Sep/Viudo,2,6,Semanal,Si,3,1
102357,36,20876,M,Soltero,1,3,Mensual,No,1,1
101126,48,20874,M,Casado,1,1,Semanal,Si,2,1
101993,29,20872,F,Soltero,0,2,Mensual,No,1,0
102758,57,20865,F,Soltero,1,2,Semanal,No,1,1
101913,55,20865,F,Casado,1,2,Semanal,Si,2,1
104016,33,20863,M,Casado,2,4,Mensual,Si,2,0
101740,48,45542,F,Casado,1,2,Semanal,Si,2,0
100832,46,20857,M,Casado,1,0,Semanal,Si,2,1
101732,32,20857,F,Casado,2,1,Mensual,Si,1,0
100974,50,20857,M,Casado,1,2,Mensual,Si,1,1
100847,68,20852,M,Casado,1,1,Mensual,Si,2,1
101306,58,22969,F,Casado,1,2,Semanal,Si,2,1
102439,24,20847,M,Soltero,1,2,Mensual,No,1,0
102288,46,20841,F,Soltero,1,2,Semanal,Si,1,0
102763,54,20837,F,Soltero,1,2,Mensual,No,1,1
102309,31,20836,F,Soltero,1,1,Semanal,Si,1,0
101281,57,20830,F,Casado,1,0,Mensual,Si,2,1
102185,30,20829,M,Soltero,0,2,Semanal,No,1,0
101617,35,20828,F,Casado,1,0,Semanal,Si,2,0
101914,30,20826,M,Casado,2,0,Semanal,Si,1,0
101731,29,20819,F,Casado,2,0,Mensual,Si,1,0
101727,44,20818,F,Casado,2,2,Mensual,Si,1,0
101779,25,20816,F,Casado,1,1,Mensual,Si,2,0
101302,36,20815,M,Casado,2,2,Semanal,Si,1,1
102495,44,20811,M,Soltero,1,2,Mensual,Si,1,0
100844,30,20808,M,Casado,2,1,Semanal,Si,2,0
102958,62,20807,F,Div/Sep/Viudo,2,6,Semanal,No,2,0
100992,37,20806,M,Casado,1,0,Semanal,Si,1,1
102458,73,20799,M,Soltero,1,2,Mensual,Si,1,1
102767,24,20797,M,Soltero,1,3,Semanal,No,1,0
103877,45,20792,F,Casado,2,3,Semanal,Si,2,0
103280,42,20790,F,Div/Sep/Viudo,4,5,Semanal,Si,3,1
103753,34,35767,F,Casado,3,4,Semanal,Si,2,1
101423,39,39158,M,Casado,2,0,Semanal,Si,1,0
102187,48,20785,F,Soltero,0,3,Semanal,Si,1,1
102460,51,20777,M,Soltero,0,1,Semanal,No,1,0
103978,37,20772,F,Casado,2,4,Semanal,Si,2,1
101331,45,20766,F,Casado,2,1,Mensual,Si,1,1
102003,29,20764,F,Soltero,1,2,Mensual,Si,1,0
102470,52,20761,F,Soltero,0,3,Mensual,No,1,0
100989,67,20760,F,Casado,2,2,Semanal,Si,1,0
101420,53,20757,M,Casado,2,2,Mensual,Si,2,1
102015,30,40050,F,Soltero,1,3,Mensual,Si,1,0
103541,28,20750,M,Div/Sep/Viudo,3,5,Semanal,Si,2,1
101287,85,20730,M,Casado,1,0,Mensual,Si,2,1
100872,65,20717,M,Casado,2,1,Mensual,Si,2,0
103198,51,20714,F,Div/Sep/Viudo,4,6,Semanal,No,3,1
103034,69,20710,F,Div/Sep/Viudo,2,5,Semanal,Si,3,0
102655,39,20710,F,Soltero,1,1,Mensual,Si,1,0
102190,51,20708,F,Soltero,1,2,Semanal,Si,1,1
101912,61,20704,M,Casado,1,2,Semanal,Si,2,1
101891,35,20696,F,Casado,1,0,Mensual,Si,1,0
102168,46,20691,M,Soltero,1,2,Mensual,Si,1,0
100960,58,20690,F,Casado,2,2,Mensual,Si,2,0
102742,27,20686,F,Soltero,0,1,Semanal,Si,1,0
103454,34,20680,M,Div/Sep/Viudo,4,5,Semanal,No,3,1
101866,58,20680,F,Casado,1,2,Mensual,Si,1,0
101582,42,20678,M,Casado,1,2,Mensual,Si,1,0
101605,40,20678,M,Casado,1,2,Semanal,Si,2,1
102642,38,20675,M,Soltero,1,2,Semanal,Si,1,0
101144,60,20674,M,Casado,1,2,Semanal,Si,2,1
100815,28,20671,M,Casado,1,1,Semanal,Si,1,0
100837,33,20671,M,Casado,1,2,Semanal,Si,2,0
102331,25,20670,M,Soltero,0,3,Semanal,Si,1,0
101604,35,20669,M,Casado,1,0,Semanal,Si,2,0
101483,41,20669,F,Casado,2,2,Semanal,Si,2,0
101466,22,20668,M,Casado,1,1,Mensual,Si,2,1
102770,29,20666,F,Soltero,0,3,Mensual,No,1,1
102210,42,20661,F,Soltero,0,3,Semanal,Si,1,0
102338,46,20660,M,Soltero,1,3,Semanal,No,1,0
102007,76,20658,F,Soltero,0,3,Semanal,No,1,1
102622,49,20655,M,Soltero,0,1,Semanal,No,1,1
102615,37,20639,M,Soltero,0,1,Mensual,No,1,0
101140,41,20635,M,Casado,2,1,Semanal,Si,1,0
103842,41,20633,M,Casado,2,4,Mensual,Si,1,1
101588,33,20631,M,Casado,2,2,Semanal,Si,1,0
101459,43,20623,F,Casado,1,0,Mensual,Si,2,1
103543,33,20622,F,Div/Sep/Viudo,3,6,Semanal,No,3,0
103807,44,20621,M,Casado,2,4,Semanal,Si,2,0
102137,38,20619,M,Soltero,0,2,Semanal,Si,1,1
102945,36,20617,M,Div/Sep/Viudo,2,5,Semanal,No,3,0
103199,36,20609,F,Div/Sep/Viudo,2,5,Semanal,Si,2,1
102188,52,20608,M,Soltero,1,1,Mensual,Si,1,0
103458,50,20602,F,Div/Sep/Viudo,4,6,Semanal,No,3,0
100862,35,20602,M,Casado,2,1,Semanal,Si,1,0
101040,51,20599,F,Casado,2,1,Mensual,Si,1,0
103200,38,20594,F,Div/Sep/Viudo,2,5,Semanal,Si,3,1
101721,38,20592,F,Casado,1,0,Mensual,Si,2,0
102036,33,20589,M,Soltero,1,3,Mensual,Si,1,0
103752,72,20588,M,Casado,3,4,Semanal,Si,2,1
102788,69,20588,M,Soltero,0,3,Semanal,Si,1,1
102786,31,20587,M,Soltero,1,1,Mensual,No,1,0
101308,35,20586,F,Casado,2,1,Semanal,Si,1,0
101765,45,20586,F,Casado,1,2,Semanal,Si,1,0
101313,48,20581,M,Casado,1,1,Semanal,Si,1,0
101589,28,20580,M,Casado,1,0,Mensual,Si,2,1
103950,29,20579,F,Casado,2,3,Semanal,Si,1,0
104086,18,20572,F,Casado,2,4,Semanal,Si,1,0
102452,48,20570,M,Soltero,0,3,Mensual,Si,1,0
102743,24,20568,M,Soltero,0,1,Semanal,No,1,1
101915,31,20568,M,Casado,2,1,Semanal,Si,1,0
100845,54,20568,M,Casado,2,1,Semanal,Si,2,0
102056,53,20564,F,Soltero,1,2,Semanal,No,1,0
103747,70,20563,F,Casado,3,4,Semanal,Si,2,1
102623,81,20559,F,Soltero,0,2,Semanal,No,1,1
102485,85,20559,F,Soltero,0,1,Semanal,No,1,1
101349,34,20558,F,Casado,1,2,Semanal,Si,1,0
102631,32,20555,M,Soltero,1,3,Mensual,No,1,0
101485,46,20555,M,Casado,1,0,Mensual,Si,1,0
101019,25,20546,M,Casado,1,2,Semanal,Si,1,1
102328,36,20542,M,Soltero,0,1,Semanal,Si,1,0
100991,41,20541,M,Casado,1,0,Semanal,Si,2,1
103537,47,20536,F,Div/Sep/Viudo,4,5,Semanal,Si,2,0
101172,49,20536,F,Casado,1,0,Mensual,Si,2,0
102335,35,20536,M,Soltero,1,1,Mensual,No,1,0
102620,26,20535,M,Soltero,1,3,Semanal,Si,1,0
102483,27,20533,M,Soltero,0,1,Mensual,Si,1,0
102793,21,20528,F,Soltero,1,3,Semanal,Si,1,0
102451,32,20526,M,Soltero,0,2,Mensual,Si,1,0
101032,25,20522,F,Casado,1,0,Mensual,Si,2,0
100838,33,20521,F,Casado,2,0,Mensual,Si,2,0
102005,45,20514,F,Soltero,0,2,Mensual,Si,1,1
100854,26,20510,F,Casado,1,0,Semanal,Si,1,0
102305,40,20509,F,Soltero,1,2,Mensual,No,1,0
101442,35,20508,M,Casado,1,1,Semanal,Si,2,0
101325,44,20502,F,Casado,1,0,Mensual,Si,2,1
103450,49,20501,M,Div/Sep/Viudo,3,5,Semanal,Si,3,1
102594,35,20497,M,Soltero,0,2,Mensual,Si,1,0
101195,39,20497,M,Casado,2,0,Semanal,Si,2,1
100986,35,20497,F,Casado,2,1,Semanal,Si,1,0
103038,33,20495,F,Div/Sep/Viudo,4,5,Semanal,Si,2,1
101618,31,20495,F,Casado,1,1,Semanal,Si,2,0
102459,47,20486,F,Soltero,1,2,Mensual,Si,1,0
102956,65,20482,F,Div/Sep/Viudo,2,5,Semanal,No,2,1
101896,61,20480,M,Casado,2,2,Mensual,Si,1,0
102875,25,20478,M,Div/Sep/Viudo,4,5,Semanal,No,2,0
101171,64,20478,M,Casado,2,2,Semanal,Si,1,0
102347,28,20477,F,Soltero,0,2,Semanal,Si,1,0
102789,41,20473,F,Soltero,1,1,Semanal,No,1,1
103533,44,20472,F,Div/Sep/Viudo,2,5,Semanal,No,2,0
100956,24,20468,F,Casado,1,2,Semanal,Si,1,0
102050,37,20467,M,Soltero,1,3,Semanal,Si,1,0
101755,66,20463,F,Casado,2,1,Semanal,Si,1,0
102492,20,20459,F,Soltero,1,3,Semanal,No,1,1
101623,85,20456,M,Casado,2,2,Semanal,Si,2,1
102178,21,20453,M,Soltero,0,2,Mensual,No,1,0
101160,44,20453,M,Casado,1,2,Semanal,Si,1,1
103437,24,20452,F,Div/Sep/Viudo,2,5,Semanal,Si,2,0
103845,46,20452,M,Casado,3,3,Semanal,Si,1,1
101288,60,20448,M,Casado,1,0,Semanal,Si,2,0
101159,53,20444,F,Casado,1,2,Mensual,Si,1,0
101425,57,20444,F,Casado,2,1,Mensual,Si,2,1
102016,35,20443,F,Soltero,1,3,Semanal,Si,1,0
103780,24,20439,F,Casado,2,4,Mensual,Si,2,0
101437,66,20438,M,Casado,2,2,Mensual,Si,2,0
101201,85,20436,M,Casado,2,0,Mensual,Si,1,0
101418,41,23703,F,Casado,1,2,Semanal,Si,1,0
101612,34,20430,F,Casado,2,1,Semanal,Si,1,0
100976,30,20427,F,Casado,2,0,Mensual,Si,2,0
102596,52,20423,M,Soltero,0,2,Semanal,Si,1,0
103193,58,20422,F,Div/Sep/Viudo,2,6,Semanal,No,3,1
101161,34,20419,M,Casado,1,2,Semanal,Si,2,0
102619,72,20418,F,Soltero,1,2,Mensual,No,1,1
100997,50,20417,M,Casado,2,0,Semanal,Si,1,0
101337,40,20417,M,Casado,1,2,Semanal,Si,1,1
101422,44,20410,M,Casado,2,0,Mensual,Si,2,0
103117,28,20407,M,Div/Sep/Viudo,3,5,Semanal,No,2,1
101591,52,20405,F,Casado,1,2,Mensual,Si,2,0
102782,28,20396,M,Soltero,1,2,Semanal,No,1,0
102207,33,30355,M,Soltero,0,2,Mensual,Si,1,0
101013,38,20392,F,Casado,2,0,Semanal,Si,2,1
101995,81,20385,M,Soltero,1,1,Semanal,Si,1,1
103201,43,20383,M,Div/Sep/Viudo,2,5,Semanal,No,2,0
101015,29,20380,F,Casado,2,1,Mensual,Si,2,0
101416,44,20377,M,Casado,1,1,Mensual,Si,1,0
101419,49,20376,M,Casado,2,2,Mensual,Si,2,1
101318,62,20375,M,Casado,2,1,Mensual,Si,1,0
103114,39,20374,F,Div/Sep/Viudo,4,6,Semanal,No,3,0
101443,30,20371,F,Casado,2,0,Mensual,Si,2,1
101445,85,20370,F,Casado,2,2,Mensual,Si,2,1
103610,44,20364,M,Div/Sep/Viudo,2,6,Semanal,Si,2,0
102300,29,20363,F,Soltero,0,1,Mensual,Si,1,0
102753,39,20362,F,Soltero,0,3,Mensual,Si,1,0
101775,33,39875,F,Casado,2,1,Semanal,Si,2,0
102602,64,20360,M,Soltero,1,1,Mensual,Si,1,1
103448,49,20359,M,Div/Sep/Viudo,4,6,Semanal,No,2,1
101310,35,20358,M,Casado,2,1,Semanal,Si,2,1
101427,58,20356,M,Casado,1,2,Mensual,Si,1,1
100849,38,20355,F,Casado,2,0,Semanal,Si,2,1
102165,38,20349,M,Soltero,1,3,Semanal,Si,1,0
102197,30,20339,F,Soltero,0,1,Semanal,No,1,0
102768,30,20333,F,Soltero,0,1,Semanal,Si,1,0
102038,85,20326,M,Soltero,0,2,Semanal,Si,1,1
102632,57,20323,F,Soltero,1,3,Semanal,Si,1,0
102438,22,20323,F,Soltero,1,1,Mensual,Si,1,0
101155,28,20322,F,Casado,1,0,Mensual,Si,1,0
101348,26,20314,F,Casado,2,1,Mensual,Si,1,0
102469,40,20312,F,Soltero,0,1,Mensual,No,1,0
103614,34,20310,F,Div/Sep/Viudo,2,5,Semanal,No,2,0
102192,70,20310,M,Soltero,0,1,Semanal,No,1,0
103539,35,20308,F,Div/Sep/Viudo,4,6,Semanal,Si,3,0
103285,83,20305,F,Div/Sep/Viudo,4,5,Semanal,No,3,1
103844,38,20300,M,Casado,3,4,Mensual,Si,1,1
101340,85,20299,M,Casado,2,0,Semanal,Si,2,1
103362,36,20297,F,Div/Sep/Viudo,4,5,Semanal,No,3,0
103115,37,20294,F,Div/Sep/Viudo,4,6,Semanal,No,3,1
101922,56,20292,F,Casado,2,1,Semanal,Si,2,1
102780,53,20289,M,Soltero,1,1,Mensual,Si,1,0
102343,25,20287,M,Soltero,1,2,Mensual,No,1,0
100966,40,20287,M,Casado,1,0,Mensual,Si,2,0
101303,34,20281,M,Casado,2,2,Semanal,Si,2,0
102158,33,20276,F,Soltero,0,1,Mensual,No,1,0
101456,40,20274,F,Casado,2,2,Semanal,Si,1,0
102648,35,20270,M,Soltero,0,3,Mensual,No,1,1
104083,42,20269,M,Casado,2,4,Semanal,Si,1,0
101346,28,20266,M,Casado,2,0,Semanal,Si,1,1
103207,24,20265,F,Div/Sep/Viudo,4,5,Semanal,No,2,0
103456,57,20254,F,Div/Sep/Viudo,4,5,Semanal,No,2,1
100840,61,23081,F,Casado,1,0,Semanal,Si,1,0
101125,56,20252,F,Casado,1,1,Semanal,Si,2,1
101722,40,20250,M,Casado,1,0,Semanal,Si,2,1
102625,34,20246,F,Soltero,0,3,Semanal,No,1,0
102796,31,20242,M,Soltero,1,1,Semanal,No,1,0
101453,29,20241,M,Casado,2,1,Semanal,Si,1,1
101874,38,20240,F,Casado,1,1,Semanal,Si,2,0
102316,61,20238,M,Soltero,0,2,Semanal,Si,1,1
101170,30,20238,M,Casado,2,2,Mensual,Si,1,0
104085,61,20236,F,Casado,3,3,Semanal,Si,1,1
101444,24,20228,M,Casado,2,1,Mensual,Si,1,0
102598,43,20208,F,Soltero,1,2,Mensual,No,1,0
101330,46,20198,M,Casado,2,0,Semanal,Si,1,0
101901,32,20195,F,Casado,2,2,Mensual,Si,2,0
103192,27,20194,M,Div/Sep/Viudo,2,6,Semanal,Si,3,0
102643,54,20194,F,Soltero,1,2,Semanal,No,1,1
100987,40,20191,M,Casado,2,2,Mensual,Si,2,0
101190,85,20187,F,Casado,2,1,Mensual,Si,2,1
102012,61,20186,M,Soltero,0,3,Mensual,Si,1,0
103194,61,20184,M,Div/Sep/Viudo,3,6,Semanal,Si,3,1
101725,20,20183,F,Casado,2,1,Semanal,Si,2,0
101478,31,20175,M,Casado,1,2,Semanal,Si,1,0
102755,26,20175,F,Soltero,1,1,Semanal,Si,1,1
102047,21,20175,F,Soltero,0,3,Mensual,No,1,1
102609,39,20173,F,Soltero,0,2,Semanal,No,1,0
102194,54,20167,F,Soltero,1,2,Mensual,Si,1,0
101343,28,20166,F,Casado,2,2,Semanal,Si,2,1
103208,21,20163,F,Div/Sep/Viudo,4,5,Semanal,No,2,1
102340,29,20161,F,Soltero,0,1,Mensual,No,1,0
102637,37,25010,M,Soltero,1,3,Mensual,Si,1,0
101579,36,20158,M,Casado,1,0,Semanal,Si,2,0
101751,39,20153,F,Casado,1,1,Semanal,Si,1,0
103873,46,20150,M,Casado,2,4,Mensual,Si,1,0
102592,39,20146,M,Soltero,0,1,Semanal,Si,1,0
101168,55,20144,F,Casado,2,1,Mensual,Si,1,0
101884,28,20137,F,Casado,1,0,Semanal,Si,1,0
101472,35,20137,M,Casado,2,1,Mensual,Si,1,0
102601,49,20135,M,Soltero,0,2,Semanal,No,1,0
102463,44,20135,M,Soltero,1,3,Mensual,Si,1,0
101768,79,20134,M,Casado,2,1,Mensual,Si,2,1
103777,28,20117,F,Casado,2,3,Mensual,Si,2,0
103110,49,20116,F,Div/Sep/Viudo,3,6,Semanal,No,2,1
102315,31,20107,F,Soltero,0,2,Mensual,No,1,0
102882,30,27074,M,Div/Sep/Viudo,2,6,Semanal,No,2,1
102667,59,20104,M,Soltero,1,3,Semanal,No,1,1
101756,39,20098,F,Casado,2,1,Semanal,Si,2,0
101920,43,20097,F,Casado,1,2,Semanal,Si,1,1
101326,32,20097,F,Casado,1,0,Mensual,Si,2,1
103536,33,20096,F,Div/Sep/Viudo,3,6,Semanal,No,3,1
102349,24,20084,M,Soltero,1,2,Mensual,Si,1,0
103613,42,20082,M,Div/Sep/Viudo,4,6,Semanal,No,2,0
103123,27,20080,M,Div/Sep/Viudo,4,5,Semanal,No,3,1
102307,37,20075,M,Soltero,1,3,Mensual,No,1,1
103360,55,20069,F,Div/Sep/Viudo,3,6,Semanal,No,3,0
103535,22,20066,M,Div/Sep/Viudo,3,5,Semanal,Si,2,1
102662,85,20063,M,Soltero,0,2,Semanal,No,1,1
102010,30,20063,M,Soltero,0,1,Mensual,Si,1,0
101446,38,20055,F,Casado,2,2,Semanal,Si,1,1
100863,43,20052,M,Casado,1,0,Mensual,Si,1,0
102169,30,20043,F,Soltero,1,3,Semanal,No,1,0
101350,33,20041,M,Casado,2,2,Mensual,Si,1,0
102774,60,20040,F,Soltero,0,2,Mensual,No,1,1
101633,52,20026,M,Casado,2,0,Mensual,Si,2,1
101723,36,20024,F,Casado,1,1,Mensual,Si,1,0
102650,39,20022,F,Soltero,1,1,Mensual,Si,1,0
102878,41,20021,F,Div/Sep/Viudo,4,6,Semanal,No,2,0
101424,48,20019,M,Casado,2,0,Semanal,Si,2,1
103367,50,20013,F,Div/Sep/Viudo,3,6,Semanal,Si,2,0
103203,49,29159,F,Div/Sep/Viudo,2,5,Semanal,No,2,0
102617,34,20002,M,Soltero,0,2,Semanal,No,1,0
104082,41,20000,M,Casado,3,4,Mensual,Si,1,1
102428,57,19990,F,Soltero,0,1,Mensual,No,1,1
103352,85,19950,M,Div/Sep/Viudo,4,6,Semanal,No,2,1
102870,40,19945,F,Div/Sep/Viudo,2,6,Semanal,Si,2,1
102129,32,19876,F,Soltero,0,2,Semanal,No,1,0
103601,29,19863,F,Div/Sep/Viudo,2,5,Semanal,No,3,0
100808,49,19847,F,Casado,2,0,Semanal,Si,2,1
102589,23,19811,F,Soltero,1,3,Mensual,No,1,1
102279,50,19809,M,Soltero,0,3,Mensual,Si,1,0
103020,50,19779,F,Div/Sep/Viudo,2,5,Semanal,No,3,1
103680,33,19767,M,Div/Sep/Viudo,4,6,Semanal,Si,3,1
103775,43,19705,M,Casado,2,4,Mensual,Si,2,0
103027,36,19697,F,Div/Sep/Viudo,4,5,Semanal,No,3,1
103838,25,19696,F,Casado,3,3,Semanal,Si,2,1
103351,48,19688,M,Div/Sep/Viudo,4,6,Semanal,Si,2,1
101714,46,19683,M,Casado,2,2,Mensual,Si,1,0
101276,33,19640,F,Casado,1,1,Semanal,Si,1,0
103191,85,19624,M,Div/Sep/Viudo,4,6,Semanal,No,3,1
101572,39,19617,F,Casado,1,2,Mensual,Si,1,0
103675,22,19606,M,Div/Sep/Viudo,2,6,Semanal,Si,2,0
103836,59,19599,F,Casado,2,3,Mensual,Si,2,0
103346,53,19584,F,Div/Sep/Viudo,2,6,Semanal,No,2,0
103186,56,19543,F,Div/Sep/Viudo,4,5,Semanal,Si,2,1
100950,28,19519,F,Casado,1,2,Mensual,Si,1,0
101710,42,19511,F,Casado,1,2,Semanal,Si,1,0
103025,39,19457,M,Div/Sep/Viudo,3,5,Semanal,Si,3,1
103523,37,19380,F,Div/Sep/Viudo,2,5,Semanal,No,2,0
103530,65,19373,F,Div/Sep/Viudo,4,6,Semanal,Si,3,1
102936,39,19343,F,Div/Sep/Viudo,3,5,Semanal,No,2,1
103434,34,19319,M,Div/Sep/Viudo,4,6,Semanal,Si,2,0
102586,34,19307,M,Soltero,1,2,Mensual,No,1,0
104081,27,19288,F,Casado,2,4,Mensual,Si,1,0
102130,41,19238,F,Soltero,0,2,Semanal,No,1,0
101986,68,19197,M,Soltero,1,1,Mensual,Si,1,0
101985,35,19195,F,Soltero,0,3,Semanal,No,1,0
102127,43,19168,F,Soltero,0,1,Mensual,Si,1,1
101854,36,19142,F,Casado,2,0,Semanal,Si,2,0
100946,38,19122,M,Casado,1,0,Mensual,Si,1,0
101409,54,19109,M,Casado,1,0,Mensual,Si,2,0
103673,27,19077,M,Div/Sep/Viudo,2,5,Semanal,No,2,0
100803,24,26199,F,Casado,1,0,Semanal,Si,1,1
103743,59,34738,F,Casado,3,4,Mensual,Si,1,1
101127,32,18999,M,Casado,1,2,Mensual,Si,2,0
101054,34,18999,M,Casado,1,1,Semanal,Si,2,0
101542,85,18997,F,Casado,2,2,Mensual,Si,2,1
103876,53,18992,F,Casado,2,3,Semanal,Si,1,0
103813,29,18981,M,Casado,3,4,Mensual,Si,2,1
100839,61,18977,F,Casado,2,2,Mensual,Si,1,0
101002,53,18976,F,Casado,1,1,Semanal,Si,1,0
102060,18,18974,F,Soltero,0,1,Semanal,Si,1,0
101502,41,18971,M,Casado,2,1,Semanal,Si,1,0
102522,27,18967,M,Soltero,1,1,Mensual,Si,1,1
103282,38,37767,M,Div/Sep/Viudo,2,6,Semanal,No,3,0
103118,85,18958,M,Div/Sep/Viudo,3,5,Semanal,No,3,1
101267,55,18953,M,Casado,2,0,Semanal,Si,2,1
101594,58,18952,M,Casado,2,1,Semanal,Si,1,0
103525,37,18947,M,Div/Sep/Viudo,2,6,Semanal,No,3,0
103103,58,18947,F,Div/Sep/Viudo,2,6,Semanal,No,2,1
101586,30,18943,M,Casado,2,0,Semanal,Si,1,0
101074,41,18943,F,Casado,2,1,Mensual,Si,1,0
102508,54,18940,F,Soltero,1,1,Semanal,No,1,0
101946,53,18914,F,Casado,1,2,Mensual,Si,2,1
103433,24,18903,F,Div/Sep/Viudo,4,5,Semanal,No,3,0
101550,81,18898,F,Casado,2,2,Mensual,Si,2,1
101468,28,18889,F,Casado,1,1,Semanal,Si,2,0
103606,85,18885,M,Div/Sep/Viudo,4,6,Semanal,Si,3,1
102276,55,18881,M,Soltero,1,3,Mensual,Si,1,1
101592,53,18878,M,Casado,1,2,Semanal,Si,1,0
103871,29,18863,M,Casado,2,3,Semanal,Si,1,0
103718,33,18860,M,Div/Sep/Viudo,4,6,Semanal,Si,2,1
101853,78,18856,F,Casado,1,2,Semanal,Si,2,1
100965,73,18856,F,Casado,2,2,Semanal,Si,1,1
102356,37,18853,M,Soltero,1,3,Mensual,Si,1,0
102147,36,18846,M,Soltero,0,2,Mensual,No,1,0
101406,36,18815,F,Casado,1,0,Mensual,Si,2,1
102647,61,18812,F,Soltero,0,3,Mensual,No,1,1
102034,58,18811,F,Soltero,1,2,Semanal,Si,1,1
103914,45,18810,M,Casado,3,3,Mensual,Si,1,1
103181,41,18791,F,Div/Sep/Viudo,2,6,Semanal,No,3,0
101741,37,18787,F,Casado,2,0,Mensual,Si,2,1
102155,85,18787,F,Soltero,0,3,Mensual,No,1,1
101481,25,18785,M,Casado,2,1,Semanal,Si,2,0
103837,34,18774,F,Casado,3,4,Mensual,Si,2,1
102430,44,18771,M,Soltero,1,2,Semanal,No,1,0
100958,24,18760,M,Casado,2,1,Mensual,Si,1,0
101988,32,18759,M,Soltero,1,1,Semanal,Si,1,0
101538,85,18755,M,Casado,2,1,Mensual,Si,1,0
104026,56,18749,M,Casado,2,3,Mensual,Si,1,1
102587,32,18749,F,Soltero,1,2,Semanal,No,1,0
102621,32,18745,M,Soltero,0,1,Mensual,No,1,0
101006,25,18734,M,Casado,2,0,Semanal,Si,2,1
101931,33,18730,F,Casado,1,0,Mensual,Si,1,0
102273,49,18719,M,Soltero,0,3,Mensual,Si,1,1
102144,45,18712,M,Soltero,1,1,Semanal,Si,1,0
102108,34,18706,F,Soltero,0,1,Mensual,Si,1,0
103640,28,18704,F,Div/Sep/Viudo,4,5,Semanal,Si,2,1
101530,37,18701,M,Casado,2,2,Mensual,Si,1,0
102791,36,18698,F,Soltero,0,3,Mensual,No,1,1
102378,53,18685,F,Soltero,0,3,Mensual,Si,1,1
103120,43,18684,F,Div/Sep/Viudo,3,6,Semanal,No,3,0
102183,41,18684,F,Soltero,1,3,Mensual,No,1,1
102749,63,18680,F,Soltero,0,3,Semanal,No,1,0
103522,73,18677,F,Div/Sep/Viudo,2,5,Semanal,Si,3,1
101762,45,18672,F,Casado,1,1,Semanal,Si,2,0
103633,46,18664,F,Div/Sep/Viudo,3,5,Semanal,Si,3,1
103804,37,18659,F,Casado,3,4,Mensual,Si,1,0
101205,29,18658,M,Casado,1,2,Mensual,Si,2,1
102075,55,18654,F,Soltero,0,1,Semanal,Si,1,0
101925,51,18651,M,Casado,1,0,Semanal,Si,2,1
102641,39,18638,F,Soltero,1,2,Mensual,No,1,1
102426,43,18629,M,Soltero,0,1,Mensual,Si,1,1
103566,61,18628,M,Div/Sep/Viudo,4,6,Semanal,Si,2,1
103112,66,18625,M,Div/Sep/Viudo,4,5,Semanal,No,2,1
103209,20,18621,M,Div/Sep/Viudo,4,6,Semanal,No,2,1
102701,31,18619,F,Soltero,0,3,Semanal,Si,1,0
103308,39,18616,F,Div/Sep/Viudo,3,5,Semanal,No,3,0
101023,27,18613,F,Casado,1,0,Semanal,Si,2,0
102365,43,18613,F,Soltero,1,1,Mensual,No,1,0
100831,32,18599,F,Casado,1,0,Mensual,Si,2,0
104048,44,18586,M,Casado,2,4,Semanal,Si,2,0
102131,32,28814,F,Soltero,0,3,Semanal,Si,1,0
102553,32,18581,M,Soltero,1,1,Semanal,Si,1,0
103058,44,18577,M,Div/Sep/Viudo,4,5,Semanal,No,3,1
103190,56,18576,M,Div/Sep/Viudo,4,6,Semanal,No,2,1
100896,50,18573,F,Casado,1,0,Mensual,Si,1,0
102170,39,18569,M,Soltero,0,1,Semanal,No,1,0
101978,22,18564,F,Casado,1,1,Mensual,Si,1,0
101943,32,18563,M,Casado,1,2,Semanal,Si,2,0
102709,31,18560,M,Soltero,0,3,Semanal,No,1,1
101131,52,18559,F,Casado,2,1,Mensual,Si,2,0
101387,42,18559,M,Casado,2,1,Mensual,Si,2,1
102591,42,18557,F,Soltero,1,3,Semanal,Si,1,1
101537,29,18547,M,Casado,2,0,Semanal,Si,1,0
101507,67,18546,F,Casado,2,0,Semanal,Si,1,1
101058,42,18546,F,Casado,2,2,Mensual,Si,2,1
102375,29,18541,M,Soltero,0,1,Mensual,Si,1,0
101705,30,18532,F,Casado,1,0,Semanal,Si,2,1
102973,44,18531,M,Div/Sep/Viudo,2,5,Semanal,Si,3,1
100915,29,18530,M,Casado,1,2,Semanal,Si,1,0
103686,31,18506,F,Div/Sep/Viudo,2,5,Semanal,Si,2,1
101625,27,18502,F,Casado,1,1,Mensual,Si,2,0
101143,52,18495,F,Casado,1,1,Semanal,Si,2,1
102163,29,18492,F,Soltero,1,2,Mensual,Si,1,0
101598,72,18489,M,Casado,1,1,Semanal,Si,2,1
103822,47,18488,M,Casado,2,4,Mensual,Si,2,1
100904,27,18482,M,Casado,1,2,Semanal,Si,1,0
101412,49,18477,M,Casado,1,1,Semanal,Si,1,0
101729,67,18466,M,Casado,2,0,Mensual,Si,2,1
101323,38,18456,F,Casado,2,0,Semanal,Si,1,0
102633,71,18451,F,Soltero,0,3,Mensual,No,1,1
102779,47,18450,F,Soltero,0,2,Semanal,Si,1,0
101849,32,18450,F,Casado,2,0,Semanal,Si,2,0
102413,85,18444,F,Soltero,0,3,Semanal,Si,1,0
103311,25,18443,F,Div/Sep/Viudo,4,6,Semanal,No,2,0
103761,35,18441,F,Casado,2,3,Semanal,Si,1,0
102898,39,18434,F,Div/Sep/Viudo,4,5,Semanal,No,3,0
103307,83,18427,M,Div/Sep/Viudo,3,5,Semanal,Si,2,1
102847,52,18427,M,Soltero,1,3,Mensual,Si,1,0
103604,49,18412,M,Div/Sep/Viudo,4,5,Semanal,Si,3,1
102900,30,18407,F,Div/Sep/Viudo,2,6,Semanal,No,2,0
103986,38,18401,F,Casado,3,4,Semanal,Si,1,0
103579,32,18396,M,Div/Sep/Viudo,4,5,Semanal,Si,2,1
101573,48,18387,F,Casado,1,2,Mensual,Si,2,1
103812,62,18369,F,Casado,2,4,Semanal,Si,1,1
101435,85,18362,F,Casado,2,1,Semanal,Si,2,1
103459,33,18351,M,Div/Sep/Viudo,2,5,Semanal,Si,2,0
102828,25,18350,M,Soltero,1,1,Semanal,No,1,0
104009,35,18342,M,Casado,2,4,Semanal,Si,1,0
101834,59,18331,F,Casado,2,2,Mensual,Si,1,1
103104,29,18329,F,Div/Sep/Viudo,3,5,Semanal,No,2,0
101103,39,18329,F,Casado,1,0,Mensual,Si,2,1
101327,49,18322,M,Casado,1,1,Mensual,Si,2,1
100982,33,18319,M,Casado,1,1,Semanal,Si,1,1
103990,43,18305,M,Casado,2,4,Semanal,Si,2,0
102054,28,18302,F,Soltero,0,1,Semanal,No,1,0
103755,64,18298,M,Casado,2,4,Semanal,Si,1,0
101086,36,18298,F,Casado,1,1,Mensual,Si,2,1
103183,42,18291,F,Div/Sep/Viudo,3,5,Semanal,No,3,1
102697,22,18287,M,Soltero,0,3,Mensual,No,1,0
103609,27,18284,M,Div/Sep/Viudo,2,6,Semanal,Si,2,1
103709,58,18283,F,Div/Sep/Viudo,4,6,Semanal,Si,2,1
103049,33,18282,F,Div/Sep/Viudo,3,6,Semanal,Si,2,1
101629,29,18279,F,Casado,1,2,Mensual,Si,2,0
100924,24,18279,F,Casado,1,2,Mensual,Si,2,0
101275,64,18265,M,Casado,1,1,Mensual,Si,1,0
102756,51,18265,F,Soltero,1,1,Semanal,No,1,1
101811,50,18265,F,Casado,1,2,Mensual,Si,1,0
103967,75,18260,F,Casado,3,4,Mensual,Si,1,1
103678,35,18257,M,Div/Sep/Viudo,3,5,Semanal,Si,2,1
103605,25,18257,M,Div/Sep/Viudo,4,6,Semanal,Si,3,0
103363,40,18242,F,Div/Sep/Viudo,4,6,Semanal,Si,3,1
103672,82,18231,F,Div/Sep/Viudo,2,5,Semanal,Si,2,1
102759,40,18228,F,Soltero,1,3,Mensual,No,1,0
103309,62,18222,M,Div/Sep/Viudo,3,6,Semanal,Si,2,0
101957,25,18221,M,Casado,2,2,Mensual,Si,2,1
103349,30,18217,M,Div/Sep/Viudo,3,6,Semanal,No,2,0
103460,56,33185,M,Div/Sep/Viudo,2,5,Semanal,Si,2,0
101844,42,18211,M,Casado,1,0,Semanal,Si,2,0
103961,38,18202,F,Casado,2,3,Semanal,Si,2,0
102020,61,18188,M,Soltero,0,3,Mensual,No,1,1
101202,56,18185,M,Casado,2,1,Semanal,Si,2,1
103180,42,18179,M,Div/Sep/Viudo,2,6,Semanal,Si,2,0
102843,20,18179,M,Soltero,0,2,Semanal,No,1,1
101439,39,18162,F,Casado,1,0,Mensual,Si,1,0
102171,46,18161,F,Soltero,0,2,Semanal,Si,1,0
102871,22,18156,F,Div/Sep/Viudo,4,6,Semanal,No,3,0
101369,46,18153,F,Casado,2,0,Mensual,Si,1,0
102097,62,18151,M,Soltero,1,2,Semanal,Si,1,1
101254,39,18148,M,Casado,2,1,Mensual,Si,2,1
103184,28,18147,M,Div/Sep/Viudo,3,5,Semanal,No,3,0
102263,20,18145,F,Soltero,0,3,Semanal,Si,1,0
101976,46,18143,M,Casado,1,0,Semanal,Si,2,1
102869,23,18137,M,Div/Sep/Viudo,2,5,Semanal,No,3,0
101050,50,18135,F,Casado,2,1,Semanal,Si,1,0
102834,80,18134,F,Soltero,1,2,Mensual,No,1,1
101351,30,18129,F,Casado,1,1,Semanal,Si,2,0
102745,36,18126,M,Soltero,1,2,Semanal,Si,1,1
103305,82,18120,F,Div/Sep/Viudo,4,5,Semanal,No,2,1
101991,41,18118,F,Soltero,1,2,Semanal,No,1,0
102974,33,18110,M,Div/Sep/Viudo,2,5,Semanal,No,2,0
102037,59,18110,M,Soltero,1,3,Mensual,No,1,0
101315,34,18108,M,Casado,1,2,Semanal,Si,1,0
101713,30,18105,F,Casado,2,1,Semanal,Si,2,1
101933,50,18105,M,Casado,1,1,Semanal,Si,2,0
102907,61,18103,F,Div/Sep/Viudo,3,5,Semanal,Si,2,1
102423,30,18099,F,Soltero,1,2,Semanal,Si,1,0
102146,43,18084,M,Soltero,0,1,Semanal,No,1,0
101101,37,18082,M,Casado,2,0,Semanal,Si,2,1
101984,39,18072,F,Soltero,0,1,Mensual,No,1,0
101505,28,18069,F,Casado,1,2,Mensual,Si,1,0
101474,51,18062,F,Casado,1,0,Mensual,Si,1,1
102143,72,18052,M,Soltero,1,1,Mensual,Si,1,1
102853,29,18050,F,Soltero,1,1,Mensual,No,1,0
103872,51,18031,M,Casado,3,3,Semanal,Si,2,1
103870,58,18025,F,Casado,2,4,Mensual,Si,1,0
103028,42,18023,M,Div/Sep/Viudo,4,6,Semanal,Si,2,1
103639,50,18019,M,Div/Sep/Viudo,3,6,Semanal,Si,2,1
100856,31,18014,F,Casado,1,1,Mensual,Si,2,0
102539,70,18013,F,Soltero,0,3,Mensual,Si,1,1
103368,61,18012,M,Div/Sep/Viudo,3,6,Semanal,Si,2,1
101973,64,18012,F,Casado,2,0,Semanal,Si,1,0
101745,26,32942,M,Casado,1,0,Semanal,Si,2,0
101227,48,18005,F,Casado,1,0,Semanal,Si,2,1
101610,31,17999,F,Casado,1,2,Mensual,Si,1,0
103455,73,17989,F,Div/Sep/Viudo,4,5,Semanal,No,3,0
103277,30,17982,F,Div/Sep/Viudo,2,6,Semanal,Si,2,0
101907,43,17979,M,Casado,1,0,Mensual,Si,1,0
101385,21,17978,M,Casado,1,2,Semanal,Si,2,1
103776,43,17977,F,Casado,3,3,Semanal,Si,2,1
103540,26,17975,F,Div/Sep/Viudo,4,6,Semanal,No,2,0
103976,49,17971,F,Casado,3,4,Mensual,Si,2,1
103189,37,17969,F,Div/Sep/Viudo,4,6,Semanal,No,2,1
103619,34,17962,M,Div/Sep/Viudo,3,6,Semanal,Si,3,0
102093,74,17957,F,Soltero,0,1,Semanal,Si,1,1
101294,85,17955,F,Casado,1,2,Semanal,Si,1,1
102738,24,17946,F,Soltero,1,3,Mensual,No,1,0
100961,35,17943,M,Casado,1,0,Semanal,Si,1,0
103712,54,17942,M,Div/Sep/Viudo,2,5,Semanal,No,2,0
102228,45,17930,F,Soltero,0,3,Mensual,Si,1,0
102360,53,17926,F,Soltero,0,1,Semanal,Si,1,0
101492,38,17921,F,Casado,2,1,Semanal,Si,1,0
101191,62,17921,M,Casado,2,1,Semanal,Si,1,1
102096,42,17921,M,Soltero,1,2,Semanal,Si,1,0
102450,46,17917,M,Soltero,0,1,Mensual,Si,1,0
102382,26,17917,M,Soltero,1,1,Semanal,Si,1,0
104013,41,17916,F,Casado,3,4,Mensual,Si,2,0
103188,55,17906,M,Div/Sep/Viudo,4,6,Semanal,Si,3,1
100825,44,17905,M,Casado,1,0,Semanal,Si,2,1
103742,41,17892,M,Casado,3,4,Semanal,Si,2,1
102106,48,17892,M,Soltero,1,2,Semanal,No,1,1
101724,42,17891,F,Casado,1,1,Semanal,Si,2,0
102909,39,17888,F,Div/Sep/Viudo,3,6,Semanal,Si,3,1
102800,55,17886,M,Soltero,1,1,Semanal,Si,1,1
103602,38,17875,M,Div/Sep/Viudo,3,5,Semanal,Si,3,0
104031,26,17864,F,Casado,3,3,Semanal,Si,1,1
103529,72,17862,F,Div/Sep/Viudo,4,5,Semanal,No,2,0
102934,32,17862,M,Div/Sep/Viudo,2,6,Semanal,Si,3,1
101916,24,17858,F,Casado,2,2,Mensual,Si,1,0
102792,50,17854,F,Soltero,1,2,Semanal,Si,1,0
102612,76,17845,F,Soltero,1,1,Semanal,Si,1,1
103396,50,17843,F,Div/Sep/Viudo,2,6,Semanal,No,3,1
100917,67,17839,F,Casado,2,0,Mensual,Si,1,1
101850,29,17838,M,Casado,2,0,Semanal,Si,2,1
101822,26,17838,F,Casado,2,0,Semanal,Si,2,0
101274,35,17835,F,Casado,1,1,Mensual,Si,1,0
101119,60,17830,M,Casado,2,2,Mensual,Si,2,1
102467,49,17830,M,Soltero,1,1,Semanal,No,1,0
101851,50,17830,M,Casado,2,1,Semanal,Si,2,0
101606,41,17824,F,Casado,2,2,Mensual,Si,2,0
100894,35,17823,M,Casado,2,1,Mensual,Si,1,0
104093,42,17821,F,Casado,3,3,Mensual,Si,1,0
102231,37,17817,F,Soltero,0,3,Semanal,Si,1,0
102381,34,17810,M,Soltero,1,1,Semanal,Si,1,0
100864,46,17795,F,Casado,1,1,Semanal,Si,1,0
101514,36,17794,F,Casado,1,2,Mensual,Si,2,1
103272,44,17791,F,Div/Sep/Viudo,4,5,Semanal,No,2,0
102320,22,17785,F,Soltero,0,1,Mensual,Si,1,0
103126,42,17780,M,Div/Sep/Viudo,4,6,Semanal,No,3,1
102675,36,17776,F,Soltero,0,1,Semanal,No,1,0
102409,69,19549,F,Soltero,0,1,Semanal,Si,1,1
102925,24,17768,M,Div/Sep/Viudo,4,6,Semanal,Si,2,1
101044,41,17766,F,Casado,1,1,Mensual,Si,1,0
101847,55,17755,F,Casado,1,2,Semanal,Si,2,0
102510,38,17753,F,Soltero,1,3,Mensual,Si,1,0
103563,35,17747,M,Div/Sep/Viudo,2,6,Semanal,No,3,0
102865,55,21492,F,Soltero,0,3,Semanal,No,1,1
102937,48,17729,F,Div/Sep/Viudo,4,5,Semanal,Si,2,1
101005,50,17722,M,Casado,2,0,Mensual,Si,1,0
101820,34,17722,F,Casado,1,2,Mensual,Si,1,0
101280,33,17707,F,Casado,2,2,Mensual,Si,1,0
102408,44,17706,M,Soltero,1,3,Semanal,No,1,1
104010,57,17705,M,Casado,2,3,Semanal,Si,2,0
102388,25,17704,M,Soltero,1,1,Mensual,Si,1,0
102139,38,17700,F,Soltero,0,3,Mensual,No,1,0
103138,33,17698,F,Div/Sep/Viudo,4,6,Semanal,Si,2,1
103805,40,17697,M,Casado,3,3,Mensual,Si,2,0
102071,53,17692,M,Soltero,1,2,Mensual,Si,1,1
101104,30,17691,F,Casado,1,0,Semanal,Si,2,0
101880,50,17687,M,Casado,2,0,Mensual,Si,1,0
100914,34,17686,F,Casado,1,2,Mensual,Si,2,0
102517,61,17681,M,Soltero,1,1,Mensual,Si,1,1
103026,30,17680,F,Div/Sep/Viudo,4,5,Semanal,Si,2,1
101413,57,17680,F,Casado,1,1,Semanal,Si,2,1
102250,26,17671,M,Soltero,1,2,Mensual,No,1,0
101704,43,17661,M,Casado,1,0,Semanal,Si,2,1
102739,51,17658,F,Soltero,1,3,Mensual,No,1,1
103107,30,17653,F,Div/Sep/Viudo,4,6,Semanal,Si,3,1
103839,21,17641,F,Casado,2,4,Semanal,Si,1,1
101231,34,17634,F,Casado,1,2,Semanal,Si,1,0
100889,40,17624,M,Casado,1,0,Semanal,Si,2,1
102025,35,17619,F,Soltero,0,3,Mensual,No,1,1
103849,32,17615,F,Casado,3,4,Semanal,Si,2,1
101099,55,17611,F,Casado,1,2,Semanal,Si,2,0
103105,63,17602,F,Div/Sep/Viudo,4,5,Semanal,Si,3,1
102310,62,17599,F,Soltero,1,1,Semanal,No,1,1
101873,47,17584,F,Casado,1,1,Semanal,Si,2,0
103082,50,17580,M,Div/Sep/Viudo,3,6,Semanal,No,2,0
102733,29,17572,M,Soltero,0,1,Mensual,No,1,1
102752,39,17570,F,Soltero,1,3,Mensual,Si,1,0
102068,41,17570,F,Soltero,0,3,Mensual,No,1,0
103347,44,17567,F,Div/Sep/Viudo,2,6,Semanal,No,2,0
102781,44,17567,M,Soltero,1,2,Semanal,Si,1,1
102897,40,17562,F,Div/Sep/Viudo,4,5,Semanal,Si,2,1
104084,47,17560,M,Casado,2,3,Semanal,Si,2,0
102314,43,17548,M,Soltero,0,2,Mensual,No,1,0
102760,43,17535,M,Soltero,1,3,Semanal,No,1,0
102160,31,17527,M,Soltero,0,2,Semanal,No,1,0
102048,27,17526,F,Soltero,1,1,Mensual,No,1,1
103435,44,17524,F,Div/Sep/Viudo,4,6,Semanal,Si,2,1
103388,34,17524,M,Div/Sep/Viudo,2,6,Semanal,No,3,1
101411,31,17512,M,Casado,1,1,Mensual,Si,1,0
102422,51,17512,M,Soltero,1,1,Semanal,Si,1,0
103024,39,17511,F,Div/Sep/Viudo,2,6,Semanal,No,3,0
101994,68,17508,F,Soltero,0,2,Semanal,Si,1,0
101977,49,17506,M,Casado,1,1,Mensual,Si,1,1
101296,30,17496,F,Casado,2,2,Mensual,Si,2,0
102614,52,17495,F,Soltero,1,3,Semanal,Si,1,0
103811,46,17492,M,Casado,3,4,Mensual,Si,1,0
102884,30,17489,M,Div/Sep/Viudo,4,5,Semanal,No,2,0
102128,33,17479,M,Soltero,0,2,Semanal,Si,1,1
103758,51,17478,M,Casado,3,3,Mensual,Si,1,0
102159,23,17477,F,Soltero,0,2,Mensual,No,1,0
102538,21,17476,M,Soltero,0,2,Semanal,Si,1,0
102321,42,17472,F,Soltero,0,1,Semanal,Si,1,0
101529,41,17466,M,Casado,2,2,Mensual,Si,2,0
102074,44,17462,F,Soltero,1,3,Semanal,No,1,0
103674,41,17457,F,Div/Sep/Viudo,2,5,Semanal,No,3,0
103912,47,17454,M,Casado,2,4,Semanal,Si,1,0
103977,64,17454,M,Casado,3,3,Semanal,Si,2,0
103920,40,26071,F,Casado,2,3,Semanal,Si,1,0
103286,25,17444,M,Div/Sep/Viudo,4,6,Semanal,Si,3,1
103361,22,17442,F,Div/Sep/Viudo,4,5,Semanal,No,2,1
103344,35,17430,F,Div/Sep/Viudo,2,5,Semanal,Si,2,1
101789,35,26012,M,Casado,2,2,Semanal,Si,2,1
102282,26,17419,F,Soltero,1,2,Semanal,No,1,1
102212,20,17418,M,Soltero,1,2,Semanal,No,1,0
101856,34,17415,F,Casado,1,1,Semanal,Si,2,1
102464,76,17412,M,Soltero,1,3,Mensual,No,1,1
103987,46,17402,F,Casado,2,4,Mensual,Si,2,0
101224,45,17394,M,Casado,1,2,Semanal,Si,1,1
101599,37,17384,M,Casado,1,1,Semanal,Si,1,0
100843,35,17383,F,Casado,1,2,Mensual,Si,2,0
102471,48,17360,F,Soltero,0,3,Semanal,Si,1,1
104017,26,17353,M,Casado,2,3,Semanal,Si,1,0
103823,85,17351,F,Casado,3,3,Semanal,Si,1,1
101975,27,17341,F,Casado,2,2,Mensual,Si,2,0
103874,50,17328,F,Casado,3,4,Mensual,Si,2,1
101374,28,17325,M,Casado,1,0,Semanal,Si,1,1
103919,42,17319,F,Casado,2,4,Semanal,Si,2,0
101279,52,17314,F,Casado,2,2,Mensual,Si,2,0
103029,23,17304,F,Div/Sep/Viudo,2,6,Semanal,Si,2,1
101799,29,17303,M,Casado,1,1,Semanal,Si,2,0
102236,29,17296,F,Soltero,0,1,Semanal,Si,1,1
101574,36,17268,M,Casado,2,0,Semanal,Si,1,0
102895,44,17264,M,Div/Sep/Viudo,3,6,Semanal,Si,3,1
102214,77,17254,M,Soltero,0,1,Semanal,No,1,1
102474,33,17253,M,Soltero,1,3,Mensual,Si,1,1
101022,75,17243,M,Casado,1,0,Mensual,Si,2,1
102148,45,17234,M,Soltero,1,1,Mensual,No,1,1
101388,27,17232,F,Casado,2,1,Semanal,Si,1,0
102281,37,35160,M,Soltero,1,1,Semanal,Si,1,0
101575,25,17226,M,Casado,2,1,Mensual,Si,1,1
102736,35,17221,F,Soltero,1,1,Semanal,Si,1,0
102863,34,17210,M,Soltero,0,2,Mensual,Si,1,0
103526,42,17204,F,Div/Sep/Viudo,3,6,Semanal,Si,3,0
103289,50,17204,F,Div/Sep/Viudo,2,5,Semanal,No,3,1
101657,38,17203,F,Casado,2,0,Semanal,Si,2,0
101345,28,17199,M,Casado,1,2,Mensual,Si,2,0
102383,67,17193,M,Soltero,1,2,Mensual,Si,1,0
104091,79,17192,F,Casado,3,3,Semanal,Si,2,1
102246,37,17190,M,Soltero,0,2,Semanal,Si,1,0
103516,45,17184,M,Div/Sep/Viudo,2,6,Semanal,No,3,0
103329,36,17179,F,Div/Sep/Viudo,3,6,Semanal,Si,3,0
101115,42,17179,F,Casado,1,0,Semanal,Si,1,0
103182,43,17170,M,Div/Sep/Viudo,3,5,Semanal,Si,2,1
100990,26,17168,M,Casado,1,0,Mensual,Si,1,0
101576,35,17155,F,Casado,2,1,Semanal,Si,2,0
103452,59,17154,M,Div/Sep/Viudo,4,5,Semanal,Si,2,1
103023,56,17145,M,Div/Sep/Viudo,2,6,Semanal,No,2,0
103358,35,17143,M,Div/Sep/Viudo,3,5,Semanal,Si,3,1
101878,43,24577,F,Casado,1,1,Mensual,Si,2,1
102486,36,17132,F,Soltero,0,2,Mensual,No,1,0
102256,51,17129,F,Soltero,1,1,Mensual,No,1,0
101479,23,17128,F,Casado,2,0,Mensual,Si,2,1
103560,48,17120,F,Div/Sep/Viudo,4,6,Semanal,Si,3,1
103552,69,17117,F,Div/Sep/Viudo,4,5,Semanal,No,2,1
102179,31,17115,F,Soltero,0,2,Mensual,No,1,0
103268,65,17104,M,Div/Sep/Viudo,4,6,Semanal,No,3,0
104052,44,17101,F,Casado,3,3,Semanal,Si,2,0
102867,38,17100,F,Soltero,1,3,Semanal,No,1,1
102558,35,17098,F,Soltero,0,2,Semanal,Si,1,0
103369,66,17095,F,Div/Sep/Viudo,3,6,Semanal,No,2,1
103022,36,17091,F,Div/Sep/Viudo,2,6,Semanal,No,2,0
103958,74,17088,F,Casado,2,4,Semanal,Si,2,1
101020,70,17080,F,Casado,2,0,Semanal,Si,2,1
101304,33,17078,M,Casado,2,2,Semanal,Si,2,0
103629,37,17072,M,Div/Sep/Viudo,4,6,Semanal,Si,2,1
101801,22,17065,M,Casado,2,0,Mensual,Si,1,0
103478,39,17061,M,Div/Sep/Viudo,4,6,Semanal,No,2,1
102209,41,17057,F,Soltero,0,3,Mensual,No,1,0
103453,61,17055,F,Div/Sep/Viudo,4,5,Semanal,Si,3,1
102287,72,17046,M,Soltero,1,1,Semanal,No,1,1
101712,52,17044,M,Casado,2,0,Semanal,Si,1,1
101028,59,17043,M,Casado,2,1,Semanal,Si,2,1
101469,37,17031,F,Casado,1,2,Mensual,Si,2,1
101638,26,17022,F,Casado,1,0,Mensual,Si,2,0
101157,44,17021,M,Casado,1,1,Mensual,Si,1,0
101989,61,17018,M,Soltero,1,2,Mensual,No,1,0
100994,19,17006,F,Casado,1,2,Semanal,Si,2,1
101894,41,16999,F,Casado,2,0,Semanal,Si,1,1
101410,23,16994,F,Casado,1,0,Semanal,Si,1,1
100824,30,16990,M,Casado,1,0,Mensual,Si,1,0
102052,42,16988,F,Soltero,0,1,Semanal,Si,1,0
103542,73,16984,F,Div/Sep/Viudo,3,5,Semanal,No,3,1
101761,40,16978,M,Casado,1,1,Mensual,Si,2,1
100828,51,16975,M,Casado,1,1,Semanal,Si,2,0
103129,44,16969,F,Div/Sep/Viudo,4,6,Semanal,Si,2,1
102910,31,16965,F,Div/Sep/Viudo,4,6,Semanal,Si,3,1
101780,47,16960,M,Casado,1,1,Mensual,Si,2,0
101817,26,16953,M,Casado,2,2,Mensual,Si,2,1
102941,40,16952,F,Div/Sep/Viudo,4,6,Semanal,Si,3,1
102710,66,16951,M,Soltero,1,1,Semanal,Si,1,1
101263,43,16951,M,Casado,2,0,Mensual,Si,2,1
100984,44,16942,F,Casado,1,2,Semanal,Si,2,0
101747,35,16938,M,Casado,1,1,Mensual,Si,2,0
101239,24,16937,M,Casado,2,2,Semanal,Si,2,0
102261,36,16936,F,Soltero,0,3,Mensual,Si,1,0
101660,55,16935,F,Casado,2,1,Semanal,Si,1,0
101860,46,16933,F,Casado,2,2,Semanal,Si,2,0
103187,26,16932,M,Div/Sep/Viudo,4,5,Semanal,No,3,1
103048,22,16930,M,Div/Sep/Viudo,3,5,Semanal,No,3,0
101124,31,16929,M,Casado,1,1,Mensual,Si,2,1
103796,37,16921,M,Casado,3,3,Mensual,Si,1,0
102013,38,16918,M,Soltero,0,3,Mensual,No,1,0
101739,38,16915,M,Casado,1,2,Mensual,Si,1,0
100811,40,16908,F,Casado,2,2,Semanal,Si,1,1
102585,47,16904,M,Soltero,1,1,Semanal,No,1,1
102821,34,16886,F,Soltero,0,3,Semanal,No,1,0
103032,28,36137,M,Div/Sep/Viudo,4,6,Semanal,Si,3,0
103999,49,16874,F,Casado,3,3,Semanal,Si,1,0
101105,56,16873,F,Casado,1,0,Semanal,Si,2,1
102676,32,16866,M,Soltero,0,2,Mensual,No,1,1
103227,85,16855,M,Div/Sep/Viudo,4,5,Semanal,No,3,1
102193,71,16852,F,Soltero,0,2,Semanal,Si,1,0
102312,27,16844,M,Soltero,0,1,Semanal,Si,1,0
103423,23,16843,M,Div/Sep/Viudo,3,6,Semanal,No,2,1
101117,37,16841,M,Casado,1,1,Semanal,Si,2,1
102100,44,16830,F,Soltero,1,3,Mensual,No,1,1
101261,85,16828,M,Casado,1,1,Semanal,Si,1,1
103731,84,16823,M,Div/Sep/Viudo,4,5,Semanal,No,3,1
100902,51,16823,M,Casado,1,1,Semanal,Si,1,0
103375,34,16819,F,Div/Sep/Viudo,4,5,Semanal,Si,2,1
101017,62,16819,F,Casado,1,1,Semanal,Si,1,1
103815,42,16816,M,Casado,2,4,Mensual,Si,2,1
102280,25,16806,F,Soltero,0,3,Mensual,No,1,0
101082,26,16803,F,Casado,2,1,Mensual,Si,2,0
101176,35,16797,F,Casado,1,2,Mensual,Si,1,0
102940,58,16786,M,Div/Sep/Viudo,4,5,Semanal,No,2,0
103528,28,16779,F,Div/Sep/Viudo,4,5,Semanal,Si,2,0
103151,34,16771,M,Div/Sep/Viudo,4,5,Semanal,Si,2,1
101716,70,16770,F,Casado,2,2,Semanal,Si,2,1
101199,46,16770,F,Casado,2,2,Semanal,Si,2,0
102432,48,16770,F,Soltero,0,3,Semanal,No,1,1
102629,59,16766,M,Soltero,0,3,Mensual,No,1,1
103706,35,16760,F,Div/Sep/Viudo,3,6,Semanal,No,2,1
103179,73,16753,F,Div/Sep/Viudo,2,6,Semanal,Si,2,0
101717,52,16749,M,Casado,1,1,Mensual,Si,2,1
101451,38,16743,F,Casado,1,1,Semanal,Si,1,0
103679,66,16739,M,Div/Sep/Viudo,4,6,Semanal,Si,3,1
101415,51,16738,M,Casado,2,0,Semanal,Si,2,1
101708,39,16726,M,Casado,1,2,Mensual,Si,2,0
101272,49,16724,M,Casado,2,2,Semanal,Si,1,0
102923,29,16721,M,Div/Sep/Viudo,3,6,Semanal,No,2,0
102448,63,16721,F,Soltero,1,2,Semanal,Si,1,1
101707,84,16716,F,Casado,1,1,Semanal,Si,2,1
101245,24,16716,F,Casado,2,1,Mensual,Si,1,0
101516,32,16714,F,Casado,2,0,Semanal,Si,2,0
101490,31,16712,F,Casado,2,0,Semanal,Si,2,0
101365,53,16709,M,Casado,1,2,Mensual,Si,1,0
102939,43,16702,F,Div/Sep/Viudo,4,5,Semanal,Si,2,1
102933,34,16700,F,Div/Sep/Viudo,2,5,Semanal,No,3,1
102046,36,16698,F,Soltero,0,3,Mensual,No,1,0
102278,33,16693,F,Soltero,0,1,Mensual,Si,1,1
101069,50,16673,M,Casado,1,0,Mensual,Si,1,0
102058,43,16668,F,Soltero,1,3,Mensual,Si,1,0
101156,35,16668,F,Casado,1,0,Semanal,Si,1,0
103580,33,16662,M,Div/Sep/Viudo,4,5,Semanal,No,2,0
102740,67,16661,F,Soltero,1,3,Semanal,No,1,0
103106,62,16659,M,Div/Sep/Viudo,4,5,Semanal,No,2,0
102518,51,16653,F,Soltero,1,2,Semanal,Si,1,1
102186,59,16652,M,Soltero,0,3,Semanal,Si,1,1
102557,25,16650,M,Soltero,0,2,Mensual,No,1,0
103955,28,16646,M,Casado,2,4,Mensual,Si,2,0
101064,27,16639,F,Casado,2,1,Semanal,Si,2,0
103886,40,16636,F,Casado,3,3,Mensual,Si,2,1
104021,60,16635,M,Casado,2,3,Mensual,Si,2,0
101702,34,16629,F,Casado,2,2,Mensual,Si,2,1
103751,63,16628,F,Casado,2,3,Semanal,Si,1,0
102437,32,16605,F,Soltero,0,2,Semanal,No,1,0
102849,38,16601,F,Soltero,0,2,Semanal,Si,1,0
103688,34,16584,F,Div/Sep/Viudo,3,5,Semanal,Si,3,0
102405,37,16582,F,Soltero,1,1,Semanal,No,1,0
102799,38,16576,F,Soltero,0,3,Semanal,Si,1,1
100875,22,16570,M,Casado,1,2,Semanal,Si,1,0
101835,45,16563,F,Casado,2,2,Semanal,Si,2,1
102889,38,16552,M,Div/Sep/Viudo,4,6,Semanal,Si,2,1
101506,73,16552,F,Casado,2,0,Mensual,Si,1,1
102064,50,16551,M,Soltero,1,3,Semanal,Si,1,1
101753,45,16541,M,Casado,1,2,Mensual,Si,2,1
103390,71,16531,M,Div/Sep/Viudo,4,6,Semanal,Si,3,0
101071,67,16530,M,Casado,1,2,Semanal,Si,2,1
102373,74,16527,F,Soltero,1,2,Semanal,Si,1,1
102873,33,16523,M,Div/Sep/Viudo,3,6,Semanal,Si,2,1
102030,27,16523,M,Soltero,0,2,Mensual,No,1,0
102634,23,16523,F,Soltero,0,3,Semanal,Si,1,1
103806,59,16520,M,Casado,3,3,Mensual,Si,1,0
100951,22,16520,M,Casado,2,0,Mensual,Si,2,0
102607,43,16505,F,Soltero,1,3,Mensual,Si,1,0
104011,24,16504,F,Casado,2,3,Mensual,Si,2,1
103881,62,16494,F,Casado,2,4,Semanal,Si,1,1
103925,48,16492,M,Casado,3,4,Semanal,Si,2,1
100973,62,16488,F,Casado,1,2,Mensual,Si,2,0
101998,43,16487,M,Soltero,1,3,Semanal,No,1,0
103276,28,16485,M,Div/Sep/Viudo,2,6,Semanal,Si,3,0
102203,34,16482,F,Soltero,1,2,Semanal,No,1,0
102580,56,16481,F,Soltero,1,3,Mensual,No,1,1
104109,24,16475,M,Casado,2,3,Mensual,Si,2,0
103854,33,16473,F,Casado,2,3,Mensual,Si,2,0
102640,31,16472,F,Soltero,0,3,Mensual,Si,1,0
100860,38,16471,F,Casado,2,0,Mensual,Si,1,0
101162,50,16470,M,Casado,2,0,Mensual,Si,1,0
102851,62,16461,M,Soltero,1,1,Mensual,Si,1,1
101792,25,16454,F,Casado,1,0,Semanal,Si,1,1
102399,29,16450,F,Soltero,0,2,Semanal,No,1,1
102393,26,16443,F,Soltero,0,1,Mensual,Si,1,1
103778,39,16441,F,Casado,3,4,Semanal,Si,2,0
101290,27,16439,F,Casado,2,2,Mensual,Si,2,0
103794,45,16434,F,Casado,2,3,Mensual,Si,2,0
103436,65,16415,F,Div/Sep/Viudo,4,6,Semanal,No,2,1
102576,23,16415,F,Soltero,1,1,Semanal,Si,1,0
101342,29,16414,M,Casado,2,2,Mensual,Si,1,1
102773,74,16414,M,Soltero,0,1,Mensual,Si,1,1
103635,43,16412,F,Div/Sep/Viudo,4,6,Semanal,No,3,1
101211,33,16412,M,Casado,1,1,Semanal,Si,2,0
101578,85,16411,F,Casado,2,2,Semanal,Si,2,1
103306,36,16406,F,Div/Sep/Viudo,2,6,Semanal,Si,3,0
102042,49,16403,M,Soltero,1,3,Mensual,Si,1,0
101757,30,16399,F,Casado,2,2,Mensual,Si,2,1
101861,28,16397,F,Casado,1,0,Semanal,Si,1,0
100913,51,16394,F,Casado,1,1,Mensual,Si,1,0
102583,78,16384,F,Soltero,0,3,Mensual,No,1,1
103443,33,16382,M,Div/Sep/Viudo,4,5,Semanal,Si,3,1
102084,28,16379,M,Soltero,1,2,Semanal,No,1,1
100873,58,16377,F,Casado,1,0,Mensual,Si,2,1
103843,33,16376,F,Casado,3,4,Semanal,Si,1,0
101246,46,16362,F,Casado,2,2,Semanal,Si,2,1
103278,33,16356,M,Div/Sep/Viudo,3,6,Semanal,Si,3,1
101987,35,16356,M,Soltero,1,1,Semanal,Si,1,0
101619,29,16356,M,Casado,2,0,Mensual,Si,1,0
104012,51,16355,M,Casado,3,4,Mensual,Si,2,1
101683,46,16355,F,Casado,1,0,Mensual,Si,1,0
102658,45,16335,M,Soltero,0,1,Mensual,Si,1,0
101905,31,16333,F,Casado,2,1,Mensual,Si,1,0
104095,45,16331,F,Casado,2,4,Mensual,Si,1,0
102346,83,16326,M,Soltero,0,2,Mensual,Si,1,1
101639,28,16324,M,Casado,1,1,Semanal,Si,2,0
103354,30,16318,F,Div/Sep/Viudo,2,6,Semanal,Si,3,0
103381,30,16316,F,Div/Sep/Viudo,3,5,Semanal,Si,2,1
103603,41,16312,F,Div/Sep/Viudo,3,5,Semanal,No,2,0
101709,27,16303,M,Casado,1,2,Mensual,Si,1,0
100810,48,16301,F,Casado,2,1,Mensual,Si,2,1
101587,22,16300,M,Casado,2,0,Semanal,Si,2,0
103357,54,16298,M,Div/Sep/Viudo,3,5,Semanal,Si,3,1
102066,45,16296,F,Soltero,0,2,Mensual,Si,1,0
100949,82,16291,F,Casado,1,1,Semanal,Si,2,1
101180,28,16287,F,Casado,2,2,Semanal,Si,1,0
103677,59,16272,F,Div/Sep/Viudo,3,5,Semanal,Si,3,1
102355,38,16262,M,Soltero,1,2,Semanal,No,1,1
102885,35,16258,F,Div/Sep/Viudo,2,5,Semanal,Si,3,1
103083,28,16252,M,Div/Sep/Viudo,3,6,Semanal,No,3,0
101475,33,16242,F,Casado,1,0,Semanal,Si,1,0
101428,34,16242,M,Casado,2,0,Mensual,Si,2,1
102401,24,16242,M,Soltero,1,1,Mensual,Si,1,0
102369,45,16232,F,Soltero,0,1,Semanal,Si,1,1
102566,43,16229,F,Soltero,0,3,Semanal,No,1,0
100931,49,16223,M,Casado,2,0,Mensual,Si,2,1
101025,32,16219,F,Casado,1,2,Semanal,Si,2,1
103211,55,16211,F,Div/Sep/Viudo,3,5,Semanal,No,3,0
102132,67,16211,F,Soltero,0,3,Semanal,No,1,1
101749,36,16211,F,Casado,2,1,Mensual,Si,1,0
102654,28,16207,M,Soltero,0,2,Mensual,Si,1,0
102516,40,16205,M,Soltero,0,3,Mensual,No,1,0
102965,40,16204,M,Div/Sep/Viudo,2,5,Semanal,Si,2,1
101024,37,16201,M,Casado,1,1,Semanal,Si,1,0
103921,49,16178,M,Casado,3,4,Mensual,Si,1,1
101152,35,31411,M,Casado,2,1,Semanal,Si,2,0
103085,27,16159,M,Div/Sep/Viudo,4,6,Semanal,No,3,1
101711,42,16158,M,Casado,2,0,Mensual,Si,1,0
102874,50,16156,M,Div/Sep/Viudo,3,6,Semanal,Si,3,1
103014,52,16152,M,Div/Sep/Viudo,2,6,Semanal,Si,3,1
101521,34,16152,M,Casado,1,2,Semanal,Si,2,0
102065,44,16145,F,Soltero,1,3,Semanal,No,1,1
102039,67,16131,F,Soltero,0,3,Semanal,Si,1,1
102425,60,16130,F,Soltero,0,1,Mensual,Si,1,1
103527,24,16128,F,Div/Sep/Viudo,3,6,Semanal,No,3,0
102734,35,16094,F,Soltero,0,1,Semanal,No,1,0
103971,65,16090,M,Casado,3,3,Semanal,Si,2,1
100819,24,16088,F,Casado,2,2,Mensual,Si,2,1
102290,38,16073,F,Soltero,1,3,Mensual,Si,1,1
100948,32,16062,M,Casado,1,1,Semanal,Si,1,0
102581,44,16053,F,Soltero,0,2,Mensual,Si,1,0
101378,21,16049,F,Casado,2,0,Semanal,Si,1,0
103101,63,16045,M,Div/Sep/Viudo,2,5,Semanal,Si,2,0
100885,39,16017,F,Casado,1,1,Mensual,Si,2,0
101558,27,16012,F,Casado,1,2,Semanal,Si,2,1
101107,30,16007,F,Casado,2,0,Semanal,Si,1,0
101301,45,16006,M,Casado,2,2,Mensual,Si,2,1
101175,29,16002,M,Casado,1,1,Semanal,Si,1,0
102286,76,15997,M,Soltero,0,3,Mensual,No,1,1
101238,37,15996,F,Casado,2,2,Mensual,Si,1,0
103779,70,15993,M,Casado,3,4,Mensual,Si,1,1
102435,42,15987,F,Soltero,1,3,Semanal,Si,1,0
102942,51,15984,M,Div/Sep/Viudo,4,6,Semanal,Si,3,1
104057,50,15978,F,Casado,2,4,Semanal,Si,1,0
102098,33,30927,F,Soltero,1,2,Semanal,Si,1,0
103355,51,15965,M,Div/Sep/Viudo,2,6,Semanal,No,2,1
101897,34,15956,F,Casado,1,0,Mensual,Si,2,1
101262,23,15952,M,Casado,1,2,Mensual,Si,2,0
100807,36,15949,M,Casado,1,2,Semanal,Si,1,0
102322,26,15941,M,Soltero,0,2,Mensual,Si,1,0
102377,33,15940,M,Soltero,0,2,Semanal,No,1,0
101526,39,15936,M,Casado,1,1,Mensual,Si,2,0
101414,28,15935,M,Casado,1,2,Mensual,Si,2,1
101362,48,15929,F,Casado,1,1,Mensual,Si,2,1
103687,34,15926,M,Div/Sep/Viudo,2,5,Semanal,Si,3,1
102831,26,15918,F,Soltero,0,1,Mensual,No,1,1
102588,29,15905,F,Soltero,1,3,Mensual,Si,1,1
102269,41,15904,M,Soltero,1,2,Semanal,Si,1,1
103030,36,15902,M,Div/Sep/Viudo,3,5,Semanal,No,2,1
101893,44,15901,M,Casado,1,1,Semanal,Si,2,1
102719,41,15885,M,Soltero,0,1,Semanal,Si,1,0
103524,28,15883,M,Div/Sep/Viudo,2,6,Semanal,Si,3,1
102177,31,15881,F,Soltero,0,2,Mensual,Si,1,0
100833,55,15880,M,Casado,1,1,Mensual,Si,1,1
100969,29,15872,M,Casado,2,1,Mensual,Si,2,1
102298,71,15871,M,Soltero,1,3,Mensual,Si,1,1
100899,24,30699,M,Casado,2,0,Mensual,Si,2,0
102293,54,15867,F,Soltero,0,2,Mensual,No,1,1
102814,38,15863,M,Soltero,1,3,Mensual,Si,1,1
101823,28,15863,F,Casado,2,1,Mensual,Si,1,0
101120,40,15855,M,Casado,2,2,Mensual,Si,1,1
103269,29,15848,F,Div/Sep/Viudo,2,5,Semanal,Si,2,0
102006,32,15846,M,Soltero,0,2,Mensual,No,1,0
102348,34,15841,M,Soltero,1,1,Semanal,Si,1,0
101743,52,15838,M,Casado,2,1,Semanal,Si,1,0
102708,31,15821,F,Soltero,0,3,Mensual,No,1,0
102906,43,15802,M,Div/Sep/Viudo,2,6,Semanal,No,3,1
104014,53,15800,M,Casado,3,3,Semanal,Si,2,1
101134,40,15789,M,Casado,1,1,Semanal,Si,1,0
101464,45,15785,F,Casado,2,2,Mensual,Si,1,0
101329,39,15781,M,Casado,2,0,Mensual,Si,1,0
100805,48,15780,M,Casado,1,2,Mensual,Si,1,0
100002,25,15777,M,Soltero,0,0,Mensual,Si,0,0
103534,68,15776,F,Div/Sep/Viudo,2,6,Semanal,No,3,1
102302,31,15774,F,Soltero,0,2,Mensual,Si,1,0
103135,38,15772,M,Div/Sep/Viudo,3,6,Semanal,Si,3,1
102157,22,15772,M,Soltero,1,1,Semanal,No,1,1
101904,33,15770,M,Casado,2,1,Mensual,Si,1,0
102582,43,15766,F,Soltero,0,2,Semanal,Si,1,1
102481,72,15763,M,Soltero,1,3,Mensual,No,1,1
102645,49,15758,M,Soltero,0,1,Semanal,No,1,1
101216,33,15758,F,Casado,2,0,Semanal,Si,2,0
102717,24,15755,M,Soltero,1,3,Mensual,Si,1,0
102337,64,15752,M,Soltero,1,3,Semanal,Si,1,1
103816,33,15748,M,Casado,3,4,Semanal,Si,1,1
103486,43,15747,M,Div/Sep/Viudo,4,5,Semanal,Si,3,1
103499,33,15743,M,Div/Sep/Viudo,2,5,Semanal,No,3,0
100809,45,15739,M,Casado,2,0,Semanal,Si,2,0
100846,63,15738,F,Casado,1,0,Mensual,Si,2,1
103382,52,15737,F,Div/Sep/Viudo,3,6,Semanal,No,3,1
102195,35,15736,M,Soltero,1,3,Semanal,No,1,0
101181,65,15733,M,Casado,1,0,Mensual,Si,1,1
103350,79,15732,M,Div/Sep/Viudo,4,5,Semanal,No,2,1
100999,57,15701,M,Casado,2,2,Semanal,Si,2,1
101477,34,15701,F,Casado,1,1,Semanal,Si,1,0
102429,54,20800,M,Soltero,1,1,Mensual,Si,1,0
102085,57,15697,F,Soltero,0,1,Semanal,Si,1,0
102332,36,15688,F,Soltero,1,1,Mensual,Si,1,0
102944,79,15671,M,Div/Sep/Viudo,2,5,Semanal,Si,3,1
101021,62,15647,M,Casado,1,0,Mensual,Si,1,0
100227,36,15646,F,Soltero,0,0,Mensual,Si,0,0
101990,34,15638,F,Soltero,1,2,Mensual,No,1,0
101932,56,15637,F,Casado,1,1,Semanal,Si,2,1
103021,85,15633,M,Div/Sep/Viudo,2,6,Semanal,Si,2,1
103626,26,15632,M,Div/Sep/Viudo,3,5,Semanal,Si,2,0
103887,46,15628,M,Casado,2,4,Mensual,Si,1,0
103559,53,15615,M,Div/Sep/Viudo,4,5,Semanal,No,2,1
102453,63,15604,F,Soltero,1,3,Mensual,No,1,1
101941,54,15603,F,Casado,1,2,Mensual,Si,2,1
100947,33,15599,F,Casado,1,0,Mensual,Si,2,1
101752,25,15597,M,Casado,1,1,Semanal,Si,1,0
102224,35,15595,M,Soltero,0,2,Mensual,No,1,0
102938,53,15590,F,Div/Sep/Viudo,4,5,Semanal,Si,3,1
102979,32,15588,F,Div/Sep/Viudo,3,5,Semanal,No,3,0
102561,67,15587,F,Soltero,1,1,Semanal,No,1,1
101624,37,15582,F,Casado,1,0,Mensual,Si,2,0
101452,31,15571,M,Casado,2,0,Semanal,Si,2,0
101034,48,15560,F,Casado,1,2,Mensual,Si,1,0
101277,36,15549,M,Casado,2,1,Mensual,Si,1,0
102703,33,15541,M,Soltero,0,1,Semanal,Si,1,0
100806,84,15534,M,Casado,1,2,Mensual,Si,2,1
104049,32,15533,M,Casado,3,3,Semanal,Si,2,1
103985,35,15518,F,Casado,2,4,Semanal,Si,2,1
103917,49,15511,M,Casado,3,4,Mensual,Si,1,0
103783,67,15504,F,Casado,2,4,Mensual,Si,2,0
101831,47,15496,F,Casado,2,0,Mensual,Si,1,0
102886,41,15487,F,Div/Sep/Viudo,2,5,Semanal,No,2,1
101698,85,15481,M,Casado,1,2,Semanal,Si,2,1
103270,34,15468,M,Div/Sep/Viudo,2,6,Semanal,No,3,0
101116,34,15466,M,Casado,1,1,Mensual,Si,1,0
101622,32,15466,M,Casado,2,2,Semanal,Si,2,1
102283,46,15462,F,Soltero,1,3,Mensual,No,1,0
101299,29,22182,F,Casado,1,2,Semanal,Si,1,0
102449,27,15460,F,Soltero,1,2,Semanal,No,1,0
103206,35,15453,M,Div/Sep/Viudo,3,6,Semanal,No,2,1
101706,24,15451,M,Casado,1,1,Semanal,Si,1,0
101900,43,15451,M,Casado,2,1,Mensual,Si,1,0
101295,46,15451,F,Casado,2,0,Mensual,Si,2,1
101003,49,15449,M,Casado,1,1,Semanal,Si,2,0
101533,55,15445,F,Casado,1,0,Semanal,Si,2,1
101336,35,15442,M,Casado,1,2,Mensual,Si,1,0
101859,63,15441,F,Casado,1,1,Semanal,Si,1,0
102088,61,15431,F,Soltero,1,1,Semanal,Si,1,0
100264,28,15430,F,Soltero,0,0,Mensual,Si,0,0
104050,39,15422,M,Casado,2,3,Mensual,Si,2,0
102414,20,15421,M,Soltero,0,3,Semanal,Si,1,1
103789,64,15420,F,Casado,3,4,Semanal,Si,2,1
103972,54,15419,F,Casado,2,3,Semanal,Si,1,0
101571,70,15415,M,Casado,1,2,Mensual,Si,1,0
101215,24,15412,M,Casado,2,0,Semanal,Si,1,0
102722,47,15410,F,Soltero,0,2,Mensual,No,1,1
102370,33,15409,M,Soltero,0,3,Mensual,No,1,0
100804,22,15402,M,Casado,1,1,Mensual,Si,2,1
103212,58,15394,F,Div/Sep/Viudo,3,6,Semanal,Si,2,1
103617,26,15392,M,Div/Sep/Viudo,2,6,Semanal,No,2,0
103882,45,15391,M,Casado,2,3,Mensual,Si,1,0
100829,32,15377,F,Casado,1,2,Semanal,Si,2,1
101616,42,15372,F,Casado,2,1,Mensual,Si,1,0
103432,55,15370,F,Div/Sep/Viudo,2,6,Semanal,No,3,0
103447,42,15366,F,Div/Sep/Viudo,4,5,Semanal,No,3,0
101827,29,15345,M,Casado,1,0,Mensual,Si,1,0
100874,85,15332,F,Casado,1,1,Semanal,Si,1,1
103345,35,15328,F,Div/Sep/Viudo,2,5,Semanal,Si,2,1
101561,30,15328,F,Casado,2,2,Mensual,Si,1,0
102509,38,15319,F,Soltero,1,2,Mensual,No,1,0
102002,24,15316,F,Soltero,1,1,Semanal,No,1,0
103185,31,15311,F,Div/Sep/Viudo,3,6,Semanal,No,3,0
102995,36,15311,F,Div/Sep/Viudo,2,5,Semanal,Si,2,0
101557,43,15308,M,Casado,1,2,Semanal,Si,1,0
101903,40,15307,M,Casado,1,2,Semanal,Si,2,0
103046,47,15303,M,Div/Sep/Viudo,2,6,Semanal,No,2,1
102794,39,15303,M,Soltero,0,3,Semanal,No,1,1
103803,60,15299,M,Casado,2,3,Semanal,Si,2,0
102872,51,15290,F,Div/Sep/Viudo,2,6,Semanal,No,2,1
101055,46,15286,F,Casado,1,2,Semanal,Si,2,1
101436,65,15279,F,Casado,2,1,Semanal,Si,1,0
102668,65,15273,M,Soltero,0,3,Mensual,Si,1,1
103102,41,15272,F,Div/Sep/Viudo,2,5,Semanal,No,2,0
103949,34,15268,M,Casado,2,4,Mensual,Si,1,0
102427,43,15262,M,Soltero,0,1,Mensual,No,1,0
102737,38,15258,F,Soltero,1,1,Semanal,No,1,1
101271,34,15258,F,Casado,2,2,Mensual,Si,1,0
101577,42,15256,F,Casado,2,2,Semanal,Si,2,1
103294,45,15248,M,Div/Sep/Viudo,4,6,Semanal,Si,2,1
101400,50,15236,F,Casado,1,1,Semanal,Si,2,0
100908,69,15217,F,Casado,1,2,Mensual,Si,2,1
102391,44,15203,M,Soltero,1,1,Semanal,No,1,1
102784,39,15201,F,Soltero,0,1,Semanal,Si,1,0
102630,57,15196,F,Soltero,1,1,Semanal,Si,1,0
102379,30,15195,M,Soltero,0,3,Mensual,Si,1,0
104023,24,15192,F,Casado,3,3,Mensual,Si,1,0
102133,47,15190,M,Soltero,1,1,Semanal,No,1,0
100071,35,15185,F,Soltero,0,1,Mensual,Si,0,0
101027,36,15181,M,Casado,2,1,Semanal,Si,2,1
102735,29,15175,M,Soltero,0,2,Semanal,No,1,0
103116,62,15170,F,Div/Sep/Viudo,2,5,Semanal,No,2,1
101970,24,15168,M,Casado,1,1,Semanal,Si,2,1
101735,49,15160,F,Casado,1,0,Mensual,Si,2,1
101554,39,15155,M,Casado,1,1,Semanal,Si,1,0
103907,71,15143,F,Casado,2,3,Semanal,Si,2,1
101298,57,15142,F,Casado,1,1,Mensual,Si,1,0
102113,27,15140,M,Soltero,1,1,Semanal,Si,1,0
103445,51,15139,F,Div/Sep/Viudo,4,5,Semanal,Si,2,1
103857,47,15138,M,Casado,3,3,Mensual,Si,1,0
101085,38,15138,F,Casado,1,0,Semanal,Si,2,0
101560,49,15132,M,Casado,2,1,Semanal,Si,2,1
103271,31,15131,M,Div/Sep/Viudo,3,5,Semanal,Si,3,0
102967,41,15130,F,Div/Sep/Viudo,2,6,Semanal,Si,3,1
101278,40,15130,M,Casado,2,1,Semanal,Si,2,0
103050,30,15117,M,Div/Sep/Viudo,3,6,Semanal,No,3,0
102646,35,15112,F,Soltero,0,2,Semanal,Si,1,0
102935,33,15109,M,Div/Sep/Viudo,2,6,Semanal,No,2,1
103818,45,15106,F,Casado,3,3,Mensual,Si,2,1
102226,64,15104,M,Soltero,0,2,Semanal,No,1,0
102815,26,15101,F,Soltero,1,3,Semanal,No,1,0
101108,46,15096,M,Casado,2,0,Semanal,Si,2,1
102152,33,15090,F,Soltero,1,3,Semanal,Si,1,0
101738,56,15087,F,Casado,1,1,Mensual,Si,1,0
103846,46,15082,F,Casado,2,4,Semanal,Si,2,1
102877,24,15075,F,Div/Sep/Viudo,4,6,Semanal,No,3,0
103131,42,15073,M,Div/Sep/Viudo,2,5,Semanal,No,2,0
102351,37,15073,F,Soltero,1,3,Semanal,No,1,0
103348,26,15070,M,Div/Sep/Viudo,3,5,Semanal,No,3,0
103471,33,15067,F,Div/Sep/Viudo,3,6,Semanal,Si,2,1
101118,41,15064,M,Casado,1,2,Mensual,Si,2,1
101289,33,15062,M,Casado,2,0,Semanal,Si,2,0
101305,59,15058,F,Casado,1,1,Mensual,Si,1,1
103567,37,15056,M,Div/Sep/Viudo,4,6,Semanal,No,2,1
102590,32,15055,M,Soltero,1,3,Mensual,No,1,0
101715,42,15054,M,Casado,2,2,Mensual,Si,2,0
102142,44,15052,M,Soltero,0,3,Semanal,No,1,0
101958,56,15051,M,Casado,1,0,Mensual,Si,1,0
102172,40,15050,F,Soltero,0,3,Mensual,Si,1,0
102969,44,15046,M,Div/Sep/Viudo,3,6,Semanal,No,2,1
102584,35,15045,M,Soltero,1,1,Mensual,Si,1,0
101121,72,15035,M,Casado,2,2,Semanal,Si,2,0
101602,46,15032,F,Casado,1,1,Mensual,Si,2,0
101983,42,15020,F,Casado,2,0,Semanal,Si,1,0
101819,33,15018,M,Casado,1,2,Mensual,Si,2,0
103676,59,15005,F,Div/Sep/Viudo,2,6,Semanal,Si,3,0
