ID,EDAD,INGRESOS,GENERO,ESTADO_CIVIL,NUM_HIJOS,NUM_TARJETAS,MODALIDAD_PAGO,HIPOTECA,PRESTAMOS,RIESGO
100756,46,59944,m,married,1,2,monthly,y,0,F
100668,67,59692, ,married,1,1,monthly,y,0,F
100418,50,59508,m,married,1,1,monthly,y,1,F
100416,24,59463,m,married,0,2,monthly,y,1,F
100590,34,59393,f,married,0,2,monthly,y,0,F
100657,43,59276,m,married,1,2,monthly,y,1,F
100702,49,59201,m,married,0,1,monthly,y,0,V
100319,37,59193,f,married,1,2,monthly,y,1,F
100666,35,76503,m,married,1,1,monthly,y,1,F
100389,78,59036,m,married,1,1,monthly,y,1,F
100758,51,58914,m,married,0,1,monthly,y,1,V
100695,46,58878,f,married,1,1,monthly,y,0,V
100698,32,58785,f,married,0,2,monthly,y,0,F
100769,27,58529,m,married,0,1,monthly,y,0,F
100376,46,99396,f,married,0,2,monthly,y,0,F
100796,53,58381,m,married,1,1,monthly,y,0,V
100414,39,58026,m,married,0,1,monthly,y,0,F
100354,51,57718,m,married,1,2,monthly,y,1,F
100452,51,57689,m,married,1,1,monthly,y,1,F
100567,54,57683,f,married,1,1,monthly,y,1,F
100728,24,57623,m,married,1,1,monthly,y,1,F
100725,34,57598,f,married,1,1,monthly,y,1,F
100665,47,57520,f,married,1,1,monthly,y,0,V
100730,40,57388,f,married,0,1,monthly,y,0,F
100766,51,57376,m,married,0,2,monthly,y,1,F
100524,46,57004,f,married,1,1,monthly,y,0,F
100412,20,56891,m,married,1,1,monthly,y,1,F
100374,60,56849,m,married,1,1,monthly,y,1,F
100566,33,56590,m,married,0,2,monthly,y,0,F
100591,29,56523,m,married,1,1,monthly,y,0,F
100421,59,56486,m,married,0,1,monthly,y,1,F
100670,50,56470,m,married,0,2,monthly,y,0,F
100379,62,56087,m,married,1,2,monthly,y,1,V
100292,43,74471,f,married,0,1,monthly,y,1,F
100326,34,55897,m,married,1,2,monthly,y,0,F
100497,41,55777,f,married,1,2,monthly,y,0,F
100568,27,55752,m,married,0,2,monthly,y,1,F
100294,25,55642,f,married,1,2,monthly,y,0,V
100570,31,55565,m,married,1,2,monthly,y,0,F
100347,70,55554,f,married,0,1,monthly,y,0,F
100425,32,55497,m,married,1,1,monthly,y,1,F
100494,22,55421,m,married,0,2,monthly,y,0,F
100592,37,55390,f,married,0,1,monthly,y,0,F
100601,32,55215,m,married,0,2,monthly,y,0,F
100700,60,55140,m,married,1,2,monthly,y,0,V
100563,68,55112,m,married,1,2,monthly,y,1,F
100486,34,54938,m,married,0,2,monthly,y,0,F
100348,43,54792,m,married,1,1,monthly,y,0,F
100672,45,54777,m,married,1,2,monthly,y,1,F
100450,38,54673,f,married,1,2,monthly,y,1,V
100629,36,54671,m,married,0,2,monthly,y,0,F
100386,28,54603,f,married,1,2,monthly,y,1,F
100757,22,54451,m,married,0,1,monthly,y,1,F
100488,28,54021,m,married,1,1,monthly,y,1,F
100383,38,54013,f,married,0,1,monthly,y,0,F
100770,24,53983,f,married,1,2,monthly,y,0,F
100795,42,53842,f,married,0,2,monthly,y,0,F
100415,40,53791,m,married,0,1,monthly,y,1,F
100597,32,53731,m,married,0,2,monthly,y,1,F
100794,35,53704,m,married,1,2,monthly,y,1,F
100755,25,53660,f,married,1,1,monthly,y,1,F
100390,54,53559,f,married,1,2,monthly,y,0,F
100345,53,53552,f,married,0,2,monthly,y,1,F
100753,26,53550,m,married,1,1,monthly,y,1,F
100492,26,53365,m,married,0,1,monthly,y,0,V
100694,28,53307,m,married,0,2,monthly,y,1,F
100448,48,53201,m,married,0,1,monthly,y,0,F
100384,45,53195,m,married,1,2,monthly,y,1,F
100630,59,53180,f,married,1,2,monthly,y,0,F
100381,61,53115,f,married,0,2,monthly,y,0,F
100761,24,74912,m,married,1,1,monthly,y,0,F
100350,48,52973,m,married,1,1,monthly,y,0,F
100352,60,52961,f,married,1,1,monthly,y,1,F
100385,35,52896,m,married,0,2,monthly,y,1,F
100626,39,52887,m,married,0,2,monthly,y,0,F
100768,37,52772,m,married,1,2,monthly,y,1,F
100295,37,52725,m,married,0,2,monthly,y,0,F
100526,54,52545,f,married,1,1,monthly,y,0,F
100325,76,52540,f,married,0,2,monthly,y,0,F
100599,67,52495,f,married,1,2,monthly,y,1,F
100603,33,52173,f,married,0,2,monthly,y,0,F
100346,43,52118,m,married,1,2,monthly,y,1,F
100377,30,51945,f,married,1,1,monthly,y,1,F
100727,31,51939,m,married,0,1,monthly,y,0,F
100671,38,51859,f,married,0,2,monthly,y,1,F
100767,30,51724,m,married,1,1,monthly,y,1,F
100697,32,51561,m,married,0,2,monthly,y,0,F
100765,43,51498,m,married,0,1,monthly,y,1,F
100797,47,51385,f,married,0,1,monthly,y,0,F
100324,47,51383,f,married,0,2,monthly,y,1,F
100419,47,51219,m,married,0,2,monthly,y,1,F
100662,26,50833,m,married,1,1,monthly,y,1,F
100754,30,50816,m,married,0,2,monthly,y,1,F
100375,40,50808,f,married,1,2,monthly,y,0,F
100490,59,50799,m,married,1,2,monthly,y,0,F
100664,85,50631,f,married,0,2,monthly,y,0,V
100621,44,66351,f,married,1,2,monthly,y,0,F
100793,52,50552,m,married,0,1,monthly,y,0,V
100493,25,50515,f,married,0,1,monthly,y,1,F
100593,51,50445,m,married,0,1,monthly,y,1,F
100500,84,50302,m,married,1,2,monthly,y,0,F
100322,30,50295,f,married,1,1,monthly,y,0,F
100628,32,50199,f,married,0,1,monthly,y,0,F
100571,54,50076,m,married,1,1,monthly,y,1,F
100529,40,50075,m,married,0,2,monthly,y,0,F
100535,21,49988,f,married,1,2,monthly,y,0,F
100799,33,49866,f,married,0,1,monthly,y,0,F
100660,68,49850,m,married,0,2,monthly,y,1,V
100731,35,49789,f,married,0,2,monthly,y,0,F
100344,35,104975,m,married,0,1,monthly,y,1,V
100373,53,49678,m,married,0,2,monthly,y,0,F
100622,45,49600,m,married,1,2,monthly,y,1,F
100594,35,49529,f,married,1,1,monthly,y,0,F
100705,31,49485,m,married,1,1,monthly,y,1,V
100605,85,49415,m,married,0,1,monthly,y,0,V
100487,63,49409,m,married,1,2,monthly,y,1,F
100604,47,49407,m,married,1,2,monthly,y,0,F
100378,48,49075,m,married,1,2,monthly,y,0,F
100382,37,49008,f,married,1,2,monthly,y,0,F
100423,44,49007,m,married,1,1,monthly,y,0,V
100532,36,48931,m,married,1,2,monthly,y,0,F
100802,29,48607,f,married,1,2,monthly,y,1,F
100623,45,48599,m,married,0,1,monthly,y,1,F
100388,35,48511,m,married,0,1,monthly,y,0,F
100693,46,48414,m,married,1,2,monthly,y,0,F
100293,49,48336,m,married,1,2,monthly,y,0,F
100489,47,48084,m,married,0,2,monthly,y,1,F
100527,28,48061,f,married,1,2,monthly,y,0,F
100411,34,47833,m,married,1,1,monthly,y,0,F
100495,35,47734,m,married,0,2,monthly,y,1,F
100732,57,47623,f,married,0,2,monthly,y,1,F
100422,56,47623,m,married,0,1,monthly,y,1,F
100661,30,47568,f,married,0,2,monthly,y,1,F
100539,25,47470,f,married,1,1,monthly,y,0,F
100499,85,47422,f,married,0,2,monthly,y,1,V
100595,46,47161,m,married,1,2,monthly,y,1,F
100798,25,47111,m,married,0,2,monthly,y,1,F
100759,32,47035,m,married,0,1,monthly,y,0,F
100456,58,47026,m,married,1,2,monthly,y,0,F
100596,85,47019,m,married,0,1,monthly,y,1,F
100706,80,46965,f,married,1,1,monthly,y,1,F
100323,45,46955,m,married,0,2,monthly,y,1,F
100451,39,46949,f,married,0,2,monthly,y,1,F
100565,27,46823,m,married,0,1,monthly,y,1,F
100491,40,46785,f,married,1,1,monthly,y,1,V
100458,28,46645,m,married,1,1,monthly,y,0,F
100701,34,46501,f,married,1,2,monthly,y,1,F
100569,54,46168,f,married,1,1,monthly,y,1,F
100707,36,46119,m,married,1,1,monthly,y,0,F
100625,35,67398,f,married,1,2,monthly,y,0,F
100468,38,45970,m,married,0,1,monthly,y,0,F
100470,85,45949,f,married,1,1,monthly,y,0,F
100579,27,45904,f,married,1,1,monthly,y,0,F
100453,44,45869,f,married,0,2,monthly,y,1,F
100516,77,45849,m,married,1,2,monthly,y,1,F
100581,38,45841,f,married,1,2,monthly,y,0,F
100338,63,45813,f,married,1,1,monthly,y,0,F
100578,25,45750,f,married,0,1,monthly,y,1,F
100561,36,45721,m,married,0,1,monthly,y,1,F
100282,29,45715,m,married,0,2,monthly,y,1,F
100684,38,45712,f,married,1,2,monthly,y,0,F
100273,39,45706,f,married,0,2,monthly,y,1,F
100343,40,45687,m,married,1,2,monthly,y,1,F
100485,54,45673,m,married,0,1,monthly,y,0,F
100472,20,45659,f,married,0,1,monthly,y,1,F
100688,31,45654,m,married,0,2,monthly,y,0,F
100512,42,53646,m,married,0,1,monthly,y,0,F
100679,22,45584,f,married,1,1,monthly,y,0,F
100683,50,45549,m,married,1,1,monthly,y,0,F
100600,31,45537,m,married,0,2,monthly,y,1,F
100436,37,45518,f,married,1,1,monthly,y,1,F
100618,55,45463,m,married,0,2,monthly,y,1,F
100763,64,45452,f,married,1,1,monthly,y,1,V
100536,50,45450,f,married,0,1,monthly,y,0,F
100558,26,45419,F,married,0,2,monthly,y,0,F
100722,49,45390,f,married,0,2,monthly,y,0,F
100703,51,45368,f,married,0,2,monthly,y,1,F
100733,47,45318,m,married,1,1,monthly,y,1,F
100745,68,45313,f,married,0,2,monthly,y,1,F
100650,40,45283,f,married,1,1,monthly,y,1,F
100588,67,45266,f,married,0,1,monthly,y,0,F
100587,67,45246,f,married,0,1,monthly,y,1,F
100718,51,45240,m,married,0,2,monthly,y,1,F
100449,44,45238,f,married,0,2,monthly,y,1,F
100716,47,88910,m,married,1,2,monthly,y,1,F
100330,75,45217,m,married,0,1,monthly,y,0,V
100337,59,45209,m,married,1,2,monthly,y,0,F
100746,27,45194,m,married,1,2,monthly,y,1,F
100531,46,45159,f,married,1,1,monthly,y,0,F
100505,29,45153,f,married,0,2,monthly,y,1,F
100365,31,45115,f,married,1,2,monthly,y,1,F
100562,34,45103,f,married,0,1,monthly,y,1,F
100537,24,45081,f,married,0,2,monthly,y,1,F
100430,28,45066,m,married,0,1,monthly,y,1,F
100284,70,45049,m,married,1,2,monthly,y,1,F
100741,31,45001,f,married,0,1,monthly,y,1,F
100394,54,44997,f,married,0,1,monthly,y,1,F
100285,42,44974,m,married,1,2,monthly,y,0,F
100288,48,44956,f,married,0,2,monthly,y,1,F
100523,49,44936,f,married,1,1,monthly,y,0,F
100691,28,44898,m,married,1,1,monthly,y,0,F
100334,54,44895,f,married,1,2,monthly,y,1,F
100602,26,44892,m,married,1,2,monthly,y,0,F
100403,30,44831,m,married,1,1,monthly,y,1,F
100764,49,44787,m,married,1,2,monthly,y,0,F
100329,27,44781,m,married,1,1,monthly,y,0,F
100440,21,44772,m,married,1,1,monthly,y,0,F
100279,45,44756,f,married,1,1,monthly,y,1,F
100677,23,44728,f,married,0,2,monthly,y,0,F
100620,51,44705,f,married,1,1,monthly,y,0,V
100402,35,44684,f,married,1,1,monthly,y,1,F
100720,44,44682,f,married,0,1,monthly,y,1,F
100627,44,44671,f,married,1,2,monthly,y,1,F
100399,52,44617,f,married,1,2,monthly,y,1,F
100361,49,44613,m,married,0,2,monthly,y,0,F
100676,27,44597,f,married,1,2,monthly,y,0,F
100681,36,44582,f,married,0,1,monthly,y,1,F
100641,44,44534,m,married,0,2,monthly,y,0,F
100320,68,44483,f,married,0,2,monthly,y,0,F
100580,50,44477,f,married,0,1,monthly,y,0,F
100549,65,44460,m,married,0,1,monthly,y,1,F
100496,45,44449,m,married,1,1,monthly,y,0,F
100396,60,44442,m,married,1,1,monthly,y,0,F
100534,43,44413,m,married,0,2,monthly,y,0,F
100752,58,44395,m,married,1,2,monthly,y,1,V
100521,34,44394,m,married,1,1,monthly,y,0,F
100586,71,44378,f,married,1,2,monthly,y,0,F
100533,47,44363,m,married,0,1,monthly,y,1,F
100476,24,44318,m,married,1,1,monthly,y,0,F
100737,45,44306,F,married,0,2,monthly,y,1,V
100615,50,44298,f,married,0,2,monthly,y,0,F
100781,55,44294,m,married,1,2,monthly,y,1,F
100548,83,44272,f,married,0,1,monthly,y,1,V
100442,33,44271,f,married,0,1,monthly,y,1,F
100682,83,44270,f,married,0,2,monthly,y,1,V
100784,39,44261,m,married,0,1,monthly,y,1,F
100792,30,44230,f,married,1,2,monthly,y,0,F
100432,33,44202,f,married,0,2,monthly,y,0,F
100280,49,44202,m,married,1,2,monthly,y,0,F
100445,29,44194,m,married,0,2,monthly,y,1,F
100363,35,44193,f,married,1,1,monthly,y,0,F
100398,45,44187,f,married,1,1,monthly,y,0,F
100417,71,44159,m,married,1,1,monthly,y,0,F
100715,54,44150,m,married,0,2,monthly,y,1,F
100503,40,44095,f,married,0,1,monthly,y,0,F
100790,48,44072,m,married,1,1,monthly,y,0,V
100360,43,44052,f,married,0,2,monthly,y,0,F
100465,26,44048,m,married,1,1,monthly,y,0,F
100635,77,44039,f,married,1,2,monthly,y,1,F
100585,72,44010,f,married,0,2,monthly,y,1,F
100736,38,44005,m,married,1,2,monthly,y,1,F
100407,33,43989,m,married,0,1,monthly,y,1,F
100522,26,43982,m,married,1,2,monthly,y,0,F
100696,50,43977,m,married,0,1,monthly,y,1,F
100510,50,43976,f,married,0,2,monthly,y,0,F
100310,29,43972,f,married,0,1,monthly,y,1,F
100409,43,43957,f,married,1,2,monthly,y,1,F
100353,54,43908,f,married,0,1,monthly,y,0,F
100424,32,43895,f,married,0,1,monthly,y,1,F
100439,36,43890,f,married,0,2,monthly,y,1,F
100444,36,43888,m,married,0,1,monthly,y,1,F
100749,30,43876,f,married,1,2,monthly,y,1,F
100443,37,43874,m,married,0,2,monthly,y,1,F
100511,23,43835,m,married,0,2,monthly,y,1,F
100785,36,43823,m,married,1,2,monthly,y,1,F
100506,36,43820,m,married,1,2,monthly,y,0,F
100283,38,43800,m,married,1,2,monthly,y,0,F
100454,47,43799,m,married,1,1,monthly,y,0,F
100303,26,43795,m,married,0,2,monthly,y,0,F
100760,27,43794,f,married,0,2,monthly,y,0,F
100477,30,43761,f,married,0,1,monthly,y,0,F
100473,25,43750,m,married,1,1,monthly,y,1,F
100642,49,43739,m,married,1,1,monthly,y,1,F
100551,32,43707,f,married,1,1,monthly,y,0,F
100624,39,43677,f,married,0,1,monthly,y,0,F
100721,29,43669,m,married,1,1,monthly,y,0,F
100704,34,43651,F,married,1,2,monthly,y,1,F
100306,44,43650,m,married,0,1,monthly,y,0,F
100645,45,43648,f,married,1,1,monthly,y,1,F
100367,27,43645,m,married,0,2,monthly,y,0,F
100507,38,43633,f,married,1,1,monthly,y,0,F
100614,29,43622,f,married,0,1,monthly,y,1,F
100782,37,43608,m,married,1,1,monthly,y,0,F
100272,31,43593,m,married,0,1,monthly,y,0,F
100598,79,43514,F,married,1,2,monthly,y,0,F
100405,53,43482,m,married,1,1,monthly,y,1,F
100368,45,43474,m,married,0,1,monthly,y,1,F
100519,35,43408,f,married,0,2,monthly,y,0,F
100589,54,43362,f,married,0,2,monthly,y,1,F
100724,38,43348,m,married,1,2,monthly,y,1,F
100311,75,43330,m,married,0,1,monthly,y,1,V
100369,56,43322,f,married,0,2,monthly,y,1,F
100530,34,43303,m,married,0,2,monthly,y,1,F
100640,71,43293,f,married,0,1,monthly,y,1,V
100342,35,43202,m,married,1,1,monthly,y,1,F
100739,81,43185,f,married,1,1,monthly,y,0,F
100321,73,65161,f,married,0,2,monthly,y,0,F
100789,44,43151,f,married,0,1,monthly,y,1,F
100729,24,43146,f,married,1,1,monthly,y,1,F
100633,43,43120,m,married,0,1,monthly,y,1,F
100410,27,43100,f,married,1,1,monthly,y,1,F
100431,31,43098,f,married,0,2,monthly,y,1,F
100316,32,43043,f,married,1,1,monthly,y,1,F
100663,27,42996,m,married,1,2,monthly,y,1,F
100564,43,42996,f,married,0,1,monthly,y,1,F
100471,30,42980,f,married,0,1,monthly,y,0,F
100552,36,42953,m,married,1,2,monthly,y,0,F
100392,32,42928,m,married,1,1,monthly,y,1,F
100290,47,42926,m,married,0,1,monthly,y,0,F
100699,46,42909,m,married,1,1,monthly,y,0,F
100646,35,42904,m,married,1,1,monthly,y,0,F
100750,48,42899,m,married,1,1,monthly,y,1,F
100517,63,42884,m,married,0,1,monthly,y,0,F
100547,21,42874,m,married,1,2,monthly,y,1,F
100317,32,71032,m,married,0,1,monthly,y,1,F
100612,28,42844,f,married,1,2,monthly,y,1,F
100420,31,42828,f,married,1,1,monthly,y,0,F
100780,20,42823,f,married,1,1,monthly,y,1,F
100518,21,70502,f,married,0,1,monthly,y,0,F
100654,19,42772,f,married,0,2,monthly,y,0,F
100653,33,42737,m,married,1,2,monthly,y,1,F
100447,32,42719,m,married,0,1,monthly,y,1,F
100723,67,42715,m,married,0,1,monthly,y,0,F
100678,41,42663,f,married,0,2,monthly,y,1,F
100651,48,42658,f,married,1,2,monthly,y,0,V
100582,85,42652,m,married,0,1,monthly,y,1,F
100286,21,42647,f,married,0,2,monthly,y,0,F
100576,76,42574,f,married,0,2,monthly,y,0,V
100613,39,42544,f,married,0,2,monthly,y,0,F
100480,34,42522,m,married,0,2,monthly,y,0,F
100634,32,42519,m,married,1,1,monthly,y,1,F
100308,44,42471,f,married,1,2,monthly,y,1,F
100791,34,42464,m,married,0,2,monthly,y,1,F
100658,26,42443,f,married,1,2,monthly,y,1,F
100742,32,42440,m,married,1,1,monthly,y,0,F
100331,45,42438,m,married,0,1,monthly,y,0,F
100686,51,42429,m,married,1,2,monthly,y,1,F
100474,79,42422,m,married,0,1,monthly,y,0,F
100751,41,42412,m,married,1,2,monthly,y,0,F
100332,64,42389,m,married,0,1,monthly,y,0,F
100546,36,42386,m,married,1,1,monthly,y,0,F
100482,38,42356,f,married,0,2,monthly,y,0,F
100779,38,42334,f,married,0,1,monthly,y,0,F
100387,42,42313,m,married,1,1,monthly,y,0,F
100644,55,42309,m,married,0,1,monthly,y,1,F
100649,33,42241,f,married,0,2,monthly,y,0,F
100371,29,42234,m,married,1,2,monthly,y,1,F
100680,56,42231,m,married,1,2,monthly,y,1,F
100318,55,42210,f,married,0,2,monthly,y,1,F
100408,69,42206,m,married,1,1,monthly,y,0,V
100362,31,42192,f,married,1,2,monthly,y,0,F
100647,36,42182,m,married,1,2,monthly,y,1,F
100479,57,42175,m,married,0,1,monthly,y,1,F
100313,33,42175,m,married,1,1,monthly,y,1,F
100289,50,42169,f,married,0,2,monthly,y,1,F
100276,36,42144,f,married,1,2,monthly,y,1,F
100617,44,42143,m,married,0,2,monthly,y,0,F
100281,26,42119,m,married,0,1,monthly,y,1,F
100550,40,42110,f,married,1,2,monthly,y,0,F
100714,62,42106,f,married,0,1,monthly,y,0,V
100560,53,42096,m,married,1,1,monthly,y,0,F
100498,28,42091,f,married,0,1,monthly,y,0,F
100747,76,42078,m,married,0,2,monthly,y,1,F
100298,61,42053,f,married,0,2,monthly,y,1,F
100525,27,42024,f,married,1,2,monthly,y,0,F
100299,32,41965,f,married,1,1,monthly,y,0,F
100636,27,41964,f,married,0,2,monthly,y,1,F
100291,45,41935,m,married,0,2,monthly,y,0,F
100340,32,41921,m,married,0,1,monthly,y,0,F
100786,21,41898,f,married,0,2,monthly,y,1,V
100339,38,41879,m,married,0,1,monthly,y,0,F
100656,56,41876,f,married,1,2,monthly,y,0,F
100643,41,41859,m,married,1,2,monthly,y,1,F
100557,48,41851,f,married,0,1,monthly,y,1,F
100433,42,41850,f,married,1,2,monthly,y,1,F
100464,52,41834,m,married,0,1,monthly,y,0,F
100455,44,41793,m,married,0,2,monthly,y,0,F
100305,37,41777,m,married,1,1,monthly,y,1,F
100659,41,41774,f,married,0,1,monthly,y,0,F
100559,70,41769,m,married,0,2,monthly,y,1,V
100475,49,41767,m,married,0,2,monthly,y,0,F
100393,28,41766,m,married,0,1,monthly,y,1,F
100762,40,41750,f,married,0,1,monthly,y,0,F
100438,44,41735,f,married,0,1,monthly,y,0,F
100483,37,41725,m,married,0,2,monthly,y,1,F
100397,21,41704,f,married,0,2,monthly,y,1,F
100669,29,41696,f,married,1,1,monthly,y,0,F
100788,34,41676,f,married,1,2,monthly,y,0,F
100441,81,41676,f,married,1,2,monthly,y,0,V
100274,47,41639,m,married,1,2,monthly,y,0,V
100372,23,41631,f,married,1,1,monthly,y,1,F
100413,38,41629,m,married,1,2,monthly,y,1,F
100278,65,41624,m,married,0,2,monthly,y,1,F
100406,32,41552,f,married,1,2,monthly,y,0,F
100484,58,41530,m,married,1,1,monthly,y,0,F
100309,24,41513,f,married,1,2,monthly,y,1,V
100553,18,41506,f,married,0,1,monthly,y,0,F
100380,62,41492,f,married,0,1,monthly,y,1,V
100359,33,41489,m,married,1,1,monthly,y,1,F
100366,34,41483,F,married,1,2,monthly,y,0,F
100520,42,41432,m,married,1,1,monthly,y,1,F
100304,46,41421,f,married,0,2,monthly,y,1,F
100719,19,41315,f,married,0,1,monthly,y,0,F
100349,31,41300,f,married,0,2,monthly,y,0,F
100513,40,41283,m,married,0,2,monthly,y,1,F
100277,46,41281,m,married,0,1,monthly,y,1,F
100275,28,41270,F,married,1,1,monthly,y,1,F
100437,36,41248,m,married,1,2,monthly,y,1,F
100404,32,72127,m,married,0,2,monthly,y,1,F
100616,43,41205,f,married,0,2,monthly,y,1,F
100637,61,41178,f,married,1,1,monthly,y,1,F
100315,35,41169,f,married,1,2,monthly,y,1,F
100638,25,41168,m,married,1,2,monthly,y,1,F
100744,30,41162,f,married,0,2,monthly,y,1,F
100395,76,41159,m,married,0,2,monthly,y,0,F
100556,29,41158,f,married,1,2,monthly,y,0,F
100457,26,41132,f,married,0,2,monthly,y,1,F
100639,34,41095,f,married,0,1,monthly,y,0,F
100783,38,41091,m,married,0,2,monthly,y,1,F
100478,32,41086,m,married,1,1,monthly,y,1,V
100314,24,41083,f,married,0,2,monthly,y,1,F
100287,44,41068,m,married,1,1,monthly,y,1,F
100740,43,41048,m,married,0,1,monthly,y,1,F
100434,51,40992,m,married,1,2,monthly,y,0,F
100508,42,40991,m,married,1,2,monthly,y,0,F
100652,73,40983,f,married,1,1,monthly,y,0,V
100400,53,40971,f,married,0,1,monthly,y,1,V
100577,48,40964,m,married,1,1,monthly,y,1,F
100514,62,40949,f,married,1,2,monthly,y,0,V
100391,41,40949,f,married,0,2,monthly,y,1,F
100685,37,40940,f,married,1,2,monthly,y,1,F
100364,44,40940,m,married,1,2,monthly,y,1,F
100370,21,51833,f,married,1,1,monthly,y,0,F
100610,41,40912,m,married,0,1,monthly,y,0,F
100435,38,40909,f,married,0,1,monthly,y,0,F
100800,46,40906,m,married,1,2,monthly,y,0,F
100544,58,40904,m,married,0,2,monthly,y,1,F
100504,49,40875,m,married,0,1,monthly,y,0,F
100467,30,40866,m,married,1,2,monthly,y,1,F
100611,54,40855,f,married,0,1,monthly,y,1,F
100336,74,40782,f,married,0,2,monthly,y,0,F
100717,59,40728,m,married,1,1,monthly,y,1,F
100584,25,40693,m,married,0,2,monthly,y,0,F
100667,49,40658,f,married,0,1,monthly,y,0,F
100307,26,40653,f,married,0,2,monthly,y,0,F
100687,35,40645,f,married,1,2,monthly,y,0,F
100619,45,40645,f,Married,1,2,monthly,y,0,F
100333,43,40636,f,married,1,1,monthly,y,1,F
100748,59,40626,f,married,1,2,monthly,y,1,V
100689,74,40626,m,married,1,2,monthly,y,0,V
100787,47,40609,m,married,1,1,monthly,y,0,F
100555,34,40605,F,married,1,2,monthly,y,0,F
100312,21,40592,f,married,1,1,monthly,y,0,F
100296,65,40583,m,married,1,2,monthly,y,1,F
100341,38,40543,f,married,1,1,monthly,y,0,F
100351,39,40526,m,married,1,1,monthly,y,1,F
100446,40,40507,m,married,1,1,monthly,y,1,F
100481,46,46215,m,married,1,1,monthly,y,1,F
100801,47,40473,f,married,1,1,monthly,y,1,F
100726,35,40460,f,married,1,2,monthly,y,1,F
100515,38,40446,m,married,0,2,monthly,y,1,F
100713,31,40438,m,married,1,2,monthly,y,1,F
100545,30,40437,f,married,1,1,monthly,y,1,F
100738,30,40425,m,married,0,1,monthly,y,1,V
100538,38,40398,m,married,0,2,monthly,y,1,F
100743,28,66908,m,married,0,1,monthly,y,1,F
100401,18,40340,m,married,0,2,monthly,y,1,F
100583,34,40335,m,married,1,2,monthly,y,0,F
100543,26,40328,f,married,0,1,monthly,y,1,F
100466,41,40326,f,married,0,2,monthly,y,1,F
100297,31,40263,m,married,0,2,monthly,y,1,F
100648,47,40246,m,married,0,1,monthly,y,1,F
100469,26,40204,f,married,0,2,monthly,y,1,F
100335,22,40187,f,married,1,2,monthly,y,1,F
100692,38,40182,m,married,1,1,monthly,y,1,F
100528,34,40179,f,married,0,1,monthly,y,0,F
100690,25,40176,m,married,1,2,monthly,y,0,V
100554,53,40171,f,married,0,2,monthly,y,0,F
100655,28,40100,f,married,1,1,monthly,y,0,F
100575,30,40057,m,married,0,1,monthly,y,1,F
100509,57,40020,m,married,1,2,monthly,y,0,F
100178,48,39925,m,single,0,1,monthly,y,0,F
100459,27,39899,f,married,0,2,monthly,y,0,F
100355,35,39859,f,married,0,2,monthly,y,1,F
100301,26,39696,m,married,0,1,monthly,y,0,F
100105,55,39676,m,single,0,0,monthly,y,0,F
100574,55,39589,f,married,0,1,monthly,y,0,F
100061,79,39476,f,single,0,0,monthly,y,0,V
100177,85,39446,m,single,0,0,monthly,y,0,V
100778,31,39416,f,married,1,1,monthly,y,1,F
100255,51,39379,f,single,0,0,monthly,y,0,V
100191,22,39326,f,single,0,1,monthly,y,0,F
100428,42,39277,f,married,0,1,monthly,y,1,F
100134,46,39207,m,single,0,1,monthly,y,0,F
100572,28,39188,m,married,0,2,monthly,y,0,F
100109,31,68067,F,single,0,0,monthly,y,0,V
100047,55,39121,f,single,0,0,monthly,y,0,F
100776,47,39087,f,married,1,2,monthly,y,1,F
100146,74,39028,f,single,0,0,monthly,y,0,V
100108,70,39024,f,single,0,0,monthly,y,0,V
100243,23,38858,f,single,0,0,monthly,y,0,V
100106,32,38677,m,single,0,0,monthly,y,0,F
100710,27,38654,F,married,1,1,monthly,y,0,F
100327,52,38537,f,married,1,1,monthly,y,0,F
100160,44,38191,f,single,0,0,monthly,y,0,F
100257,28,78612,m,single,0,1,monthly,y,0,F
100268,29,37895,f,single,0,1,monthly,y,0,F
100119,63,37885,m,single,0,1,monthly,y,0,F
100675,34,37837,m,married,1,2,monthly,y,1,F
100501,21,37810,f,married,1,2,monthly,y,0,F
100144,27,37613,f,single,0,0,monthly,y,0,F
100015,81,81285,f,single,0,1,monthly,y,0,V
100175,58,37533,f,single,0,1,monthly,y,0,F
100269,25,37520,m,single,0,1,monthly,y,0,V
100145,42,37476,m,single,0,0,monthly,y,0,V
100130,56,37394,F,single,0,0,monthly,y,0,F
100235,23,37367,m,single,0,1,monthly,y,0,F
100260,59,37282,m,single,0,0,monthly,y,0,F
100077,46,37234,m,single,0,0,monthly,y,0,F
100118,30,37062,f,single,0,1,monthly,y,0,F
100196,49,36972,f,single,0,1,monthly,y,0,F
100048,44,36893,m,single,0,1,monthly,y,0,F
100224,45,36873,f,single,0,1,monthly,y,0,V
100772,41,36852,f,married,0,2,monthly,y,0,F
100460,29,36623,f,married,0,2,monthly,y,1,F
100153,30,36487,m,single,0,1,monthly,y,0,V
100267,36,36358,f,single,0,1,monthly,y,0,F
100076,40,36356,f,single,0,1,monthly,y,0,F
100711,51,36296,m,married,1,1,monthly,y,1,F
100270,82,36276,f,single,0,1,monthly,y,0,V
100709,43,36255,m,married,0,2,monthly,y,1,F
100092,50,36167,m,single,0,0,monthly,y,0,V
100253,55,36163,f,single,0,1,monthly,y,0,F
100221,52,36154,f,single,0,1,monthly,y,0,V
100356,28,36062,m,married,1,1,monthly,y,0,F
100300,66,36036,f,married,0,2,monthly,y,1,F
100038,61,35973,f,single,0,0,monthly,y,0,V
100037,41,35967,f,single,0,0,monthly,y,0,F
100028,29,35922,m,single,0,1,monthly,y,0,F
100131,40,35875,f,single,0,1,monthly,y,0,F
100107,23,35838,f,single,0,1,monthly,y,0,F
100103,70,35731,f,single,0,1,monthly,y,0,V
100328,31,35616,f,married,0,1,monthly,y,0,F
100036,35,35505,f,single,0,1,monthly,y,0,F
100094,67,35465,f,single,0,1,monthly,y,0,F
100233,64,35407,f,single,0,1,monthly,y,0,V
100176,45,35193,f,single,0,0,monthly,y,0,F
100775,74,35188,f,married,1,1,monthly,y,1,F
100129,28,35172,m,single,0,1,monthly,y,0,F
100223,45,35117,m,single,0,1,monthly,y,0,F
100200,28,34995,f,single,0,0,monthly,y,0,V
100254,60,34845,m,single,0,1,monthly,y,0,F
100009,59,34824,f,single,0,1,monthly,y,0,F
100070,77,34795,m,single,0,1,monthly,y,0,F
100209,39,34453,f,single,0,0,monthly,y,0,F
100185,85,34345,m,single,0,1,monthly,y,0,V
100074,27,34328,f,single,0,0,monthly,y,0,F
100252,38,34288,m,single,0,1,monthly,y,0,F
100462,28,34288,m,married,0,1,monthly,y,0,V
100181,42,34281,f,single,0,1,monthly,y,0,V
100271,28,34265,F,married,0,1,monthly,y,0,F
100182,60,34252,f,single,0,1,monthly,y,0,V
100081,47,34180,f,single,0,0,monthly,y,0,F
100050,27,34153,m,single,0,1,monthly,y,0,F
100017,54,34115,m,single,0,1,monthly,y,0,V
100097,72,34027,f,single,0,0,monthly,y,0,V
100018,49,33987,f,single,0,0,monthly,y,0,F
100150,25,33953,m,single,0,1,monthly,y,0,F
100190,37,33911,m,single,0,0,monthly,y,0,F
100194,51,33815,f,single,0,0,monthly,y,0,F
100132,36,33808,f,single,0,0,monthly,y,0,F
100112,27,33796,f,single,0,0,monthly,y,0,F
100242,63,33747,f,single,0,0,monthly,y,0,F
100126,35,33740,m,single,0,0,monthly,y,0,V
100357,72,33683,m,married,1,1,monthly,y,1,V
100427,32,33679,f,married,0,2,monthly,y,1,F
100041,35,33658,m,single,0,0,monthly,y,0,V
100148,32,33635,f,single,0,1,monthly,y,0,F
100142,37,33509,m,single,0,0,monthly,y,0,F
100057,47,33503,f,single,0,1,monthly,y,0,F
100777,28,33502,f,married,1,2,monthly,y,1,F
100202,26,33489,m,single,0,1,monthly,y,0,F
100162,23,33471,f,single,0,1,monthly,y,0,F
100734,22,33454,m,married,0,1,monthly,y,1,F
100541,25,33439,m,married,1,1,monthly,y,1,F
100231,32,33315,m,single,0,0,monthly,y,0,V
100187,42,33299,m,single,0,1,monthly,y,0,F
100172,46,33248,m,single,0,0,monthly,y,0,V
100188,41,33229,m,single,0,1,monthly,y,0,V
100046,68,33220,m,single,0,0,monthly,y,0,V
100065,78,33142,f,single,0,1,monthly,y,0,V
100189,35,33011,m,single,0,0,monthly,y,0,F
100113,28,32994,f,single,0,1,monthly,y,0,V
100773,85,32977,m,married,0,2,monthly,y,1,V
100089,62,32916,m,single,0,0,monthly,y,0,F
100245,60,32893,f,single,0,1,monthly,y,0,F
100006,32,32876,f,single,0,0,monthly,y,0,F
100241,54,32874,m,single,0,1,monthly,y,0,V
100029,41,32851,f,single,0,0,monthly,y,0,F
100127,38,32827,m,single,0,0,monthly,y,0,F
100205,38,32820,f,single,0,0,monthly,y,0,F
100161,47,32732,m,single,0,1,monthly,y,0,F
100219,69,32694,m,single,0,1,monthly,y,0,F
100003,85,32662,m,single,0,0,monthly,y,0,V
100023,34,32644,f,single,0,1,monthly,y,0,V
100225,42,32643,f,single,0,0,monthly,y,0,F
100014,38,32640,f,single,0,0,monthly,y,0,F
100016,46,32620,m,single,0,1,monthly,y,0,F
100180,36,32585,m,single,0,1,monthly,y,0,V
100239,31,32569,f,single,0,1,monthly,y,0,V
100204,34,32543,f,single,0,0,monthly,y,0,F
100059,32,32539,m,single,0,0,monthly,y,0,F
100631,37,32526,f,married,0,1,monthly,y,1,F
100137,25,32512,f,single,0,0,monthly,y,0,F
100152,32,32472,f,single,0,0,monthly,y,0,F
100008,46,32461,m,single,0,0,monthly,y,0,F
100540,46,32363,f,married,0,1,monthly,y,0,V
100141,43,32056,m,single,0,0,monthly,y,0,F
100463,67,32033,f,married,1,2,monthly,y,1,V
100095,47,31986,f,single,0,0,monthly,y,0,F
100258,66,31985,m,single,0,1,monthly,y,0,F
100111,85,31928,f,single,0,0,monthly,y,0,F
100228,55,31912,m,single,0,0,monthly,y,0,F
100025,25,31911,m,single,0,0,monthly,y,0,V
100673,44,31891,F,married,0,2,monthly,y,0,V
100030,41,31891,f,single,0,1,monthly,y,0,F
100099,72,31868,m,single,0,0,monthly,y,0,V
100078,38,31853,f,single,0,1,monthly,y,0,F
100158,29,31818,m,single,0,0,monthly,y,0,F
100104,33,31804,f,single,0,0,monthly,y,0,F
100154,25,31798,f,single,0,1,monthly,y,0,F
100091,18,31778,f,single,0,1,monthly,y,0,F
100192,85,31771,m,single,0,0,monthly,y,0,V
100040,39,31731,m,single,0,0,monthly,y,0,F
100230,26,31689,m,single,0,0,monthly,y,0,F
100044,75,31625,f,single,0,0,monthly,y,0,V
100244,81,31586,m,single,0,0,monthly,y,0,V
100121,42,31567,f,single,0,1,monthly,y,0,F
100774,25,31563,f,married,1,1,monthly,y,0,F
100167,33,31523,f,single,0,0,monthly,y,0,F
100053,36,31519,f,single,0,1,monthly,y,0,F
100082,40,31472,f,single,0,1,monthly,y,0,F
100251,27,31454,m,single,0,1,monthly,y,0,F
100358,57,31453,m,married,1,2,monthly,y,0,F
100101,21,31449,m,single,0,0,monthly,y,0,V
100116,61,31391,f,single,0,0,monthly,y,0,V
100045,67,31347,f,single,0,1,monthly,y,0,V
100093,34,31295,F,single,0,1,monthly,y,0,F
100049,38,31292,f,single,0,1,monthly,y,0,F
100429,70,31251,f,married,1,2,monthly,y,0,V
100207,51,31242,f,single,0,1,monthly,y,0,V
100265,35,31237,m,single,0,0,monthly,y,0,F
100055,36,31232,m,single,0,1,monthly,y,0,V
100110,48,31218,f,single,0,1,monthly,y,0,F
100220,82,31169,m,single,0,0,monthly,y,0,F
100179,37,31101,m,single,0,0,monthly,y,0,F
100090,34,31096,f,single,0,1,monthly,y,0,F
100262,40,31021,m,single,0,0,monthly,y,0,F
100010,40,30908,f,single,0,0,monthly,y,0,F
100067,44,30884,f,single,0,1,monthly,y,0,F
100199,38,30881,f,single,0,1,monthly,y,0,F
100232,63,30807,f,single,0,1,monthly,y,0,F
100034,29,30796,f,single,0,0,monthly,y,0,F
100246,46,30791,f,single,0,1,monthly,y,0,F
100712,47,30788,f,married,1,2,monthly,y,1,F
100022,29,30618,m,single,0,0,monthly,y,0,V
100155,46,30605,f,single,0,1,monthly,y,0,F
100229,47,30580,m,single,0,0,monthly,y,0,F
100234,19,30547,m,single,0,1,monthly,y,0,F
100609,28,30546,f,married,0,2,monthly,y,0,F
100115,73,30436,m,single,0,0,monthly,y,0,F
100133,32,30422,f,single,0,1,monthly,y,0,F
100632,26,30359,m,married,1,1,monthly,y,0,F
100608,22,30273,m,married,0,1,monthly,y,0,F
100240,27,30268,m,single,0,0,monthly,y,0,F
100124,38,30256,f,single,0,0,monthly,y,0,F
100218,26,30060,f,single,0,0,monthly,y,0,V
103479,51,29997,m,divsepwid,2,5,weekly,y,2,F
103175,29,29993,f,divsepwid,3,6,weekly,y,2,V
103161,44,29987,f,divsepwid,4,5,weekly,y,2,V
103503,68,29986,m,divsepwid,2,6,weekly,n,2,F
103316,66,29963,f,divsepwid,4,6,weekly,n,2,F
103829,44,29963,f,married,3,4,monthly,y,2,F
103424,27,29955,f,divsepwid,3,6,weekly,n,3,F
103100,39,29943,f,divsepwid,4,6,weekly,n,2,F
103733,45,29934,M,divsepwid,4,6,weekly,y,3,F
100502,85,29934,f,married,1,1,monthly,y,1,V
100064,22,29933,m,single,0,1,monthly,y,0,F
103229,39,29927,m,divsepwid,2,6,weekly,n,2,F
103419,50,29925,m,divsepwid,2,6,weekly,n,2,V
103398,41,29920,f,divsepwid,3,5,weekly,n,3,F
100042,43,29912,f,single,0,0,monthly,y,0,F
104079,30,29907,m,married,3,4,weekly,y,1,F
103006,57,29907,m,divsepwid,2,6,weekly,y,2,V
103090,40,29896,f,divsepwid,3,5,weekly,y,3,F
100004,43,29892,f,single,0,0,monthly,y,0,F
103662,59,29881,m,divsepwid,2,5,weekly,y,2,F
103009,35,29873,f,divsepwid,3,6,weekly,n,2,V
103853,65,29870,F,married,2,3,monthly,y,1,F
103163,25,29869,m,divsepwid,2,6,weekly,y,2,F
102984,44,29869,m,divsepwid,3,5,weekly,n,2,F
103862,29,29868,f,married,3,3,monthly,y,1,F
103013,27,29860,m,divsepwid,2,5,weekly,n,3,F
100143,82,29848,f,single,0,1,monthly,y,0,V
103714,26,29843,m,divsepwid,2,6,weekly,n,2,F
103968,40,29841,f,married,3,3,monthly,y,1,F
103341,25,29840,m,divsepwid,3,6,weekly,y,3,V
100062,63,29839,f,single,0,0,monthly,y,0,V
104102,34,29822,f,married,2,3,weekly,y,2,F
100607,59,29816,m,married,0,2,monthly,y,0,V
103515,49,29814,m,divsepwid,4,6,weekly,n,3,V
103494,85,29811,m,divsepwid,4,5,weekly,n,3,V
100263,24,29810,m,single,0,1,monthly,y,0,F
103937,28,29807,m,married,2,3,weekly,y,2,F
103856,58,29803,m,married,3,3,weekly,y,1,F
103408,45,29795,m,divsepwid,2,5,weekly,n,3,F
102991,36,29794,m,divsepwid,3,5,weekly,n,2,F
100033,85,29786,m,single,0,0,monthly,y,0,V
103735,39,29781,m,divsepwid,2,5,weekly,y,2,F
103332,30,29780,m,divsepwid,4,6,weekly,y,3,F
103933,59,29779,m,married,2,3,weekly,y,2,F
103080,40,29779,f,divsepwid,3,5,weekly,y,2,F
103015,41,29775,f,divsepwid,3,5,weekly,y,2,V
103513,51,29755,m,divsepwid,4,5,weekly,y,2,V
100058,52,29749,m,single,0,0,monthly,y,0,F
104070,28,29748,m,married,3,3,monthly,y,2,F
103660,35,29747,m,divsepwid,4,6,weekly,y,2,F
104071,25,29746,f,married,3,4,weekly,y,2,F
103715,45,29745,m,divsepwid,3,6,weekly,y,3,V
103264,81,29735,m,divsepwid,3,6,weekly,y,3,V
100210,28,29718,m,single,0,0,monthly,y,0,F
103497,23,29706,m,divsepwid,2,5,weekly,y,3,F
103769,31,29705,f,married,3,4,weekly,y,2,F
100212,36,29702,m,single,0,0,monthly,y,0,F
103071,52,29699,m,divsepwid,2,5,weekly,y,2,V
103992,35,29691,m,married,2,4,weekly,y,1,F
103076,45,29687,f,divsepwid,2,5,weekly,n,2,F
103501,33,29671,m,div,2,6,weekly,y,3,V
103400,37,29656,f,divsepwid,4,6,weekly,n,2,V
103059,29,29648,f,divsepwid,2,6,weekly,y,3,F
103267,27,29640,f,divsepwid,4,6,weekly,y,2,V
103576,53,29622,f,divsepwid,2,5,weekly,n,3,F
103727,33,29614,f,divsepwid,2,5,weekly,n,2,V
100138,46,29608,m,single,0,0,monthly,y,0,F
104005,29,29602,f,married,2,3,weekly,y,2,F
103665,39,29600,f,divsepwid,2,6,weekly,y,3,F
100237,21,29600,f,single,0,1,monthly,y,0,F
100031,34,29593,f,single,0,1,monthly,y,0,F
103016,30,29590,m,divsepwid,3,5,weekly,n,2,V
103067,62,29552,m,divsepwid,3,5,weekly,n,3,V
103833,25,29548,m,married,3,3,weekly,y,2,V
102916,37,29541,f,divsepwid,4,5,weekly,n,3,F
103065,45,29540,f,divsepwid,3,5,weekly,y,2,V
102927,58,29524,f,div,2,6,weekly,y,2,V
104104,55,29515,f,married,2,3,monthly,y,1,F
104045,38,29494,m,married,2,3,weekly,y,2,F
104068,40,29478,m,married,2,3,monthly,y,1,F
100032,62,29472,f,single,0,1,monthly,y,0,F
103098,38,29465,f,divsepwid,4,5,weekly,y,3,F
100117,42,29453,f,single,0,0,monthly,y,0,F
100072,63,29451,m,single,0,1,monthly,y,0,V
103723,85,29440,f,divsepwid,3,5,weekly,y,2,V
103575,43,29438,m,divsepwid,4,6,weekly,y,2,V
103146,48,29431,f,divsepwid,2,5,weekly,y,3,F
103411,54,43099,m,divsepwid,3,6,weekly,y,2,V
103405,62,29424,m,divsepwid,4,6,weekly,y,3,V
103484,59,29413,m,divsepwid,3,5,weekly,y,2,V
103228,32,29413,f,divsepwid,2,6,weekly,y,3,F
103578,44,29412,m,divsepwid,3,5,weekly,n,2,F
103771,59,29412,f,married,2,4,monthly,y,2,V
103659,68,29397,m,divsepwid,4,5,weekly,y,2,V
103320,37,29397,m,divsepwid,2,6,weekly,n,2,F
100214,44,29385,m,single,0,0,monthly,y,0,F
100266,46,29382,f,single,0,1,monthly,y,0,F
103826,40,29375,m,married,2,3,monthly,y,1,F
103728,44,29374,f,divsepwid,2,6,weekly,n,2,V
103263,85,29362,f,divsepwid,3,5,weekly,n,3,V
104111,37,29360,m,married,3,4,monthly,y,2,F
103824,38,29351,m,married,2,4,monthly,y,2,V
103420,23,29349,f,div,3,5,weekly,y,2,F
100195,22,29343,f,single,0,0,monthly,y,0,F
103973,47,29338,m,married,2,3,weekly,y,1,F
103998,59,29337,f,married,3,4,monthly,y,2,V
103066,54,29308,f,divsepwid,3,5,weekly,y,3,V
100075,29,29306,m,single,0,0,monthly,y,0,F
103018,53,29303,m,divsepwid,3,6,weekly,y,2,V
103156,37,29301,f,divsepwid,3,5,weekly,y,2,F
103318,34,29298,f,divsepwid,2,5,weekly,y,2,V
103160,25,29298,m,divsepwid,3,6,weekly,n,3,F
103428,30,29290,m,divsepwid,2,5,weekly,n,3,V
103741,48,29283,m,div,4,6,weekly,n,3,V
103738,44,29282,f,divsepwid,3,5,weekly,y,3,V
103425,42,29273,m,divsepwid,4,5,weekly,y,2,V
103966,20,29265,f,married,3,4,weekly,y,2,F
103489,42,29258,f,divsepwid,2,5,weekly,n,3,F
103521,32,29258,f,divsepwid,4,6,weekly,y,3,F
103155,44,29233,m,divsepwid,2,6,weekly,n,3,F
103154,63,29232,m,divsepwid,2,6,weekly,n,3,F
103249,33,29227,f,divsepwid,4,5,weekly,n,2,V
100173,41,29222,f,single,0,0,monthly,y,0,F
103084,85,29220,m,divsepwid,4,6,weekly,y,2,V
104006,44,29217,m,married,2,3,monthly,y,1,F
100201,39,29216,m,single,0,1,monthly,y,0,F
103266,29,29214,m,divsepwid,4,5,weekly,n,2,F
103069,54,29202,f,divsepwid,4,6,weekly,y,3,V
103247,28,29196,f,divsepwid,3,6,weekly,n,3,F
103825,65,29184,m,married,2,4,monthly,y,1,F
100102,50,29182,m,single,0,0,monthly,y,0,V
103939,32,29180,f,married,3,4,weekly,y,2,F
104107,30,29168,m,married,2,4,monthly,y,1,F
102912,30,29167,m,divsepwid,2,6,weekly,n,3,F
102918,22,29151,f,divsepwid,2,5,weekly,y,2,V
103412,47,29147,m,divsepwid,3,6,weekly,n,2,F
103074,21,29139,f,divsepwid,3,6,weekly,n,3,F
103569,38,29119,f,divsepwid,2,5,weekly,n,2,F
103481,37,29095,m,divsepwid,2,5,weekly,n,2,V
100088,35,29093,m,single,0,1,monthly,y,0,F
103483,47,29090,m,divsepwid,2,6,weekly,y,3,V
103410,32,29090,f,divsepwid,2,6,weekly,y,3,F
103894,42,29089,f,married,2,4,weekly,y,1,F
103827,65,29078,f,married,2,4,weekly,y,1,V
104080,49,29076,m,married,3,4,monthly,y,2,F
103719,34,29069,f,divsepwid,4,6,weekly,n,2,F
103004,39,29069,m,divsepwid,2,5,weekly,n,3,V
103147,35,29068,m,divsepwid,2,5,weekly,n,3,F
103421,37,29060,m,divsepwid,3,5,weekly,n,2,V
103905,42,29041,f,married,3,4,monthly,y,1,F
103395,24,29030,m,divsepwid,2,6,weekly,y,3,F
104078,23,29029,f,married,3,4,weekly,y,1,F
103237,29,29022,m,divsepwid,2,5,weekly,n,3,F
100259,48,29011,m,single,0,1,monthly,y,0,F
103007,50,29004,m,divsepwid,2,6,weekly,n,2,F
100573,53,28991,f,married,1,2,monthly,y,0,F
104002,29,28983,m,married,2,4,monthly,y,1,F
103592,41,28976,m,divsepwid,3,5,weekly,n,3,V
104030,34,28972,m,married,2,4,weekly,y,1,F
100222,37,28961,m,single,0,1,monthly,y,0,F
103931,34,28952,f,married,3,3,monthly,y,1,V
103394,43,28943,f,divsepwid,2,6,weekly,y,2,F
103935,31,28942,m,married,2,4,monthly,y,2,F
103164,61,28905,f,divsepwid,3,6,weekly,n,2,V
100606,62,28901,f,married,0,1,monthly,y,0,V
103426,47,28899,f,divsepwid,2,5,weekly,n,2,F
103773,58,60985,f,married,2,4,weekly,y,1,F
103765,24,28870,m,married,3,4,monthly,y,2,F
103322,63,28862,f,divsepwid,2,6,weekly,y,2,V
100019,45,28852,m,single,0,1,monthly,y,0,F
100771,31,28840,m,married,0,1,monthly,y,0,F
103736,30,28838,f,divsepwid,2,5,weekly,n,3,F
100198,73,28835,f,single,0,1,monthly,y,0,V
104105,54,28813,m,married,3,4,monthly,y,1,F
103830,37,28802,f,married,3,4,monthly,y,2,F
103739,24,28799,f,divsepwid,3,5,weekly,n,2,F
103168,64,28799,f,divsepwid,2,6,weekly,y,3,V
102997,27,28797,F,divsepwid,3,6,weekly,y,3,F
102926,34,28785,m,divsepwid,4,6,weekly,y,3,F
103328,37,28778,m,divsepwid,3,6,weekly,y,3,F
103646,30,28771,m,divsepwid,2,5,weekly,n,3,F
103589,36,28758,f,divsepwid,2,6,weekly,n,2,F
100674,39,28745,m,married,1,1,monthly,y,1,F
103507,36,28742,f,divsepwid,4,6,weekly,n,2,F
103261,44,28740,m,divsepwid,3,5,weekly,y,3,V
103970,74,28735,m,married,3,4,weekly,y,2,V
103232,24,28716,m,divsepwid,3,6,weekly,n,3,F
102930,42,28714,m,divsepwid,3,5,weekly,n,2,F
104077,27,28709,m,married,3,3,monthly,y,2,F
104075,24,28708,m,married,2,3,monthly,y,2,F
103774,56,28702,m,married,2,3,monthly,y,2,F
102917,43,28690,m,divsepwid,4,6,weekly,n,2,F
100735,24,28687,f,married,1,1,monthly,y,0,F
103493,36,28671,m,divsepwid,4,5,weekly,y,2,V
103152,29,28658,F,divsepwid,4,5,weekly,y,2,V
103062,37,28643,m,divsepwid,2,6,weekly,n,2,F
100250,51,28640,m,single,0,1,monthly,y,0,F
100157,49,28633,m,single,0,0,monthly,y,0,F
103863,34,28631,f,married,2,4,monthly,y,2,F
103965,58,28626,m,married,2,3,weekly,y,2,F
100043,67,28622,f,single,0,0,monthly,y,0,V
103656,51,28618,m,divsepwid,4,6,weekly,n,2,F
103252,32,28617,F,divsepwid,3,5,weekly,n,2,F
103509,37,28610,f,divsepwid,2,5,weekly,n,2,F
103492,73,28602,f,divsepwid,3,6,weekly,n,2,F
103868,35,28592,m,married,3,3,weekly,y,1,F
103427,49,28586,m,divsepwid,2,5,weekly,n,2,F
103858,30,28567,m,married,3,3,monthly,y,2,F
103491,58,28553,m,divsepwid,3,5,weekly,y,2,V
102990,29,28550,f,divsepwid,2,6,weekly,y,2,F
103657,38,28549,f,divsepwid,3,5,weekly,n,3,V
102983,48,28546,m,divsepwid,3,5,weekly,n,3,V
103077,80,28528,f,divsepwid,2,6,weekly,y,3,V
102985,43,28528,f,div,3,6,weekly,y,2,F
100083,36,28515,m,single,0,1,monthly,y,0,F
102996,35,28513,m,divsepwid,2,5,weekly,y,3,F
103869,57,55538,f,married,3,3,monthly,y,1,F
103253,47,28499,f,divsepwid,3,5,weekly,n,3,F
103588,51,28490,m,divsepwid,2,6,weekly,n,2,F
103019,70,28487,m,divsepwid,4,5,weekly,y,2,V
103600,40,28480,m,divsepwid,4,6,weekly,n,3,F
103644,45,28474,m,divsepwid,2,5,weekly,n,3,V
100708,34,28469,m,married,1,1,monthly,y,0,F
104047,30,28461,f,married,3,3,weekly,y,2,F
102915,32,28455,f,divsepwid,3,6,weekly,y,2,F
100068,20,28455,f,single,0,1,monthly,y,0,F
100052,48,28454,m,single,0,0,monthly,y,0,F
103732,46,28453,m,div,4,6,weekly,y,2,V
100164,48,28450,m,single,0,0,monthly,y,0,V
103393,29,28424,m,divsepwid,2,5,weekly,n,2,F
103072,32,28418,m,divsepwid,3,5,weekly,y,3,F
103099,31,28415,m,divsepwid,4,6,weekly,n,3,F
103061,60,28407,m,divsepwid,2,6,weekly,n,2,V
103397,42,28403,f,divsepwid,3,5,weekly,y,2,V
103936,40,28383,f,married,2,4,monthly,y,1,F
103239,53,28371,f,divsepwid,3,5,weekly,y,3,V
102998,31,28351,m,divsepwid,3,6,weekly,n,2,F
102929,45,28348,m,divsepwid,2,6,weekly,n,3,F
103664,84,28336,f,divsepwid,2,5,weekly,n,3,V
103334,64,28333,m,divsepwid,4,6,weekly,n,3,V
103570,45,28331,f,divsepwid,3,5,weekly,y,2,V
103518,40,28331,m,divsepwid,3,6,weekly,n,3,F
100085,48,28315,m,single,0,0,monthly,y,0,F
103587,68,28294,m,divsepwid,4,6,weekly,n,2,F
103590,66,28293,f,divsepwid,3,5,weekly,y,3,V
100125,73,28289,f,single,0,1,monthly,y,0,F
103159,43,28275,f,divsepwid,3,6,weekly,n,3,F
103568,21,28252,m,divsepwid,2,5,weekly,y,2,F
103321,82,28243,m,divsepwid,4,6,weekly,n,2,V
103505,30,28237,f,divsepwid,3,6,weekly,n,3,F
103259,52,28230,f,divsepwid,2,5,weekly,n,2,F
103586,21,28229,m,divsepwid,4,6,weekly,y,2,V
100149,40,28224,m,single,0,1,monthly,y,0,F
100247,35,28218,f,single,0,0,monthly,y,0,F
102988,73,28205,m,divsepwid,2,5,weekly,n,3,F
103262,45,28181,f,divsepwid,3,5,weekly,y,2,V
103162,39,28180,f,divsepwid,4,6,weekly,y,2,F
103418,47,28173,m,divsepwid,2,5,weekly,n,2,F
103725,19,28172,m,divsepwid,3,6,weekly,n,3,V
100168,31,28168,f,single,0,1,monthly,y,0,F
103799,33,47668,m,married,3,4,weekly,y,1,F
100461,50,28156,f,married,0,1,monthly,y,0,V
104003,28,28154,m,married,2,4,monthly,y,1,F
104115,42,28146,m,married,2,3,monthly,y,1,F
103169,38,28136,f,divsepwid,4,5,weekly,y,3,F
103488,32,28135,f,divsepwid,2,5,weekly,n,2,F
103582,32,28115,m,divsepwid,2,5,weekly,y,2,F
100216,38,28112,f,single,0,1,monthly,y,0,F
103722,22,28109,f,divsepwid,2,6,weekly,n,2,F
103149,53,28102,m,divsepwid,2,6,weekly,n,2,F
100001,30,28085,f,single,0,1,monthly,y,0,F
103413,36,28063,f,divsepwid,4,5,weekly,y,2,F
103248,72,28063,f,divsepwid,3,6,weekly,n,2,V
103597,53,28060,m,divsepwid,2,6,weekly,n,3,F
100193,26,28050,m,single,0,0,monthly,y,0,F
100165,18,28036,m,single,0,1,monthly,y,0,V
103713,48,28025,f,divsepwid,2,6,weekly,y,2,V
100007,36,28018,m,single,0,1,monthly,y,0,F
103795,42,28000,f,married,2,4,weekly,y,1,F
103402,53,27995,m,divsepwid,2,6,weekly,n,3,F
100100,56,27995,f,single,0,0,monthly,y,0,V
103401,34,27994,m,divsepwid,2,5,weekly,n,3,F
103406,38,27994,m,divsepwid,2,5,weekly,n,2,V
103429,45,27990,f,divsepwid,2,6,weekly,y,3,F
100013,47,27987,f,single,0,1,monthly,y,0,F
103667,42,27986,m,divsepwid,2,6,weekly,n,3,F
103002,69,27979,f,divsepwid,4,6,weekly,y,3,V
100012,46,27956,f,single,0,0,monthly,y,0,F
100159,52,27941,f,single,0,1,monthly,y,0,F
104116,44,27940,m,married,3,4,weekly,y,2,F
103409,28,27936,m,divsepwid,2,6,weekly,y,2,V
100426,31,27933,m,married,0,1,monthly,y,1,F
103325,26,27930,f,divsepwid,2,5,weekly,n,2,V
102986,59,27928,f,divsepwid,4,5,weekly,n,2,V
103177,23,27922,f,divsepwid,4,5,weekly,y,2,F
103802,37,27917,m,married,3,3,monthly,y,2,V
100166,34,27915,f,single,0,0,monthly,y,0,F
100174,34,27913,f,single,0,0,monthly,y,0,F
103251,35,27909,m,divsepwid,2,6,weekly,y,2,F
103327,74,27906,m,divsepwid,3,5,weekly,y,3,V
100238,21,27901,f,single,0,0,monthly,y,0,F
100213,65,42729,f,single,0,0,monthly,y,0,V
103929,36,27892,m,married,2,4,weekly,y,2,V
102987,54,27890,m,divsepwid,2,5,weekly,y,3,V
102994,40,27885,F,divsepwid,4,6,weekly,y,2,V
104036,27,27873,f,married,3,4,monthly,y,1,F
103485,68,27862,f,divsepwid,4,5,weekly,y,2,V
103663,63,27861,m,divsepwid,2,5,weekly,n,2,F
103658,27,27860,f,divsepwid,3,6,weekly,n,3,F
103326,49,27859,m,divsepwid,2,6,weekly,y,3,V
103519,32,27854,f,divsepwid,3,6,weekly,n,2,F
103669,24,27850,f,divsepwid,4,5,weekly,y,3,V
100256,30,27849,m,single,0,1,monthly,y,0,F
100069,66,27849,f,single,0,0,monthly,y,0,F
100184,55,27841,m,single,0,0,monthly,y,0,F
103855,35,27833,f,married,3,4,monthly,y,2,F
100542,66,27828,f,married,1,1,monthly,y,0,F
100027,61,27819,f,single,0,0,monthly,y,0,F
103257,30,27816,m,divsepwid,2,5,weekly,y,3,V
103909,73,27808,f,married,3,3,weekly,y,1,V
103064,34,27796,m,divsepwid,2,6,weekly,n,2,F
103861,36,27795,f,married,3,3,weekly,y,1,F
100122,22,27794,f,single,0,0,monthly,y,0,F
100249,31,27793,f,single,0,1,monthly,y,0,F
103430,37,27792,m,divsepwid,4,6,weekly,y,2,F
103314,44,27778,m,divsepwid,3,5,weekly,n,3,V
103178,27,27745,m,divsepwid,4,5,weekly,n,3,F
100208,30,27739,m,single,0,0,monthly,y,0,F
103097,74,27736,f,divsepwid,4,5,weekly,y,2,V
103010,59,27723,m,divsepwid,4,5,weekly,y,3,V
100128,64,27706,m,single,0,1,monthly,y,0,F
103407,38,27693,m,divsepwid,2,5,weekly,n,2,F
103514,45,27678,f,divsepwid,4,6,weekly,y,2,F
103721,50,27676,f,div,2,5,weekly,n,3,F
103165,73,27669,f,divsepwid,3,6,weekly,n,3,F
103068,24,27661,m,divsepwid,3,6,weekly,y,3,F
100236,32,27658,m,single,0,1,monthly,y,0,F
104067,43,27647,f,married,2,4,monthly,y,2,F
100135,40,27639,f,single,0,0,monthly,y,0,F
103403,30,27637,m,divsepwid,3,6,weekly,y,3,V
100060,48,27632,f,single,0,1,monthly,y,0,F
103800,33,27624,f,married,2,4,weekly,y,2,F
103897,39,27619,m,married,2,3,monthly,y,1,V
100206,47,27617,f,single,0,1,monthly,y,0,V
100024,33,27605,f,single,0,1,monthly,y,0,F
103511,53,27602,f,divsepwid,3,5,weekly,n,2,V
103399,57,27596,m,divsepwid,3,5,weekly,n,2,F
103645,30,27591,m,divsepwid,2,5,weekly,n,2,F
103910,33,59880,m,married,3,3,monthly,y,2,F
100096,28,27580,m,single,0,0,monthly,y,0,V
103975,39,37183,m,married,3,3,weekly,y,2,V
104041,44,27566,f,married,3,3,weekly,y,2,F
103250,35,27566,f,divsepwid,4,6,weekly,y,3,V
103482,44,27565,m,divsepwid,2,5,weekly,n,2,F
103324,33,27553,f,divsepwid,4,6,weekly,y,2,F
104100,33,58117,m,married,2,4,weekly,y,1,F
103502,45,27539,m,divsepwid,2,6,weekly,y,2,F
104114,34,27535,f,married,2,3,monthly,y,1,F
100120,38,27530,f,single,0,0,monthly,y,0,F
103060,46,27525,m,divsepwid,2,6,weekly,y,2,V
100183,43,27523,f,single,0,1,monthly,y,0,V
103740,33,27519,m,divsepwid,3,6,weekly,n,2,F
103867,60,27517,m,married,2,4,weekly,y,2,F
100084,23,27505,m,single,0,1,monthly,y,0,V
103317,18,27486,f,divsepwid,4,6,weekly,n,3,F
103343,49,27467,m,divsepwid,4,5,weekly,n,3,F
104112,43,27457,f,married,3,3,monthly,y,1,F
100011,27,27457,m,single,0,1,monthly,y,0,V
103650,41,27450,f,divsepwid,2,5,weekly,n,3,F
103655,31,27438,m,divsepwid,4,5,weekly,n,3,F
102924,47,27416,f,divsepwid,4,5,weekly,n,2,V
103096,18,27404,f,divsepwid,3,6,weekly,y,3,V
103242,36,27402,f,divsepwid,3,6,weekly,n,2,F
103767,32,27395,f,married,2,4,weekly,y,1,F
103726,53,27381,f,div,4,6,weekly,y,2,V
103964,22,27379,m,married,2,4,weekly,y,1,F
103938,40,27375,m,married,2,3,monthly,y,2,F
100051,48,27362,m,single,0,0,monthly,y,0,V
103995,80,27353,m,married,2,4,monthly,y,1,V
103942,33,27344,f,married,3,3,monthly,y,2,F
100226,44,27334,f,single,0,1,monthly,y,0,V
100020,22,27332,f,single,0,0,monthly,y,0,F
103770,39,27290,f,married,3,3,monthly,y,1,F
103768,62,27289,m,married,2,3,weekly,y,1,V
103512,80,27286,m,divsepwid,3,6,weekly,y,2,V
103235,46,27283,f,divsepwid,4,6,weekly,n,2,V
103245,23,27281,f,divsepwid,3,5,weekly,n,2,F
103265,66,27270,m,divsepwid,3,6,weekly,n,3,V
103898,23,27269,f,married,2,3,monthly,y,1,F
103573,26,27268,f,divsepwid,3,5,weekly,n,3,F
103333,68,27267,m,divsepwid,4,6,weekly,n,3,V
100080,38,27252,m,single,0,0,monthly,y,0,F
103899,32,27233,f,married,3,4,weekly,y,1,F
103506,51,27196,f,divsepwid,4,6,weekly,y,3,V
103315,42,27195,m,divsepwid,3,6,weekly,n,2,F
103088,59,27164,m,divsepwid,2,6,weekly,y,2,V
103236,42,27161,m,divsepwid,2,5,weekly,y,2,V
103577,43,27154,m,divsepwid,2,6,weekly,y,2,F
103902,58,27148,m,married,2,4,monthly,y,2,V
100156,38,27134,m,single,0,1,monthly,y,0,F
103417,29,27133,m,divsepwid,2,5,weekly,y,2,F
103828,52,27128,m,married,3,4,weekly,y,2,V
103414,35,27127,f,divsepwid,4,5,weekly,y,3,V
100139,44,27110,f,single,0,1,monthly,y,0,F
103337,21,27107,m,divsepwid,2,5,weekly,n,3,V
102904,37,27105,m,divsepwid,2,5,weekly,y,3,V
100302,32,27105,f,married,0,2,monthly,y,1,F
103737,21,36968,m,divsepwid,2,6,weekly,y,3,V
100197,38,27092,f,single,0,1,monthly,y,0,F
103906,38,27089,f,married,2,4,weekly,y,1,F
103500,45,27086,m,divsepwid,2,5,weekly,n,2,V
104042,61,27077,m,married,2,4,weekly,y,1,F
103860,57,27077,f,married,3,4,monthly,y,1,F
103572,33,27076,m,divsepwid,3,5,weekly,n,3,F
100248,42,27070,m,single,0,0,monthly,y,0,F
104076,48,27068,f,married,3,4,monthly,y,2,V
102913,33,27061,f,divsepwid,4,6,weekly,y,3,F
103591,24,27046,m,divsepwid,3,5,weekly,n,2,F
103594,36,27045,f,divsepwid,4,5,weekly,n,3,F
103801,62,27043,f,married,3,4,weekly,y,1,V
103342,24,27035,m,divsepwid,4,5,weekly,y,3,F
103233,28,27030,f,divsepwid,4,5,weekly,n,3,V
100086,29,27026,m,single,0,0,monthly,y,0,F
104043,28,27016,m,married,2,4,weekly,y,1,F
103241,51,27015,m,divsepwid,3,6,weekly,y,2,F
103093,31,27012,f,divsepwid,4,5,weekly,n,2,F
103170,52,27008,f,div,4,6,weekly,n,2,V
100215,40,27004,f,single,0,0,monthly,y,0,F
102982,22,26976,m,divsepwid,3,5,weekly,y,2,V
104073,34,26968,m,married,3,4,weekly,y,1,F
103256,58,26967,f,divsepwid,4,6,weekly,n,2,V
103176,42,26956,f,divsepwid,3,6,weekly,n,3,F
103654,35,26952,f,divsepwid,4,5,weekly,n,2,F
100054,63,26947,f,single,0,1,monthly,y,0,F
103174,27,26943,f,divsepwid,3,5,weekly,n,2,F
100171,32,26916,m,single,0,1,monthly,y,0,F
100123,55,26908,f,single,0,1,monthly,y,0,V
104113,51,26905,m,married,2,4,weekly,y,2,F
103431,26,26900,f,divsepwid,4,6,weekly,n,2,F
103835,47,26872,m,married,3,4,monthly,y,1,F
103087,31,26865,m,divsepwid,2,5,weekly,n,2,F
103089,21,26848,f,divsepwid,2,6,weekly,y,3,V
102992,35,26826,f,divsepwid,3,6,weekly,n,2,V
103078,82,26806,m,divsepwid,2,6,weekly,y,2,V
103584,58,26785,m,divsepwid,3,5,weekly,n,3,F
100261,38,26782,f,single,0,0,monthly,y,0,F
103946,23,26773,f,married,2,3,monthly,y,1,F
103930,21,26772,f,married,2,4,monthly,y,2,F
103001,40,26768,m,divsepwid,4,5,weekly,n,3,V
103661,46,26766,f,divsepwid,2,5,weekly,y,2,F
102999,52,26750,m,divsepwid,4,5,weekly,y,2,F
104033,49,26747,m,married,2,3,monthly,y,2,V
104106,51,26746,F,married,2,4,weekly,y,1,F
103416,43,26741,f,divsepwid,4,5,weekly,n,3,F
103005,62,26736,m,divsepwid,2,5,weekly,n,2,V
103258,32,26725,f,divsepwid,2,5,weekly,y,3,V
103339,40,26723,m,divsepwid,2,6,weekly,n,2,F
100186,22,26718,m,single,0,0,monthly,y,0,F
103335,32,26710,f,divsepwid,2,5,weekly,y,2,F
103895,57,26701,m,married,3,4,weekly,y,1,F
103652,50,26700,f,divsepwid,3,5,weekly,n,2,F
103063,20,26694,f,divsepwid,2,6,weekly,n,3,F
103510,85,26664,f,divsepwid,2,6,weekly,n,3,V
103338,42,26632,m,divsepwid,2,6,weekly,y,2,V
103323,42,26624,f,divsepwid,4,5,weekly,n,2,F
100063,31,26602,m,single,0,0,monthly,y,0,F
103772,34,26595,m,married,3,4,monthly,y,2,V
103671,41,26594,f,divsepwid,4,6,weekly,y,2,F
103940,49,26575,m,married,3,4,monthly,y,2,V
103859,44,46229,f,married,2,4,weekly,y,2,F
103724,32,26561,f,divsepwid,3,5,weekly,n,2,F
103643,28,26551,m,divsepwid,4,6,weekly,n,2,F
100163,28,26550,m,single,0,0,monthly,y,0,F
103947,59,26542,m,married,3,4,monthly,y,2,F
100170,56,26539,m,single,0,1,monthly,y,0,F
103944,47,26532,m,married,2,3,weekly,y,2,F
103173,59,26529,m,divsepwid,3,5,weekly,y,2,V
100203,37,26528,m,single,0,1,monthly,y,0,F
103091,54,26492,f,divsepwid,3,5,weekly,n,3,F
103017,48,26489,f,divsepwid,3,5,weekly,n,3,V
100079,55,26485,f,single,0,0,monthly,y,0,F
103903,27,26476,f,married,2,3,monthly,y,1,F
103896,19,26430,f,married,3,3,monthly,y,1,F
104110,43,26417,f,married,3,4,weekly,y,1,F
103798,34,26416,f,married,3,3,monthly,y,1,F
103583,20,26415,m,divsepwid,2,6,weekly,y,3,V
102908,63,26411,f,divsepwid,3,5,weekly,n,3,V
103832,56,34457,m,married,2,3,weekly,y,1,F
104039,45,26406,f,married,2,4,monthly,y,1,F
103595,29,26396,m,div,4,6,weekly,n,2,F
103716,22,26383,f,divsepwid,4,5,weekly,y,3,V
103831,20,26375,f,married,3,3,weekly,y,1,F
103331,32,26372,m,divsepwid,4,5,weekly,n,2,F
103670,51,26352,f,divsepwid,4,5,weekly,n,3,V
103585,35,26344,m,divsepwid,3,6,weekly,n,2,V
102914,47,26332,m,divsepwid,4,6,weekly,n,3,F
103319,48,26307,f,divsepwid,2,5,weekly,n,2,F
103649,51,26291,m,divsepwid,4,6,weekly,y,2,F
103496,21,26256,m,divsepwid,2,5,weekly,y,2,V
102931,30,26252,m,divsepwid,4,5,weekly,n,3,F
103963,47,26247,m,married,3,3,weekly,y,1,F
103730,70,26245,f,divsepwid,4,5,weekly,n,2,V
100136,61,26243,f,single,0,0,monthly,y,0,F
103598,44,26238,m,divsepwid,4,5,weekly,y,2,F
103415,64,26238,m,divsepwid,4,5,weekly,n,2,F
103240,44,26233,m,divsepwid,3,6,weekly,y,3,V
103904,23,26231,m,married,3,4,weekly,y,2,F
100056,50,26231,m,single,0,0,monthly,y,0,F
103993,62,26218,f,married,2,4,weekly,y,2,F
103008,79,26203,f,divsepwid,3,5,weekly,y,2,V
103596,32,26193,f,divsepwid,2,5,weekly,n,2,F
103943,26,26191,f,married,2,4,monthly,y,2,V
103571,54,26189,M,divsepwid,3,5,weekly,n,3,F
103996,46,26184,f,married,2,3,monthly,y,1,F
102989,44,26180,m,divsepwid,2,5,weekly,n,3,F
104040,64,26178,m,married,3,4,monthly,y,1,F
103392,54,26178,m,divsepwid,2,5,weekly,y,3,V
103729,48,26176,f,divsepwid,2,6,weekly,n,3,V
100021,33,26175,f,single,0,1,monthly,y,0,F
104038,52,26173,f,married,2,4,weekly,y,2,V
103157,26,26166,m,divsepwid,3,5,weekly,n,3,F
103487,44,26156,m,divsepwid,2,5,weekly,y,3,F
103480,39,26152,f,divsepwid,2,5,weekly,y,3,F
103095,23,26150,f,divsepwid,2,5,weekly,n,2,F
103498,46,26147,m,divsepwid,2,5,weekly,y,2,F
103166,32,26144,m,divsepwid,4,5,weekly,y,3,F
103653,46,26140,m,divsepwid,3,6,weekly,y,3,V
103581,28,26134,f,divsepwid,2,5,weekly,y,3,F
103574,54,26129,m,divsepwid,3,6,weekly,n,3,F
103948,74,26125,f,married,3,3,weekly,y,1,V
103086,26,26120,m,divsepwid,2,5,weekly,y,2,F
102919,28,26120,m,divsepwid,2,5,weekly,n,2,F
103000,25,26098,f,divsepwid,4,5,weekly,n,3,F
103073,36,26094,m,divsepwid,3,6,weekly,y,3,F
103313,45,26089,m,divsepwid,2,6,weekly,n,3,F
103593,51,26087,f,divsepwid,3,6,weekly,n,2,F
103508,43,26081,f,divsepwid,2,5,weekly,n,3,V
103153,50,26079,f,divsepwid,4,5,weekly,n,3,F
100073,38,26077,f,single,0,0,monthly,y,0,F
103171,32,26065,f,divsepwid,2,6,weekly,n,2,F
103495,28,26060,m,divsepwid,4,6,weekly,n,2,F
103094,37,26056,f,divsepwid,4,6,weekly,y,2,F
102932,28,26051,m,divsepwid,4,6,weekly,n,3,F
103312,45,26043,f,div,2,5,weekly,n,2,F
102993,28,26030,m,divsepwid,4,5,weekly,n,2,F
100169,33,26028,m,single,0,0,monthly,y,0,F
104001,59,26023,m,married,2,4,monthly,y,1,F
103666,62,26009,f,divsepwid,2,6,weekly,y,3,F
100140,61,26009,m,single,0,1,monthly,y,0,V
104069,38,26003,f,married,3,4,weekly,y,2,F
102903,32,26002,f,divsepwid,2,5,weekly,y,2,F
100005,47,25991,m,single,0,0,monthly,y,0,F
103254,29,25971,f,divsepwid,4,5,weekly,n,3,F
103932,52,25970,m,married,3,3,monthly,y,2,V
100039,31,25935,m,single,0,1,monthly,y,0,V
100066,36,25933,f,single,0,1,monthly,y,0,F
103003,53,25931,f,divsepwid,4,6,weekly,n,3,F
104032,22,25920,f,married,2,4,weekly,y,2,F
103866,32,25916,m,married,3,3,weekly,y,1,F
103934,45,25915,f,married,3,3,monthly,y,2,V
100147,49,25912,f,single,0,0,monthly,y,0,V
103900,46,25901,f,married,3,4,monthly,y,2,V
104117,36,25884,f,married,2,3,weekly,y,1,F
103734,55,25872,f,divsepwid,4,6,weekly,n,2,V
103167,28,25863,m,divsepwid,2,6,weekly,y,3,V
104044,27,25848,m,married,2,4,weekly,y,2,F
103172,45,25838,f,divsepwid,2,6,weekly,n,2,F
103834,27,25826,F,married,3,4,weekly,y,1,F
103340,76,25801,m,divsepwid,3,5,weekly,n,2,V
102911,32,25785,m,divsepwid,2,5,weekly,n,3,F
100151,54,25771,f,single,0,0,monthly,y,0,F
103330,26,25768,f,div,3,6,weekly,y,3,V
100211,68,25753,f,single,0,0,monthly,y,0,F
100098,39,25747,F,single,0,1,monthly,y,0,F
103994,32,25730,f,married,3,3,monthly,y,1,F
103941,35,25728,m,married,2,3,weekly,y,1,F
100035,30,25727,m,single,0,1,monthly,y,0,F
103260,36,25725,m,divsepwid,2,6,weekly,y,2,F
103244,26,25718,f,divsepwid,2,5,weekly,y,2,V
104108,32,25707,f,married,2,3,weekly,y,1,F
103668,54,25698,f,divsepwid,3,6,weekly,n,2,V
104074,42,25687,m,married,3,4,monthly,y,2,F
103945,28,25678,f,married,2,3,weekly,y,2,F
102928,37,25678,f,divsepwid,2,6,weekly,y,3,F
103255,62,25666,m,divsepwid,4,5,weekly,n,2,V
104034,33,25659,m,married,3,3,weekly,y,1,F
103969,27,25654,m,married,3,3,monthly,y,1,F
103648,48,25651,f,divsepwid,3,5,weekly,n,3,F
103404,20,25643,f,divsepwid,4,5,weekly,n,2,F
104101,35,25629,m,married,2,4,monthly,y,1,F
104035,64,25613,f,married,2,4,weekly,y,1,V
102921,36,25607,f,divsepwid,2,6,weekly,y,3,F
102905,56,25576,f,divsepwid,2,5,weekly,n,2,F
103864,27,25563,f,married,2,3,monthly,y,1,V
103092,36,25560,m,divsepwid,3,6,weekly,n,3,V
103231,34,25557,f,divsepwid,3,5,weekly,y,2,F
104103,47,25549,f,married,2,4,monthly,y,2,F
100217,40,25548,f,single,0,0,monthly,y,0,F
103797,68,25541,f,married,2,3,monthly,y,1,F
103422,32,25537,f,divsepwid,3,6,weekly,y,3,V
103158,40,25529,f,divsepwid,3,6,weekly,y,3,V
103908,35,47558,m,married,2,3,monthly,y,1,F
103070,39,25517,m,divsepwid,2,5,weekly,y,3,V
103517,38,25505,f,divsepwid,3,5,weekly,n,3,F
100087,29,25494,m,single,0,1,monthly,y,0,F
103075,53,25483,f,divsepwid,4,6,weekly,n,2,V
103150,31,25474,f,divsepwid,3,5,weekly,y,2,V
103081,30,25460,m,divsepwid,3,5,weekly,n,3,V
102922,23,25422,m,divsepwid,3,5,weekly,n,3,F
104007,32,25418,m,married,3,4,monthly,y,2,V
103504,31,25401,f,divsepwid,3,5,weekly,y,2,F
103974,21,25397,f,married,3,4,weekly,y,1,F
104037,36,47750,f,married,3,4,monthly,y,1,V
103651,67,25383,f,divsepwid,2,6,weekly,n,3,V
103520,24,25382,f,divsepwid,4,5,weekly,y,2,V
103647,39,25361,m,divsepwid,2,6,weekly,y,3,F
104004,36,25361,m,married,2,3,weekly,y,2,F
104008,50,25342,m,married,3,3,weekly,y,2,F
103148,51,25327,f,div,2,6,weekly,y,3,V
104000,85,25319,f,married,2,4,weekly,y,1,V
103011,43,25318,m,divsepwid,4,5,weekly,y,3,V
103911,29,25302,m,married,3,3,monthly,y,1,V
103901,32,25289,m,married,2,4,weekly,y,2,F
103012,33,25288,m,div,2,5,weekly,y,2,F
103865,31,25280,f,married,2,3,monthly,y,2,F
103766,74,25279,m,married,2,4,monthly,y,2,F
100114,50,25276,f,single,0,1,monthly,y,0,V
103079,47,25271,f,divsepwid,2,6,weekly,n,3,V
103234,27,25263,f,divsepwid,4,6,weekly,y,3,F
103711,51,25199,f,divsepwid,3,5,weekly,y,2,V
103599,60,25190,f,divsepwid,4,5,weekly,n,2,F
103243,36,25188,m,divsepwid,4,5,weekly,n,3,F
103720,32,25180,m,divsepwid,2,5,weekly,y,3,F
104072,69,25178,M,married,2,3,monthly,y,2,F
103490,30,25126,m,div,2,6,weekly,y,2,V
103238,29,25124,f,divsepwid,3,5,weekly,y,2,F
103246,28,25124,f,divsepwid,3,6,weekly,y,2,F
103717,38,25098,m,divsepwid,4,5,weekly,n,3,F
103336,43,25094,f,divsepwid,2,5,weekly,y,3,V
100026,56,25093,f,single,0,1,monthly,y,0,F
102920,48,25060,m,divsepwid,2,5,weekly,n,2,F
103710,48,25049,m,divsepwid,2,6,weekly,y,3,V
104046,64,25035,m,married,3,4,weekly,y,2,F
103997,28,25031,m,married,3,4,weekly,y,1,F
103230,24,25010,f,divsepwid,2,6,weekly,n,3,F
102531,49,24999,m,single,0,3,weekly,y,1,F
102687,37,24996,f,single,1,3,monthly,n,1,F
101270,56,24992,f,married,2,1,weekly,y,2,V
104062,39,24991,m,married,3,4,monthly,y,2,F
103787,31,24990,m,married,3,3,monthly,y,2,V
101042,49,24989,m,married,1,0,monthly,y,1,V
103928,40,24988,m,married,3,4,weekly,y,1,V
101352,39,24988,m,married,1,1,weekly,y,1,F
103053,85,24983,f,divsepwid,2,5,weekly,y,3,V
102670,62,24980,f,single,1,1,weekly,n,1,V
103040,52,24979,f,divsepwid,2,5,weekly,y,3,V
102397,41,24979,f,single,1,1,weekly,y,1,F
103298,40,39086,f,divsepwid,4,6,weekly,n,3,V
100932,35,24974,m,married,2,0,weekly,y,1,F
102506,42,24974,m,single,1,1,weekly,y,1,F
101568,33,47846,m,married,2,2,monthly,y,1,F
102975,26,24970,f,divsepwid,3,5,weekly,n,3,V
102411,38,24968,f,single,0,2,weekly,y,1,V
102069,44,35784,m,single,0,3,weekly,y,1,F
102267,57,24967,m,single,1,3,weekly,n,1,V
101408,29,24961,m,married,2,1,monthly,y,1,F
102806,40,24959,m,single,0,1,monthly,y,1,F
102497,48,24958,m,single,0,1,monthly,y,1,F
101824,47,24956,f,married,2,2,monthly,y,1,F
103757,72,24954,f,married,3,3,weekly,y,2,V
102235,35,24954,m,single,0,1,monthly,y,1,F
103556,29,24951,f,divsepwid,3,5,weekly,n,3,V
101214,41,24945,m,married,1,2,weekly,y,1,F
101495,36,24944,m,married,1,0,monthly,y,2,F
102389,34,24943,m,single,1,1,monthly,y,1,F
102526,32,24942,f,single,1,3,weekly,n,1,F
102862,44,24941,m,single,0,2,monthly,y,1,F
101791,31,24939,f,married,1,0,weekly,y,2,F
100906,52,24939,f,married,2,2,monthly,y,2,F
102089,51,24939,m,single,1,1,weekly,n,1,F
102683,45,24938,f,single,0,2,monthly,y,1,F
103133,28,24933,f,divsepwid,2,6,weekly,n,3,F
101956,43,24931,m,married,2,2,monthly,y,1,F
101498,58,24931,f,married,1,0,weekly,y,1,F
101052,53,24929,f,married,2,2,weekly,y,1,F
102216,50,24927,m,single,0,2,weekly,n,1,F
101249,39,24926,f,married,2,2,weekly,y,2,F
101370,39,24924,m,married,2,0,weekly,y,2,F
101928,62,24921,f,married,1,2,monthly,y,1,V
101081,44,24920,m,married,2,1,monthly,y,1,F
103379,44,24919,m,divsepwid,2,6,weekly,y,2,V
103632,85,24916,f,divsepwid,2,6,weekly,y,2,V
101821,35,24914,m,married,1,2,weekly,y,1,F
101056,21,24913,m,married,2,1,monthly,y,1,F
101937,37,24913,m,married,1,2,weekly,y,1,F
102230,38,24911,m,single,0,2,monthly,n,1,F
101540,43,24910,m,married,2,1,weekly,y,2,V
102252,47,24907,f,single,0,2,monthly,n,1,V
102674,21,24905,f,single,1,3,monthly,n,1,V
102808,48,24904,m,single,0,1,weekly,n,1,V
100893,38,33706,m,married,2,1,monthly,y,1,V
102677,36,24903,m,single,0,2,weekly,n,1,F
103383,23,24892,m,divsepwid,4,5,weekly,n,3,F
104029,68,24890,f,married,3,3,weekly,y,2,V
103694,34,24887,m,divsepwid,2,6,weekly,n,2,F
101228,50,24886,m,married,1,2,monthly,y,1,V
103128,29,24877,f,divsepwid,3,6,weekly,y,2,V
101790,44,24877,m,married,1,0,monthly,y,2,F
101093,36,24877,m,married,1,0,monthly,y,2,F
102826,50,24870,f,single,0,1,monthly,n,1,F
101559,35,24863,f,married,2,0,monthly,y,2,F
102981,29,24862,m,divsepwid,4,6,weekly,n,3,V
102836,39,24860,f,single,1,3,monthly,n,1,F
102825,38,24858,m,single,1,3,weekly,n,1,F
101810,43,24854,f,married,1,1,monthly,y,2,V
102499,56,24854,f,single,0,1,weekly,y,1,F
102546,27,24853,m,single,0,1,monthly,y,1,F
103296,55,24839,m,divsepwid,4,6,weekly,n,2,F
100927,26,24837,m,married,2,2,weekly,y,1,F
103054,49,24835,m,divsepwid,2,6,weekly,y,2,F
100912,50,24835,f,married,2,2,monthly,y,1,V
100944,33,24832,m,married,2,0,weekly,y,1,V
101381,30,24824,f,married,1,0,monthly,y,1,F
101924,29,24823,m,married,1,0,monthly,y,2,V
102819,40,24823,f,single,0,3,monthly,n,1,F
101373,51,24823,f,married,1,0,weekly,y,1,V
102368,37,24820,m,single,0,1,weekly,y,1,F
102384,20,24819,f,single,1,3,monthly,y,1,V
102702,32,24814,m,single,1,1,monthly,y,1,F
103373,32,24809,m,divsepwid,2,6,weekly,n,3,F
102403,47,24806,f,single,1,1,monthly,n,1,F
102564,48,24800,m,single,0,2,weekly,y,1,F
103047,41,24798,f,divsepwid,3,5,weekly,n,3,F
102691,55,24795,m,single,0,3,monthly,n,1,F
102980,56,24794,f,divsepwid,4,5,weekly,n,3,V
102527,33,24794,f,single,0,1,monthly,y,1,F
102672,29,24793,f,single,1,2,monthly,y,1,F
102730,38,24791,f,single,1,2,monthly,n,1,F
101965,41,24789,m,married,2,2,weekly,y,2,F
101668,32,24787,f,married,2,2,weekly,y,2,F
100936,85,24787,f,married,1,1,monthly,y,2,V
102080,66,24780,f,single,0,3,weekly,y,1,V
100923,31,24780,m,married,1,1,monthly,y,2,F
100939,27,24780,m,married,2,1,monthly,y,2,F
104066,31,24778,f,married,3,3,weekly,y,2,F
102363,57,24775,m,single,1,1,monthly,y,1,F
101396,57,24775,m,married,1,1,monthly,y,1,F
102718,66,24774,f,single,1,3,monthly,n,1,F
102221,29,24770,m,single,1,3,monthly,n,1,F
100911,47,24769,m,married,2,0,weekly,y,1,F
101556,30,24766,m,married,1,2,monthly,y,1,F
103850,73,24764,f,married,2,4,monthly,y,2,V
101804,29,24762,m,married,1,1,monthly,y,1,F
101528,26,24758,m,married,1,2,weekly,y,1,F
102866,27,24756,m,single,1,1,monthly,y,1,F
102114,39,24755,m,single,1,3,monthly,y,1,F
101798,51,24755,f,married,1,0,weekly,y,1,F
101366,49,24753,f,married,2,0,weekly,y,2,V
101562,27,24751,f,married,1,1,weekly,y,2,V
103144,34,24749,m,divsepwid,4,5,weekly,n,2,F
102692,33,24749,m,single,1,1,weekly,y,1,F
101219,26,24748,f,married,1,2,monthly,y,1,V
102118,32,24745,m,single,1,1,weekly,n,1,F
102833,65,24741,m,single,1,1,weekly,n,1,V
101974,25,24740,m,married,2,0,weekly,y,1,V
102112,42,24738,f,single,0,3,weekly,n,1,F
103137,66,24734,f,divsepwid,4,5,weekly,n,3,V
101659,64,24730,f,married,2,1,weekly,y,1,F
104028,74,24728,m,married,3,4,weekly,y,2,V
102123,44,24726,m,single,0,2,weekly,n,1,F
103782,46,24724,m,married,2,4,weekly,y,1,F
103297,33,24723,f,divsepwid,4,6,weekly,n,2,F
103763,25,24723,m,married,2,3,monthly,y,1,F
100941,37,24722,f,married,2,2,monthly,y,2,F
101836,60,24719,f,married,1,0,monthly,y,1,F
103696,20,24718,m,divsepwid,3,6,weekly,y,3,V
101838,33,24718,f,married,1,1,weekly,y,1,F
101675,48,24718,f,married,1,0,monthly,y,2,V
102094,39,24717,f,single,0,3,weekly,n,1,F
102116,63,24715,m,single,1,3,weekly,n,1,V
101398,57,24711,m,married,1,2,weekly,y,1,V
101809,24,24709,m,married,1,0,weekly,y,1,F
101971,40,24708,f,married,1,2,monthly,y,2,V
100903,30,24707,m,married,1,2,monthly,y,1,F
101359,30,29110,m,married,2,2,weekly,y,2,F
103043,25,24703,f,divsepwid,3,6,weekly,n,3,F
102511,43,24702,m,single,0,2,monthly,y,1,F
103891,63,24701,f,married,2,3,weekly,y,1,F
101942,44,24698,m,married,1,2,weekly,y,2,V
102528,24,24695,m,single,0,1,monthly,n,1,F
101685,38,24695,m,married,1,1,weekly,y,1,F
102547,47,24692,m,single,0,1,monthly,n,1,V
101569,37,24692,f,married,2,2,weekly,y,1,F
101656,44,24685,f,married,2,0,weekly,y,1,F
100891,31,24682,f,married,1,1,monthly,y,1,F
101504,36,24676,f,married,1,0,monthly,y,1,F
102270,35,24675,m,single,0,1,weekly,y,1,F
102694,68,24674,f,single,1,3,monthly,n,1,F
101647,27,24674,m,married,1,1,weekly,y,1,V
101062,21,24673,m,married,2,0,weekly,y,1,F
104056,66,24668,f,married,3,3,monthly,y,2,V
103820,41,24668,f,married,3,3,weekly,y,1,F
102970,26,24665,m,divsepwid,4,5,weekly,y,2,V
101694,55,24665,f,married,1,2,monthly,y,2,F
101527,49,24661,f,married,1,2,monthly,y,1,V
102888,73,24660,m,divsepwid,3,6,weekly,y,2,V
102570,42,24659,f,single,1,3,monthly,y,1,F
102855,85,24657,f,single,0,1,weekly,n,1,V
101696,38,24656,f,married,1,2,monthly,y,1,F
101390,49,24656,f,married,1,0,monthly,y,2,F
103637,51,24651,f,divsepwid,3,5,weekly,y,3,F
101703,85,24650,f,married,2,2,weekly,y,2,V
101843,34,24646,f,married,1,0,monthly,y,2,F
102251,33,24644,m,single,1,2,weekly,y,1,F
101265,52,24643,f,married,2,0,monthly,y,2,V
101661,25,24642,f,married,2,2,monthly,y,1,F
101523,30,24642,m,married,2,2,weekly,y,1,F
102727,37,24641,f,single,0,3,weekly,y,1,F
101968,72,24639,f,married,1,1,monthly,y,1,F
101501,52,24639,f,married,2,0,monthly,y,1,F
101073,40,24637,f,married,2,0,weekly,y,1,F
101549,32,52867,f,married,2,1,monthly,y,2,F
101803,85,24634,m,married,2,2,monthly,y,2,V
101208,38,24633,m,married,2,1,monthly,y,2,V
103044,30,24632,m,divsepwid,4,6,weekly,y,3,V
102371,85,24632,m,single,0,3,weekly,n,1,V
103923,26,24630,m,married,2,4,weekly,y,2,V
102392,64,24629,m,single,1,3,weekly,y,1,F
102424,39,24626,m,single,1,3,weekly,n,1,V
102086,52,24626,f,single,0,3,weekly,y,1,F
101377,48,24624,f,married,1,2,monthly,y,2,F
101395,52,24622,m,married,2,0,weekly,y,2,F
103788,85,24618,f,married,2,3,monthly,y,1,V
102669,85,24617,f,single,0,3,monthly,n,1,F
102856,31,24613,f,single,0,2,monthly,y,1,F
101386,47,24613,f,married,2,1,monthly,y,1,V
102551,23,24612,f,single,0,3,weekly,y,1,F
101679,54,24610,m,married,2,0,weekly,y,1,F
101795,59,24608,f,married,2,2,monthly,y,2,F
102237,21,24608,m,single,0,2,weekly,n,1,F
102257,39,24600,f,single,1,2,monthly,n,1,F
102696,52,24597,f,single,0,1,monthly,n,1,V
102124,45,24597,f,single,0,3,monthly,n,1,F
101641,26,24596,m,married,1,2,weekly,y,1,V
102103,26,24593,m,single,0,2,monthly,n,1,F
102724,37,24591,f,single,0,2,monthly,n,1,F
102418,34,24587,f,single,0,1,weekly,y,1,F
101357,35,24584,m,married,2,1,monthly,y,1,F
102067,25,24582,m,single,0,2,monthly,y,1,F
101935,40,24580,m,married,1,2,monthly,y,1,F
102259,72,24579,f,single,1,3,weekly,n,1,V
102542,26,24577,f,single,1,1,weekly,y,1,F
101806,36,24577,m,married,1,2,weekly,y,1,F
102575,49,24572,f,single,1,1,monthly,n,1,V
102700,23,24571,m,single,1,3,weekly,y,1,F
102521,40,24570,m,single,0,2,weekly,y,1,F
103695,58,24566,m,divsepwid,3,5,weekly,n,3,F
103692,28,24564,m,divsepwid,2,5,weekly,y,2,F
102714,41,24564,m,single,0,3,monthly,n,1,V
104064,57,24561,m,married,3,4,weekly,y,2,V
101802,85,24560,m,married,2,1,monthly,y,2,V
101383,40,24560,f,married,1,2,monthly,y,1,F
101670,30,49594,m,married,1,0,monthly,y,1,F
102081,22,24558,m,single,1,1,weekly,y,1,F
103215,30,24557,f,divsepwid,2,6,weekly,n,3,V
100940,24,24557,f,married,2,1,weekly,y,2,F
100937,75,24555,f,married,1,2,weekly,y,2,V
101688,55,24554,f,married,1,0,weekly,y,2,V
102376,26,24551,f,single,0,1,weekly,y,1,F
103708,30,24549,m,divsepwid,4,5,weekly,y,2,V
103371,40,24549,f,divsepwid,2,5,weekly,n,2,V
101353,58,24545,f,married,1,1,weekly,y,2,V
103821,47,24540,m,married,3,3,weekly,y,2,V
101642,46,24539,f,married,2,0,weekly,y,2,F
101852,42,24538,m,married,2,2,weekly,y,1,V
102901,27,24537,f,divsepwid,3,5,weekly,y,2,F
102512,40,24535,m,single,0,2,monthly,y,1,F
101543,39,24535,m,married,1,0,weekly,y,2,V
101218,24,24532,m,married,1,1,weekly,y,1,F
101253,74,24530,f,married,2,0,monthly,y,2,F
102387,32,24529,f,single,0,3,monthly,y,1,F
103700,25,28031,f,divsepwid,3,5,weekly,y,2,F
103304,33,24528,m,divsepwid,4,5,weekly,n,2,F
103814,36,24528,f,married,2,4,weekly,y,1,F
102846,38,24527,m,single,1,2,monthly,y,1,F
101649,35,24527,m,married,1,2,weekly,y,2,F
103547,39,24526,F,divsepwid,2,5,weekly,n,3,F
102107,41,24526,m,single,0,1,monthly,y,1,V
100930,41,24525,f,married,1,0,weekly,y,1,F
101674,45,24520,f,married,2,1,monthly,y,2,V
103760,47,24519,f,married,2,4,monthly,y,2,V
101222,47,24519,m,married,1,2,weekly,y,1,V
101266,52,24519,f,married,2,0,weekly,y,1,V
102087,30,24518,f,single,0,3,weekly,n,1,F
101825,31,24517,m,married,2,2,weekly,y,1,F
103922,58,24516,f,married,3,3,monthly,y,2,V
103385,34,24515,m,divsepwid,2,5,weekly,n,2,F
102396,37,24515,f,single,0,3,monthly,y,1,F
101697,36,24512,f,married,1,2,weekly,y,2,V
102233,85,24512,m,single,1,1,monthly,n,1,V
101405,29,24512,f,married,2,2,weekly,y,2,F
104020,29,24511,f,married,2,3,weekly,y,2,F
103627,39,24510,m,divsepwid,3,5,weekly,y,3,V
101226,37,24508,f,married,1,0,weekly,y,1,F
102265,26,24505,f,single,1,2,monthly,y,1,F
100921,38,24504,m,married,2,0,weekly,y,2,F
102215,39,38416,f,single,0,2,monthly,y,1,F
101250,33,24499,f,married,1,0,monthly,y,2,F
101535,37,24497,f,married,1,2,weekly,y,1,F
101067,30,24497,m,married,2,2,weekly,y,1,V
101230,26,24490,m,married,1,2,weekly,y,2,F
102805,34,24489,f,single,1,3,weekly,n,1,F
103638,28,24487,m,divsepwid,3,5,weekly,n,2,F
101796,25,24484,f,married,2,2,weekly,y,1,F
101934,22,24484,f,married,1,1,weekly,y,2,F
103474,43,24479,m,div,3,5,weekly,n,2,F
101564,33,24479,f,married,1,2,monthly,y,1,F
103641,58,24478,f,divsepwid,4,6,weekly,y,2,V
102417,34,24472,m,single,0,1,monthly,n,1,F
101403,42,24469,f,married,2,2,weekly,y,1,V
101043,31,24469,f,married,1,0,monthly,y,2,F
103226,39,24466,f,divsepwid,4,5,weekly,n,2,V
101096,22,24465,f,married,1,2,monthly,y,1,F
102402,33,24464,m,single,1,1,monthly,n,1,F
101699,29,24462,f,married,2,1,monthly,y,1,F
101225,56,38656,f,married,2,2,weekly,y,1,F
102573,41,24460,f,single,0,3,weekly,y,1,F
100926,53,24454,m,married,2,2,monthly,y,2,F
101544,61,24453,m,married,1,0,weekly,y,1,F
101273,33,24452,f,married,2,2,weekly,y,1,F
100890,41,24451,f,married,1,1,monthly,y,2,V
102110,27,24450,f,single,0,2,monthly,n,1,F
101969,45,24443,m,married,1,1,weekly,y,1,F
103764,47,24437,f,married,2,3,monthly,y,1,F
102505,44,40912,f,single,0,3,weekly,n,1,V
100934,33,24429,f,married,2,2,weekly,y,2,V
101940,77,24428,f,married,2,2,weekly,y,2,F
103132,39,24426,f,divsepwid,2,5,weekly,n,3,F
102072,27,24421,m,single,1,2,weekly,n,1,F
101695,49,24419,f,married,1,2,monthly,y,2,F
101967,57,24414,f,married,1,0,weekly,y,2,V
103377,27,24411,f,divsepwid,4,6,weekly,n,3,V
100935,36,24405,m,married,1,0,monthly,y,1,F
101368,24,24397,f,married,1,1,monthly,y,2,V
102572,62,24397,f,single,0,2,monthly,y,1,F
102268,38,24394,m,single,0,1,weekly,y,1,V
102893,29,24392,f,divsepwid,3,5,weekly,y,2,V
103631,57,24390,m,divsepwid,2,5,weekly,y,2,V
101360,39,24388,f,married,1,0,monthly,y,1,F
103142,54,24387,F,divsepwid,2,6,weekly,y,3,V
102530,46,24384,m,single,0,3,monthly,n,1,F
103555,28,24381,m,divsepwid,2,5,weekly,n,3,F
101846,32,24380,f,married,1,2,monthly,y,1,F
102536,29,24377,f,single,0,1,weekly,n,1,F
102554,26,24377,f,single,1,2,weekly,n,1,F
101522,23,24377,m,married,2,0,weekly,y,2,V
102567,85,24376,f,single,1,1,monthly,y,1,V
103634,43,24374,m,divsepwid,4,6,weekly,y,3,F
102685,46,24374,f,single,1,1,monthly,n,1,F
102801,60,24374,m,single,1,2,monthly,y,1,V
103472,32,24373,f,divsepwid,3,6,weekly,n,3,V
101258,25,24372,f,married,1,0,weekly,y,1,F
103216,52,24371,m,divsepwid,2,6,weekly,n,3,F
101384,26,24364,f,married,1,2,weekly,y,1,F
102971,51,24363,m,divsepwid,4,5,weekly,n,2,V
103558,24,24362,f,divsepwid,3,6,weekly,n,2,F
102217,25,24362,f,single,0,3,monthly,n,1,F
101840,31,24356,m,married,2,0,weekly,y,1,F
101650,50,24355,f,married,2,0,monthly,y,1,F
102243,73,24355,f,single,0,1,monthly,n,1,V
101206,46,24351,m,married,2,0,monthly,y,2,F
101268,31,24350,f,married,2,1,monthly,y,2,F
101949,56,24348,f,married,2,0,weekly,y,2,V
103290,24,24345,m,divsepwid,2,6,weekly,n,2,V
101057,28,24345,f,married,2,1,weekly,y,1,F
101269,40,24343,f,married,2,1,weekly,y,1,F
102104,52,24342,f,single,0,2,weekly,n,1,F
102823,36,24342,m,single,1,3,monthly,n,1,F
102688,35,24339,f,single,0,1,weekly,n,1,F
101372,36,24335,m,married,2,2,monthly,y,2,F
100922,59,24332,f,married,1,0,weekly,y,1,V
101065,30,24332,m,married,2,2,monthly,y,2,F
102896,28,24331,m,divsepwid,3,6,weekly,n,3,V
101814,35,24331,f,married,2,0,monthly,y,2,F
101961,63,24330,m,married,1,0,weekly,y,2,F
101355,31,24328,m,married,1,2,weekly,y,2,V
103564,36,24327,m,divsepwid,3,5,weekly,y,2,F
101241,24,24322,m,married,1,0,monthly,y,2,V
102679,36,24317,f,single,0,3,weekly,y,1,F
102540,43,24316,f,single,0,3,weekly,n,1,V
101098,26,24315,m,married,1,2,weekly,y,1,V
101818,59,24315,m,married,1,1,monthly,y,2,F
102254,42,24315,f,single,0,3,weekly,n,1,F
103465,32,24314,m,divsepwid,3,6,weekly,n,3,V
103041,43,24313,f,divsepwid,3,5,weekly,y,2,V
100905,47,24313,m,married,2,0,weekly,y,1,F
101938,22,24312,f,married,2,0,monthly,y,2,V
101669,43,24312,f,married,2,2,weekly,y,1,F
102400,62,46914,m,single,0,3,weekly,y,1,V
102726,30,24311,f,single,0,3,monthly,n,1,F
101816,33,24307,f,married,2,0,weekly,y,1,F
103218,34,24305,m,divsepwid,3,5,weekly,n,2,F
103793,53,24304,m,married,2,4,monthly,y,1,F
102258,27,24300,m,single,1,2,weekly,n,1,F
100909,46,24297,f,married,1,2,weekly,y,2,V
101259,35,24296,f,married,1,0,weekly,y,1,F
102684,74,24295,m,single,0,3,monthly,n,1,F
103956,35,24293,f,married,3,3,weekly,y,1,V
102390,20,24292,m,single,1,1,weekly,y,1,F
101097,50,24292,f,married,1,2,monthly,y,2,F
101651,45,24290,m,married,2,1,monthly,y,1,F
102095,42,24290,m,single,1,1,monthly,n,1,F
101076,61,24290,m,married,2,1,weekly,y,1,F
101092,23,24289,m,married,2,2,monthly,y,2,F
101503,28,24288,m,married,2,2,monthly,y,1,F
101243,38,24286,m,married,2,0,monthly,y,2,V
102817,41,24284,m,single,0,3,monthly,y,1,F
103310,36,24281,f,divsepwid,4,5,weekly,n,2,F
101570,24,24281,f,married,2,2,weekly,y,1,V
103625,33,24277,f,divsepwid,2,6,weekly,n,2,F
103790,72,24271,f,married,3,3,monthly,y,2,V
101830,27,24271,m,married,1,0,weekly,y,2,F
103462,38,24269,f,divsepwid,2,6,weekly,y,3,V
101513,46,24268,m,married,1,1,weekly,y,1,F
101094,52,24258,m,married,1,0,monthly,y,2,V
102827,49,24255,m,single,0,2,monthly,y,1,F
102559,32,24252,f,single,0,2,weekly,y,1,F
101375,28,24252,f,married,1,1,monthly,y,1,F
101524,75,24250,f,married,2,2,weekly,y,1,V
102802,54,24248,m,single,1,2,monthly,n,1,V
101361,40,24247,m,married,1,1,monthly,y,2,F
102552,66,24246,m,single,1,1,monthly,n,1,F
101815,24,24245,f,married,2,0,weekly,y,1,F
101248,25,24245,m,married,2,2,monthly,y,1,F
103141,20,24244,f,divsepwid,2,5,weekly,n,2,F
100933,41,24241,m,married,2,2,monthly,y,2,V
102120,41,24240,f,single,1,2,weekly,y,1,F
101646,24,24236,f,married,2,2,weekly,y,1,F
102415,53,24231,f,single,1,3,weekly,n,1,F
102723,22,24229,m,single,0,2,monthly,n,1,F
102061,44,24228,m,single,0,3,weekly,y,1,F
101829,48,24227,m,married,1,0,weekly,y,1,F
103628,41,24226,f,divsepwid,3,5,weekly,y,3,V
102362,24,24226,m,single,0,3,weekly,y,1,V
102711,61,24225,f,single,1,1,weekly,n,1,V
102077,32,24221,m,single,0,2,monthly,y,1,F
102253,32,24220,m,single,0,3,monthly,n,1,F
102972,30,24219,m,div,4,6,weekly,y,3,F
101095,50,24217,m,married,1,1,weekly,y,2,V
102818,32,24216,f,single,0,3,monthly,y,1,F
103389,26,24211,m,divsepwid,4,5,weekly,n,2,V
102102,56,24211,f,single,0,1,weekly,n,1,V
101643,38,51942,f,married,2,2,monthly,y,1,F
103960,57,24207,f,married,2,4,weekly,y,1,F
103785,39,24203,f,married,3,3,weekly,y,1,F
101053,30,24200,m,married,1,0,monthly,y,1,F
101079,22,24192,m,married,2,2,weekly,y,2,F
102560,41,24191,f,single,1,1,monthly,y,1,F
100892,34,24184,m,married,2,0,weekly,y,2,F
102841,51,24182,f,single,0,2,weekly,y,1,V
102277,31,24175,m,single,1,3,weekly,n,1,F
101091,45,24175,m,married,2,1,weekly,y,1,F
103042,38,24172,f,divsepwid,3,5,weekly,n,3,F
101519,29,24171,m,married,2,2,monthly,y,1,F
102507,32,24164,m,single,1,1,weekly,n,1,F
101566,25,24164,m,married,1,2,weekly,y,2,F
103623,77,24162,f,divsepwid,2,5,weekly,y,2,V
102968,44,24160,f,divsepwid,2,6,weekly,n,2,F
102807,24,24160,f,single,0,1,monthly,n,1,F
102563,75,24157,m,single,0,2,monthly,y,1,V
103989,27,24152,m,married,3,3,monthly,y,1,F
101102,31,24151,f,married,2,1,weekly,y,1,F
101927,35,43955,m,married,1,1,weekly,y,1,F
101257,39,24149,m,married,2,0,weekly,y,1,F
102105,50,24148,m,single,0,3,weekly,y,1,F
101837,21,24146,f,married,1,0,weekly,y,1,V
102274,39,24138,m,single,1,1,monthly,y,1,V
102804,35,24137,m,single,1,3,monthly,n,1,F
101539,41,24136,m,married,2,1,monthly,y,2,F
101114,34,24135,f,married,2,2,weekly,y,1,F
102574,33,24134,f,single,0,3,weekly,y,1,F
102844,37,24132,m,single,1,1,monthly,y,1,V
102565,73,24131,f,single,0,2,weekly,n,1,V
101060,33,24127,f,married,1,1,weekly,y,2,V
103883,60,24121,f,married,3,4,weekly,y,1,V
101223,40,24118,f,married,1,2,weekly,y,2,F
103223,40,24115,f,divsepwid,2,6,weekly,y,3,F
102121,41,24112,m,single,1,3,monthly,y,1,F
101546,46,24112,f,married,1,1,weekly,y,1,F
102503,34,24101,m,single,0,2,weekly,n,1,F
102803,58,24099,f,single,1,2,weekly,y,1,F
102824,46,24098,f,single,1,3,weekly,n,1,F
101945,25,24097,f,married,1,1,monthly,y,1,F
101645,20,24092,m,married,2,2,weekly,y,2,F
103461,72,24081,f,divsepwid,2,5,weekly,n,2,V
103145,42,24081,m,divsepwid,4,6,weekly,y,3,F
101240,25,24081,f,married,2,2,weekly,y,2,F
102820,33,24076,m,single,0,3,weekly,y,1,F
102529,54,24076,m,single,0,3,monthly,n,1,V
102372,36,24074,m,single,1,1,weekly,n,1,V
103380,37,24072,f,divsepwid,2,6,weekly,y,3,V
103561,50,24071,m,divsepwid,2,5,weekly,y,2,V
103759,43,24071,m,married,2,4,weekly,y,1,F
102848,47,24069,f,single,0,1,monthly,n,1,F
102858,50,24067,f,single,0,3,weekly,n,1,F
101680,30,24061,m,married,2,0,weekly,y,2,F
101077,31,24058,m,Married,2,1,weekly,y,2,F
103052,29,24057,f,divsepwid,4,6,weekly,n,3,V
104055,31,24056,m,married,3,3,monthly,y,1,F
100943,37,24056,f,married,2,0,monthly,y,2,F
101511,38,24053,f,married,1,0,monthly,y,1,F
104094,65,24052,f,married,2,4,weekly,y,1,F
101512,42,24049,f,married,1,0,monthly,y,2,V
102837,37,24044,m,single,1,3,weekly,y,1,F
102275,27,24042,f,single,1,1,monthly,y,1,F
103374,34,24039,m,divsepwid,3,6,weekly,n,3,F
103957,75,24039,m,married,3,3,monthly,y,1,V
103959,74,24039,f,married,3,4,weekly,y,1,V
103372,34,24037,f,divsepwid,2,5,weekly,n,3,F
101112,23,24034,f,married,2,0,weekly,y,1,F
101667,33,24030,f,married,2,2,monthly,y,1,F
101962,65,24029,f,married,1,1,monthly,y,2,V
103550,37,24027,f,divsepwid,4,5,weekly,n,2,V
103988,50,24025,f,married,3,3,weekly,y,1,V
101100,38,24019,f,married,2,0,monthly,y,1,F
103707,24,24017,m,divsepwid,3,6,weekly,n,2,F
104058,39,24013,f,married,2,4,weekly,y,2,V
101087,53,24012,f,married,2,0,monthly,y,2,F
102550,31,24008,m,single,0,3,monthly,n,1,F
103892,52,24007,f,married,2,3,monthly,y,2,V
101565,40,24006,f,married,1,2,weekly,y,1,F
101793,51,24005,m,married,1,2,monthly,y,1,F
101687,43,24005,m,married,1,0,monthly,y,1,V
101951,28,24000,f,married,1,1,weekly,y,2,V
103299,34,23999,f,divsepwid,2,5,weekly,y,3,F
102716,34,23998,f,single,0,3,weekly,n,1,F
101354,31,23997,m,married,1,2,monthly,y,1,V
101089,42,23997,m,married,2,0,weekly,y,2,F
102682,81,23993,m,single,1,3,weekly,y,1,F
102523,58,23992,m,single,1,1,weekly,y,1,F
101397,61,23991,f,married,1,1,weekly,y,1,F
101260,30,23986,f,married,1,1,monthly,y,1,F
103214,62,23984,f,divsepwid,2,5,weekly,y,2,V
101678,71,23983,f,married,1,2,monthly,y,2,V
100897,30,23982,m,married,1,0,weekly,y,1,F
101812,45,23982,f,married,1,2,monthly,y,2,V
102218,46,23980,m,single,0,3,weekly,n,1,V
102225,35,23980,f,single,0,2,weekly,y,1,F
100919,41,23978,f,married,2,0,weekly,y,2,F
102234,47,23975,f,single,1,3,monthly,n,1,F
101664,36,23969,f,married,2,0,monthly,y,1,F
102715,57,23965,m,single,0,3,monthly,n,1,F
103791,25,23964,f,married,2,4,weekly,y,1,F
101701,34,23955,f,married,2,1,weekly,y,1,F
101548,50,23953,f,married,1,2,weekly,y,1,F
103704,77,38897,f,divsepwid,2,6,weekly,n,3,V
103927,58,23952,m,married,3,4,monthly,y,2,V
102556,41,23951,f,single,1,3,weekly,n,1,F
102555,37,23950,m,single,1,3,monthly,n,1,V
104065,35,23949,f,married,3,4,monthly,y,1,V
102519,35,23949,f,single,1,2,weekly,n,1,V
100900,22,23946,f,married,2,0,monthly,y,2,F
102811,76,23944,f,single,0,3,monthly,y,1,V
103468,38,23940,m,div,2,5,weekly,n,3,F
102976,29,23937,m,divsepwid,3,6,weekly,y,3,V
102242,45,23936,f,single,1,3,weekly,y,1,V
101072,30,23933,m,married,2,0,monthly,y,1,F
100929,55,23928,f,married,1,0,monthly,y,1,V
102822,30,23923,m,single,1,1,monthly,y,1,F
102681,51,23923,m,single,1,2,monthly,y,1,V
101221,35,23921,m,married,1,2,weekly,y,1,F
101563,43,23919,m,married,1,1,weekly,y,1,F
102689,53,45487,m,single,0,2,monthly,n,1,F
102222,32,23912,m,single,1,3,weekly,n,1,F
103848,52,23910,f,married,2,4,monthly,y,2,F
101497,22,23909,m,married,1,0,weekly,y,2,V
101358,68,23909,m,married,2,2,weekly,y,1,F
102704,56,23906,f,single,0,2,monthly,y,1,F
101063,37,23906,m,married,2,1,monthly,y,1,F
101813,60,23905,m,married,1,2,monthly,y,2,F
103045,58,23902,f,divsepwid,2,5,weekly,y,3,F
103888,39,23900,f,married,3,4,weekly,y,1,F
103217,38,23899,f,divsepwid,3,5,weekly,n,3,V
103549,28,23898,m,divsepwid,3,5,weekly,n,3,F
103140,39,23897,m,divsepwid,2,5,weekly,n,3,F
102229,24,23894,m,single,1,2,weekly,y,1,F
102406,51,23893,m,single,1,2,monthly,n,1,V
102367,52,23891,f,single,0,1,monthly,n,1,F
103885,22,23890,f,married,3,4,monthly,y,1,V
101517,65,23890,m,married,2,1,monthly,y,1,V
102091,31,23889,f,single,1,3,weekly,y,1,F
101648,85,23885,f,married,1,2,monthly,y,2,F
101209,42,23882,f,married,1,0,monthly,y,2,F
102125,66,23875,m,single,1,2,monthly,y,1,F
102902,28,23874,m,divsepwid,4,6,weekly,n,2,F
103786,35,23871,m,married,3,3,weekly,y,2,F
103139,32,23861,m,divsepwid,2,5,weekly,y,3,F
101677,24,23861,f,married,1,1,monthly,y,1,F
101264,25,23860,m,married,2,0,monthly,y,1,F
101367,37,23857,m,married,2,1,weekly,y,2,F
102227,44,23854,f,single,0,2,weekly,n,1,F
101059,27,23853,f,married,1,0,monthly,y,1,F
102966,34,23851,f,divsepwid,2,5,weekly,n,2,F
102504,30,23851,m,single,0,3,weekly,y,1,F
104027,38,23850,m,married,2,4,weekly,y,1,F
102705,49,23848,m,single,0,2,monthly,n,1,V
101236,40,23848,m,married,2,1,weekly,y,2,F
102364,31,23845,m,single,1,1,monthly,y,1,F
101690,57,23845,m,married,1,1,weekly,y,1,V
103884,44,23843,f,married,3,4,weekly,y,2,V
103469,40,23838,f,divsepwid,2,6,weekly,y,2,V
103301,27,23837,m,divsepwid,3,6,weekly,y,3,V
102977,54,23836,f,divsepwid,4,5,weekly,y,3,F
101653,46,23834,f,married,2,1,weekly,y,1,F
101404,46,23834,m,married,2,2,weekly,y,1,F
101210,36,23834,f,married,1,1,weekly,y,1,F
100910,33,23832,f,married,2,0,monthly,y,2,F
103893,76,23830,m,married,3,3,monthly,y,1,V
102577,33,23830,f,single,1,2,monthly,n,1,F
102545,26,23828,f,single,1,3,monthly,n,1,F
101926,41,23827,f,married,1,1,monthly,y,2,V
102579,38,23827,f,single,1,2,weekly,n,1,V
101229,58,23827,m,married,1,2,monthly,y,2,V
101382,36,23825,f,married,1,1,weekly,y,2,F
102239,49,23821,f,single,1,2,weekly,y,1,V
101662,67,23820,m,married,1,1,monthly,y,2,V
101673,45,23819,f,married,2,0,weekly,y,1,F
102695,28,23816,f,single,1,3,weekly,n,1,F
101068,45,23816,f,married,1,0,monthly,y,2,F
101689,34,23812,f,married,1,0,weekly,y,2,F
103295,42,23808,m,divsepwid,4,6,weekly,y,3,V
102514,39,23808,f,single,0,2,weekly,n,1,F
102731,26,23807,m,single,1,2,weekly,n,1,F
104054,36,23806,f,married,3,4,weekly,y,2,F
103130,27,23805,f,divsepwid,2,5,weekly,n,3,F
103470,32,23803,f,divsepwid,3,5,weekly,y,3,V
103127,54,23800,m,divsepwid,2,5,weekly,n,2,F
100928,40,23796,m,married,2,2,weekly,y,1,F
102410,48,23793,f,single,0,2,monthly,y,1,F
103557,41,23790,m,divsepwid,3,6,weekly,y,2,F
100907,35,23789,f,married,1,1,monthly,y,2,F
103565,42,23788,m,divsepwid,4,5,weekly,n,2,F
102122,23,23786,m,single,0,1,monthly,n,1,F
101936,51,23784,m,married,1,2,weekly,y,2,F
102101,29,23782,m,single,1,3,weekly,n,1,F
102690,47,23779,m,single,0,2,weekly,y,1,F
101232,34,23778,m,married,2,0,monthly,y,1,F
104022,26,23775,f,married,3,3,weekly,y,2,F
102569,31,23774,m,single,1,1,weekly,y,1,F
101515,47,23772,m,married,1,2,weekly,y,1,V
101545,85,23771,m,married,1,0,weekly,y,2,V
103376,38,23766,m,divsepwid,4,6,weekly,n,3,F
102119,82,23766,m,single,1,2,monthly,n,1,V
102562,23,23758,f,single,0,1,monthly,n,1,F
101682,35,23757,m,married,2,1,weekly,y,1,F
101242,38,23755,m,married,1,0,monthly,y,2,F
101048,48,23754,f,married,2,0,monthly,y,1,F
102568,31,23753,f,single,1,1,monthly,n,1,F
102541,44,23751,m,single,1,1,monthly,y,1,F
101217,36,23748,f,married,1,0,weekly,y,2,F
102891,62,23746,f,divsepwid,2,5,weekly,y,2,F
103889,41,23742,f,married,3,3,weekly,y,1,F
101500,85,23740,m,married,2,0,monthly,y,1,F
101356,36,23739,f,married,2,0,monthly,y,2,F
103213,60,47433,f,divsepwid,4,6,weekly,n,2,F
102721,68,23735,f,single,0,1,weekly,n,1,V
102220,19,23735,m,single,1,3,monthly,n,1,F
101655,51,23733,m,married,1,2,weekly,y,1,F
103387,35,23732,f,divsepwid,2,6,weekly,n,2,V
101841,27,23729,m,married,2,1,weekly,y,2,V
101376,62,23728,f,married,1,2,monthly,y,1,F
102515,32,23725,f,single,0,3,monthly,y,1,F
101213,23,23723,m,married,1,2,monthly,y,1,F
103143,42,23721,m,divsepwid,2,6,weekly,n,3,F
102861,66,23721,m,single,0,1,weekly,y,1,V
103224,27,23718,m,divsepwid,3,6,weekly,n,3,F
102271,54,23715,f,single,0,1,weekly,y,1,F
102062,21,23714,m,single,1,1,monthly,n,1,F
101954,68,23714,f,married,2,1,monthly,y,1,F
102111,45,23713,f,single,0,3,monthly,n,1,F
102829,26,23710,f,single,1,2,weekly,n,1,F
103055,52,23708,f,divsepwid,3,5,weekly,y,2,F
102887,32,23707,m,divsepwid,2,5,weekly,n,3,F
103302,28,33441,f,divsepwid,3,6,weekly,n,3,V
101833,32,23703,m,married,2,1,weekly,y,2,V
101088,49,23703,m,married,2,0,monthly,y,1,V
101090,28,23699,F,married,2,1,monthly,y,1,F
101929,20,23698,f,married,2,2,monthly,y,1,F
102892,32,23693,f,divsepwid,2,6,weekly,n,3,V
103553,63,23688,m,divsepwid,4,6,weekly,n,3,V
103762,63,23684,m,married,2,3,weekly,y,1,F
102535,32,23682,m,single,0,1,weekly,y,1,V
102407,31,23682,f,single,1,2,weekly,n,1,F
101234,31,23680,f,married,2,1,monthly,y,2,V
100901,30,23677,f,married,2,1,monthly,y,2,V
101953,31,23671,f,married,1,2,weekly,y,2,V
102380,42,23663,f,single,1,1,monthly,y,1,F
102219,64,23662,f,single,1,2,weekly,n,1,F
102500,28,23661,m,single,0,1,weekly,n,1,F
101960,29,23656,m,married,1,0,monthly,y,1,V
102673,44,23656,m,single,1,2,weekly,n,1,V
102810,51,23653,m,single,0,2,weekly,y,1,V
102816,24,23652,m,single,0,1,monthly,y,1,F
103890,74,23650,f,married,2,4,monthly,y,2,V
104061,34,23648,f,married,3,4,weekly,y,2,F
103926,24,23648,m,married,3,4,monthly,y,1,V
101394,24,23646,f,married,2,0,weekly,y,1,F
101828,23,23645,m,married,1,0,monthly,y,1,F
103851,59,23644,f,married,2,3,monthly,y,1,F
100916,40,23643,m,married,1,2,weekly,y,2,V
102262,60,23641,f,single,0,3,monthly,y,1,V
103378,37,23638,f,divsepwid,2,5,weekly,y,2,V
103477,59,23637,m,divsepwid,4,5,weekly,y,3,V
103134,37,23636,m,divsepwid,3,5,weekly,n,3,F
101070,47,23634,m,married,1,0,weekly,y,1,F
102857,38,23628,m,single,0,3,monthly,y,1,F
103847,36,23627,f,married,3,4,monthly,y,1,V
104025,28,23626,f,married,2,4,monthly,y,2,F
100895,50,23626,m,married,2,2,monthly,y,1,F
101047,27,23623,m,married,1,2,monthly,y,1,F
104024,50,23620,m,married,2,4,weekly,y,2,F
103551,40,23618,f,divsepwid,4,5,weekly,n,3,V
102839,51,23618,f,single,0,2,monthly,y,1,F
101972,42,23612,f,married,2,0,monthly,y,1,F
102813,62,23611,m,single,1,2,weekly,y,1,V
102571,46,23606,f,single,0,1,weekly,y,1,F
102543,41,23604,m,single,1,2,monthly,y,1,F
101255,20,39373,m,married,2,1,weekly,y,1,F
101832,63,23599,m,married,2,1,monthly,y,2,F
101256,23,23599,m,married,2,2,monthly,y,2,F
101955,25,23594,m,married,2,1,monthly,y,2,F
102732,53,23593,m,single,1,3,weekly,n,1,F
101508,39,23593,m,married,2,0,weekly,y,2,F
102416,23,23593,m,single,0,1,monthly,n,1,V
103467,31,23590,m,divsepwid,4,6,weekly,n,2,F
101684,61,23590,f,married,1,0,weekly,y,2,V
101534,41,23588,f,married,1,1,monthly,y,2,V
104098,40,23587,m,married,2,3,monthly,y,1,F
102524,30,23586,f,single,1,2,monthly,y,1,F
104097,53,23585,m,married,3,4,weekly,y,2,V
102532,37,23583,f,single,1,3,monthly,y,1,F
101654,49,47946,f,married,1,1,weekly,y,2,V
102502,29,23578,f,single,0,2,weekly,y,1,F
101080,85,23578,m,married,2,2,weekly,y,1,F
102830,66,23576,m,single,1,3,monthly,n,1,V
101399,41,23570,f,married,2,0,monthly,y,2,V
101658,45,23568,m,married,2,1,monthly,y,2,F
101567,32,23567,m,married,2,0,weekly,y,2,F
101948,51,23566,f,married,2,0,weekly,y,2,V
101794,20,23566,m,married,2,0,weekly,y,2,V
103699,74,23565,f,divsepwid,2,6,weekly,y,3,V
103303,50,23565,f,divsepwid,4,5,weekly,y,3,V
101980,28,23565,f,married,2,2,monthly,y,1,F
102394,73,23558,f,single,0,1,weekly,y,1,V
101652,84,35524,m,married,2,1,monthly,y,2,V
101547,45,23552,f,married,1,1,weekly,y,2,V
103701,29,23550,m,divsepwid,4,5,weekly,n,3,V
103792,40,23546,f,married,2,4,weekly,y,1,F
100938,48,23540,f,married,2,1,monthly,y,2,V
102852,44,23537,f,single,1,1,monthly,y,1,V
102398,28,23536,f,single,0,2,monthly,y,1,F
103391,48,23531,m,divsepwid,4,6,weekly,n,3,F
103852,61,23528,m,married,2,3,monthly,y,2,V
101691,26,23527,m,married,1,2,weekly,y,2,V
103057,27,23524,m,divsepwid,3,6,weekly,y,2,V
102544,31,23522,f,single,1,2,weekly,n,1,F
102232,36,23519,f,single,1,1,monthly,y,1,F
102713,54,23518,m,single,0,2,monthly,y,1,F
103784,61,23516,f,married,3,4,monthly,y,1,F
101982,29,23515,m,married,1,2,monthly,y,2,F
101393,42,23514,f,married,1,2,monthly,y,1,F
102686,60,23513,m,single,1,2,monthly,y,1,V
102366,85,23513,m,single,1,2,weekly,y,1,V
103293,42,23511,f,divsepwid,4,5,weekly,y,2,V
101959,43,23511,m,married,1,0,monthly,y,2,V
101220,46,23510,f,married,1,2,monthly,y,2,V
102707,35,23507,m,single,0,3,monthly,y,1,F
101061,41,23506,f,married,1,2,weekly,y,2,F
101686,21,23504,m,married,2,0,monthly,y,2,F
103292,32,23493,m,divsepwid,3,6,weekly,n,2,F
102361,47,23492,f,single,0,3,weekly,y,1,F
103819,29,23490,f,married,2,4,weekly,y,2,F
101981,55,23483,m,married,1,1,monthly,y,2,V
101692,23,23481,f,married,2,0,weekly,y,2,F
103698,54,23480,m,divsepwid,4,5,weekly,n,2,F
102845,54,23477,f,single,1,1,weekly,n,1,V
102126,85,23477,f,single,1,2,weekly,y,1,V
102678,34,23475,m,single,0,3,monthly,n,1,F
102385,39,23473,m,single,0,1,weekly,n,1,F
103703,70,23471,f,div,2,6,weekly,y,3,F
102706,66,23469,f,single,0,2,weekly,n,1,V
102729,58,23469,m,single,1,1,weekly,y,1,F
101672,45,23467,m,married,1,2,weekly,y,1,V
101952,70,23465,f,married,1,2,monthly,y,1,F
101531,85,23464,f,married,1,0,monthly,y,2,V
101380,49,23463,f,married,2,2,monthly,y,1,V
103220,40,23461,m,divsepwid,4,5,weekly,y,3,F
102255,52,23461,f,single,0,3,weekly,n,1,F
102264,42,23452,m,single,1,1,weekly,n,1,V
101244,35,23450,f,married,2,1,monthly,y,2,F
102978,55,23447,f,divsepwid,4,6,weekly,y,3,V
101939,33,23447,f,married,2,0,monthly,y,1,F
102854,49,23446,m,single,1,2,weekly,n,1,V
103225,24,23444,m,divsepwid,4,5,weekly,y,3,V
101700,75,23443,m,married,2,1,weekly,y,2,V
101800,30,23442,f,married,1,2,monthly,y,1,F
103548,25,23439,f,divsepwid,3,5,weekly,y,3,V
102868,65,23438,f,single,1,3,weekly,n,1,V
101944,71,23435,m,married,2,0,weekly,y,2,V
101252,44,23432,f,married,1,1,weekly,y,2,F
102076,38,23429,m,single,0,2,monthly,y,1,F
101109,35,23429,f,married,2,1,monthly,y,1,F
102498,43,23428,m,single,0,1,monthly,n,1,V
101509,39,23428,f,married,2,0,weekly,y,2,F
103705,37,36575,f,divsepwid,3,5,weekly,n,2,F
103222,29,23424,f,divsepwid,2,5,weekly,n,3,V
103817,26,23414,m,married,3,3,monthly,y,2,F
103136,40,23413,m,divsepwid,3,6,weekly,n,3,F
101106,43,23406,f,married,2,0,weekly,y,2,F
101826,30,23399,f,married,1,0,monthly,y,2,F
101950,32,23397,m,married,1,1,monthly,y,1,F
102525,43,23395,m,single,1,2,monthly,n,1,F
101520,28,23392,m,married,1,2,monthly,y,2,F
101251,59,23388,m,married,1,1,weekly,y,1,F
103386,48,23387,m,divsepwid,2,6,weekly,y,3,V
100898,30,23387,f,married,1,0,weekly,y,2,V
101553,47,23386,m,married,1,1,weekly,y,2,V
103562,29,23385,m,divsepwid,2,6,weekly,n,2,F
103642,54,23383,m,div,4,6,weekly,n,3,V
101518,29,23381,m,married,2,1,weekly,y,2,F
103219,38,23380,f,divsepwid,3,6,weekly,n,3,F
102078,41,23379,f,single,0,2,monthly,n,1,V
102534,70,23378,f,single,0,1,weekly,y,1,V
102241,30,23374,m,single,1,3,monthly,n,1,V
101110,29,23374,f,married,2,1,monthly,y,1,F
103554,24,23372,m,divsepwid,4,6,weekly,n,3,V
103291,80,23372,f,divsepwid,3,5,weekly,y,2,V
104060,40,23371,m,married,2,3,monthly,y,1,F
103210,59,23371,m,divsepwid,3,5,weekly,n,2,V
103476,32,23365,m,divsepwid,3,6,weekly,n,3,F
102680,33,23365,m,single,1,2,monthly,y,1,F
104096,38,23363,m,married,2,3,weekly,y,1,F
101644,39,36403,f,married,2,2,weekly,y,1,F
103756,51,23361,m,married,2,3,monthly,y,1,V
102374,40,23359,f,single,1,3,weekly,n,1,F
102079,34,23359,m,single,0,2,weekly,n,1,F
101496,81,23358,m,married,1,0,weekly,y,1,F
102223,29,23350,f,single,0,1,monthly,n,1,V
102728,30,23348,f,single,1,1,monthly,n,1,F
103702,29,23345,f,divsepwid,4,5,weekly,n,3,F
101075,52,23343,m,married,2,1,monthly,y,2,V
101839,46,23339,m,married,1,2,weekly,y,1,F
102070,37,23335,f,single,1,1,monthly,n,1,F
102842,28,23333,f,single,0,2,weekly,n,1,V
102548,41,23333,f,single,0,3,monthly,y,1,F
103636,55,23332,m,divsepwid,2,5,weekly,n,3,F
102712,72,23331,m,single,1,2,weekly,y,1,F
103288,31,23329,f,divsepwid,2,5,weekly,y,3,F
101966,37,23329,m,married,2,2,weekly,y,1,F
102238,46,23326,m,single,0,3,monthly,n,1,V
103624,34,23323,m,divsepwid,2,5,weekly,n,3,F
102412,25,23323,m,single,0,3,monthly,y,1,F
102899,37,23321,f,divsepwid,2,5,weekly,n,3,F
103056,26,23318,f,divsepwid,3,5,weekly,y,3,F
102272,57,23318,f,single,0,2,monthly,n,1,F
102247,35,23318,m,single,0,2,weekly,y,1,F
100918,38,23317,f,married,2,0,weekly,y,1,F
101379,30,23315,f,married,2,1,weekly,y,2,F
101536,39,23314,m,married,1,2,weekly,y,2,F
102533,64,23311,m,single,0,1,monthly,y,1,V
101510,59,23305,f,married,2,1,weekly,y,1,F
101371,27,23305,m,married,2,1,weekly,y,2,F
101499,19,23302,m,married,1,1,monthly,y,2,V
103991,37,23299,m,married,2,3,monthly,y,1,F
101663,35,23299,m,married,1,2,monthly,y,1,F
102720,34,23287,f,single,0,1,weekly,y,1,F
102083,32,23285,f,single,1,2,monthly,y,1,F
102671,27,23283,f,single,1,2,monthly,y,1,F
103221,85,23279,m,divsepwid,4,6,weekly,n,3,V
102266,80,23279,f,single,1,2,monthly,n,1,V
102063,34,23272,f,single,1,2,monthly,n,1,F
101947,41,23267,f,married,1,2,monthly,y,1,F
103473,57,23263,f,divsepwid,2,6,weekly,y,3,V
102699,41,23259,f,single,1,3,monthly,n,1,F
101525,33,23253,m,married,1,0,monthly,y,2,F
102248,25,23252,f,single,0,3,monthly,y,1,F
104059,39,23251,m,married,2,3,monthly,y,1,F
103464,26,23250,f,divsepwid,3,6,weekly,y,2,V
102090,62,23249,F,single,1,3,weekly,y,1,F
101212,39,23246,f,married,1,2,monthly,y,2,F
101066,48,23246,f,married,2,2,monthly,y,1,F
103697,35,23244,m,divsepwid,4,5,weekly,y,3,F
102073,54,23243,m,single,1,3,weekly,y,1,V
101807,31,23242,m,married,2,0,monthly,y,1,F
104099,44,23240,f,married,3,3,monthly,y,2,V
104063,34,23240,f,married,2,4,weekly,y,1,F
101640,36,23238,m,married,1,2,monthly,y,2,V
101363,57,23234,m,married,1,1,weekly,y,1,F
101237,30,23232,m,married,2,2,monthly,y,2,V
103630,45,23230,f,divsepwid,2,5,weekly,y,2,V
103962,65,23229,m,married,3,3,monthly,y,2,V
102859,56,23227,f,single,0,1,monthly,y,1,V
101235,31,23227,m,married,2,1,weekly,y,1,F
103300,47,23225,f,divsepwid,3,5,weekly,y,3,V
102359,23,23217,f,single,0,1,monthly,n,1,F
102092,58,23216,f,single,0,1,monthly,n,1,F
102419,85,23215,m,single,0,2,monthly,y,1,V
102698,44,23213,m,single,1,2,monthly,n,1,F
102513,67,23209,m,single,0,2,weekly,y,1,V
101389,25,31158,m,married,2,2,weekly,y,1,F
101842,27,23201,f,married,2,2,weekly,y,1,F
102835,35,23194,f,single,1,2,weekly,n,1,V
101551,37,23194,m,married,2,2,weekly,y,1,F
102395,44,23190,f,single,0,2,monthly,y,1,F
101666,31,23185,f,married,2,0,weekly,y,2,F
101078,41,23185,m,married,2,2,monthly,y,1,F
102860,57,23183,f,single,0,1,monthly,y,1,V
101693,47,23182,m,married,1,0,monthly,y,2,V
102117,34,23182,f,single,1,1,monthly,y,1,F
103463,52,23177,m,divsepwid,3,5,weekly,n,3,V
101665,34,23175,f,married,2,0,weekly,y,1,F
101233,40,23172,m,married,2,0,weekly,y,1,V
102840,56,23167,m,single,0,2,monthly,n,1,V
100945,37,23164,f,married,2,0,weekly,y,2,F
101046,26,23163,f,married,1,1,weekly,y,1,V
102798,40,23161,m,single,0,3,weekly,y,1,F
102894,56,23160,f,divsepwid,3,6,weekly,y,2,V
101963,58,23159,f,married,1,2,monthly,y,1,F
101671,27,23158,m,married,1,1,monthly,y,2,F
102838,51,23158,f,single,0,1,monthly,y,1,V
102420,36,23154,f,single,1,1,monthly,n,1,V
102890,69,23152,f,divsepwid,4,6,weekly,n,2,V
101555,26,23152,f,married,1,2,monthly,y,2,F
101247,51,23149,m,married,2,0,weekly,y,2,V
101401,34,23149,m,married,2,1,monthly,y,2,F
101676,32,23147,m,married,1,0,weekly,y,2,F
101797,57,23146,f,married,1,0,monthly,y,2,F
101084,60,23137,f,married,2,2,monthly,y,1,V
101845,21,23133,m,married,1,1,monthly,y,1,F
101808,57,23132,m,married,2,0,weekly,y,1,F
100942,38,23131,f,married,1,2,weekly,y,1,V
103546,40,23130,m,divsepwid,2,5,weekly,y,2,F
102578,26,23125,f,single,1,2,weekly,y,1,F
101207,49,23120,m,married,2,1,monthly,y,1,F
102850,85,23119,m,single,0,3,weekly,y,1,V
101979,32,50688,f,married,2,1,monthly,y,2,F
102809,63,23117,m,single,0,2,monthly,y,1,V
102501,39,23115,f,single,0,2,monthly,y,1,F
102386,33,23113,f,single,0,2,weekly,n,1,V
102537,24,23107,f,single,0,2,monthly,n,1,F
100925,67,23106,m,married,2,1,monthly,y,1,F
101113,41,23104,f,married,2,1,monthly,y,1,F
101805,33,23101,f,married,1,2,weekly,y,1,F
102404,35,23099,f,single,1,1,weekly,y,1,F
101407,51,23097,f,married,1,1,monthly,y,2,F
102099,33,23094,m,single,1,3,monthly,y,1,V
100920,28,23094,f,married,2,0,weekly,y,1,F
101051,38,23090,m,married,2,2,weekly,y,1,F
103466,37,23089,f,divsepwid,4,5,weekly,n,2,V
101681,37,23087,m,married,2,0,weekly,y,2,F
101045,33,23086,m,married,1,1,weekly,y,2,F
103924,64,23084,f,married,2,3,weekly,y,2,V
103693,85,23083,m,divsepwid,2,5,weekly,y,3,V
101964,27,23081,m,married,2,1,monthly,y,2,V
102245,21,23079,m,single,0,2,monthly,y,1,F
101541,36,23077,f,married,2,2,monthly,y,1,F
101049,21,23076,m,married,2,1,monthly,y,1,F
103384,24,23073,f,div,4,6,weekly,n,2,V
102520,32,23072,m,single,0,1,weekly,y,1,F
102725,51,23069,f,single,0,2,weekly,n,1,V
102832,36,23067,m,single,1,1,monthly,y,1,F
102115,20,23064,f,single,1,3,monthly,n,1,V
101391,36,23062,m,married,1,0,weekly,y,1,F
102260,37,23061,m,single,0,2,weekly,n,1,V
102244,37,23061,m,single,0,1,monthly,n,1,F
103918,60,23060,m,Married,2,4,weekly,y,1,F
101930,55,23060,m,married,2,2,weekly,y,2,V
101364,40,23056,f,married,1,1,weekly,y,2,F
101204,85,23054,f,married,1,1,weekly,y,1,V
103051,32,23045,m,divsepwid,4,6,weekly,y,3,V
101848,37,23042,f,married,2,0,monthly,y,1,F
102549,39,23042,m,single,0,3,monthly,y,1,F
102864,24,23040,m,single,0,3,monthly,n,1,F
101532,39,23039,m,married,1,0,weekly,y,1,F
102240,23,23039,m,single,1,2,weekly,n,1,V
102082,31,23038,f,single,1,1,weekly,n,1,V
101392,41,23031,m,married,1,2,monthly,y,2,V
102109,25,23025,m,single,0,1,weekly,n,1,F
101083,44,23023,f,married,2,1,weekly,y,2,F
101402,29,23021,m,married,2,1,weekly,y,1,F
101111,34,23018,m,married,2,2,monthly,y,1,F
101552,47,23009,m,married,1,0,monthly,y,2,F
102812,38,23007,f,single,1,1,monthly,y,1,F
102421,44,23006,f,single,1,1,weekly,y,1,F
103475,46,23005,m,divsepwid,3,6,weekly,y,3,V
102693,38,23001,m,single,1,2,weekly,n,1,F
102249,45,23001,f,single,0,3,weekly,y,1,V
102174,31,22994,m,single,1,1,weekly,n,1,F
102476,47,22989,f,single,0,2,monthly,y,1,V
103039,36,22980,f,divsepwid,4,5,weekly,y,3,V
101014,65,22980,f,married,2,1,monthly,y,1,F
101441,41,22972,f,married,1,0,weekly,y,2,F
103615,32,22970,m,divsepwid,2,6,weekly,y,2,V
101039,48,22964,m,married,2,1,monthly,y,1,F
102951,66,22962,f,divsepwid,3,6,weekly,n,3,F
101293,33,22961,m,married,1,1,monthly,y,2,F
102466,31,22952,f,single,1,1,monthly,y,1,F
100880,19,22950,m,married,1,0,monthly,y,2,F
102136,41,22945,m,single,0,2,monthly,n,1,F
101590,35,22942,m,married,1,2,monthly,y,2,V
100963,47,22940,m,married,1,2,monthly,y,1,F
100998,48,22940,m,married,2,1,monthly,y,1,F
102206,25,22938,f,single,0,1,weekly,y,1,F
103746,55,22930,f,married,3,4,weekly,y,1,F
103808,30,22925,f,married,2,4,weekly,y,1,F
102473,33,22925,m,single,1,2,monthly,n,1,F
100866,44,22925,m,married,1,2,monthly,y,1,F
101733,27,22923,f,married,2,1,weekly,y,2,V
102344,31,22919,m,single,1,3,monthly,n,1,F
101883,26,22918,m,married,2,1,monthly,y,1,F
102180,57,22918,m,single,0,3,weekly,n,1,F
101620,34,22912,m,married,2,0,monthly,y,2,F
103810,25,22905,f,married,2,3,monthly,y,1,F
101918,26,22905,m,married,1,0,monthly,y,1,F
102198,53,22901,m,single,0,3,monthly,y,1,F
101426,29,22889,m,married,2,1,monthly,y,1,V
101467,33,22889,m,married,1,1,monthly,y,2,F
101187,40,22888,f,married,1,2,monthly,y,1,F
101037,35,22884,f,married,2,0,monthly,y,2,F
102595,22,22883,f,single,0,2,monthly,n,1,V
102303,50,22882,m,single,0,2,monthly,n,1,F
103287,36,22877,f,div,4,6,weekly,n,3,F
101767,44,22877,m,married,2,0,monthly,y,1,F
102045,51,22868,f,single,0,1,weekly,y,1,F
101123,21,22866,f,married,1,1,monthly,y,1,F
101923,51,22864,m,married,2,2,monthly,y,2,F
101777,85,35028,m,married,1,0,monthly,y,1,V
103273,46,22849,f,divsepwid,2,5,weekly,y,2,V
103441,65,22848,m,divsepwid,3,6,weekly,n,2,V
102487,57,22845,m,single,1,1,monthly,y,1,F
101585,50,22845,f,married,1,2,weekly,y,1,F
103359,57,22844,f,divsepwid,3,5,weekly,n,2,F
102313,62,22833,f,single,0,2,monthly,y,1,F
100955,63,22833,F,married,1,2,weekly,y,2,V
102301,26,22831,f,single,0,1,monthly,y,1,F
101771,59,22830,f,married,1,1,weekly,y,2,V
101781,36,22829,m,married,1,1,weekly,y,2,F
102208,64,22821,f,single,0,2,weekly,y,1,V
102000,47,22821,f,single,0,1,weekly,n,1,F
101488,26,22818,m,married,1,2,weekly,y,2,V
102181,68,22818,m,single,1,1,monthly,n,1,F
101865,30,22817,f,married,1,0,monthly,y,2,F
100817,35,22817,m,married,1,2,monthly,y,1,F
102434,75,22816,f,single,1,2,weekly,n,1,F
102776,41,22814,f,single,1,1,monthly,n,1,V
100953,34,22812,m,married,1,0,weekly,y,1,V
102616,38,22810,f,single,0,1,weekly,n,1,F
101484,34,22810,f,married,2,2,weekly,y,2,F
100952,53,22807,f,married,1,0,monthly,y,1,F
103205,35,22801,f,divsepwid,3,6,weekly,y,3,V
101476,39,22798,m,married,1,1,weekly,y,1,F
102949,49,22797,f,divsepwid,3,6,weekly,y,2,V
100886,47,22795,m,married,1,2,monthly,y,1,V
102955,31,22793,f,divsepwid,2,5,weekly,y,3,V
101174,54,22789,m,married,1,0,weekly,y,2,V
100971,32,22789,f,married,2,2,monthly,y,1,F
102057,27,22787,f,single,1,2,weekly,n,1,F
103037,22,22775,f,divsepwid,3,6,weekly,n,3,V
102606,37,22775,f,single,1,2,monthly,y,1,F
101036,23,22775,m,married,1,2,weekly,y,1,F
101869,29,22763,f,married,2,2,weekly,y,2,F
103531,39,22760,m,divsepwid,2,5,weekly,y,3,F
102664,61,22758,m,single,0,3,monthly,n,1,V
103457,35,22756,m,div,4,5,weekly,n,3,F
103983,24,22756,m,married,3,4,monthly,y,1,V
102947,38,22752,m,divsepwid,3,5,weekly,y,3,V
101035,60,22750,f,married,1,2,weekly,y,1,F
102797,35,22750,m,single,1,3,monthly,n,1,F
101149,66,22743,m,married,1,0,weekly,y,1,V
102330,39,22743,f,single,0,3,weekly,y,1,F
103616,51,22742,f,divsepwid,2,6,weekly,y,3,F
102639,43,22742,m,single,0,1,monthly,n,1,F
101449,64,22741,f,married,1,0,weekly,y,2,V
101200,85,22738,f,married,1,1,weekly,y,1,V
100851,33,22729,f,married,2,2,weekly,y,1,F
102358,42,22725,f,single,1,3,weekly,y,1,F
101341,61,22725,F,married,2,1,weekly,y,1,V
100887,43,22724,f,married,1,2,weekly,y,1,F
101857,22,22710,f,married,1,1,weekly,y,1,F
100821,35,22707,m,married,1,1,weekly,y,1,V
101286,43,22705,m,married,2,1,weekly,y,2,F
103031,72,22703,f,divsepwid,3,6,weekly,n,3,V
100835,41,22699,m,married,1,2,monthly,y,2,V
101193,29,22694,f,married,1,0,monthly,y,1,F
101910,43,22692,f,married,1,1,weekly,y,1,F
100959,69,22685,m,married,2,2,monthly,y,1,V
101786,31,22677,f,married,1,0,weekly,y,1,F
103532,33,22673,f,divsepwid,2,5,weekly,n,2,F
101158,31,22672,f,married,1,1,monthly,y,2,F
100870,25,22668,m,married,2,0,monthly,y,2,F
101609,40,22666,f,married,1,1,monthly,y,1,F
102299,38,22666,f,single,0,1,monthly,y,1,F
101197,23,22665,f,married,2,2,weekly,y,2,F
101603,29,22663,m,married,2,1,monthly,y,2,F
100865,42,22662,m,married,1,1,weekly,y,2,V
102352,51,22659,m,single,1,3,weekly,n,1,V
103035,57,22651,m,divsepwid,2,6,weekly,y,3,F
101150,53,22650,m,married,1,0,weekly,y,1,V
101482,39,22643,m,married,2,2,monthly,y,1,F
102946,24,22638,f,div,2,6,weekly,n,2,F
103878,36,47151,m,married,2,3,weekly,y,2,F
102021,20,22618,m,single,1,1,monthly,n,1,F
102024,42,22617,m,single,0,2,weekly,n,1,F
101769,31,22615,m,married,2,2,monthly,y,2,F
102032,21,22614,f,single,0,2,weekly,n,1,V
102134,45,22607,f,single,0,1,monthly,n,1,F
101489,68,22602,m,married,2,0,monthly,y,1,F
102611,23,22595,f,single,0,3,monthly,n,1,F
101772,47,22593,m,married,1,2,weekly,y,1,F
101911,34,22590,f,married,1,2,monthly,y,1,F
100993,30,22585,f,married,1,2,monthly,y,2,V
103364,30,22584,m,divsepwid,4,6,weekly,n,2,F
102334,34,22583,m,single,0,1,monthly,n,1,F
102661,34,22580,m,single,0,2,monthly,n,1,F
101163,39,22580,f,married,2,1,monthly,y,1,F
102140,29,22579,m,single,0,3,monthly,n,1,V
101188,31,22569,m,married,2,0,weekly,y,2,V
103444,48,22564,f,divsepwid,4,5,weekly,y,2,F
101182,28,22561,m,married,1,1,monthly,y,1,F
101902,43,22559,m,married,1,0,monthly,y,2,F
103366,34,22558,m,divsepwid,2,6,weekly,n,3,F
103611,32,22544,f,divsepwid,3,5,weekly,y,2,V
103915,78,22543,f,married,2,4,weekly,y,2,V
100981,25,22543,f,married,1,1,weekly,y,1,F
101583,71,22538,f,married,1,2,monthly,y,2,F
100823,54,22536,f,married,2,0,monthly,y,1,F
102479,31,25900,m,single,1,1,weekly,y,1,F
102304,55,22532,m,single,1,2,monthly,y,1,F
101282,19,22531,f,married,1,0,monthly,y,2,V
102167,30,22531,f,single,1,1,weekly,n,1,F
102456,28,22528,f,single,0,3,weekly,n,1,F
103442,45,22525,f,divsepwid,3,6,weekly,n,3,F
103108,51,22515,m,divsepwid,2,5,weekly,n,3,F
101129,45,22514,f,married,2,1,monthly,y,1,F
102028,41,22511,M,single,1,2,weekly,n,1,F
101417,56,22506,f,married,1,1,weekly,y,1,F
102445,53,22503,m,single,0,3,monthly,y,1,F
101203,31,22501,m,married,2,2,weekly,y,2,F
101460,32,22496,m,married,1,1,monthly,y,2,F
103446,51,22493,M,divsepwid,4,5,weekly,n,3,V
102211,38,22493,f,single,1,1,monthly,n,1,F
102771,39,22489,f,single,1,1,monthly,n,1,F
103620,41,22487,m,divsepwid,4,5,weekly,n,2,V
101881,22,22486,f,married,2,0,weekly,y,1,V
101766,30,22483,f,married,1,2,weekly,y,1,F
103841,47,22475,f,married,3,3,monthly,y,2,V
101285,30,22470,m,married,2,0,monthly,y,2,F
100967,36,22466,m,married,1,0,weekly,y,2,V
101892,47,22465,m,married,1,0,weekly,y,1,F
103538,57,22464,m,divsepwid,4,5,weekly,y,2,V
101895,60,22462,M,married,2,2,monthly,y,1,F
100850,62,22456,m,married,2,1,weekly,y,1,F
103951,37,22450,m,married,3,4,weekly,y,1,V
102164,36,22447,f,single,1,2,monthly,n,1,F
103750,26,22446,m,married,2,4,weekly,y,2,F
100848,69,22446,f,married,1,2,weekly,y,2,V
101888,35,22445,m,married,2,0,monthly,y,1,F
102156,68,22445,m,single,1,1,monthly,y,1,V
103440,44,22444,m,divsepwid,3,6,weekly,y,2,V
102333,59,22443,m,single,1,2,weekly,n,1,F
102350,38,22441,f,single,1,2,weekly,n,1,F
101890,49,22439,f,married,2,1,weekly,y,2,V
101145,59,22432,f,married,2,0,weekly,y,2,F
102757,33,22431,m,single,1,2,monthly,n,1,F
101611,62,22428,f,married,2,0,monthly,y,1,F
101455,27,22426,m,married,2,2,weekly,y,1,F
102433,77,22425,f,single,1,1,weekly,y,1,V
104051,41,22423,m,married,3,4,monthly,y,1,V
102496,31,22423,m,single,1,3,weekly,y,1,F
101178,53,22420,f,married,1,2,weekly,y,1,F
101746,44,22416,m,married,1,1,monthly,y,1,V
102754,22,44530,f,single,0,3,weekly,y,1,F
102446,34,22402,f,single,1,1,monthly,n,1,F
102336,28,22395,m,single,1,2,monthly,n,1,F
101632,28,22394,m,married,2,0,monthly,y,1,F
102135,28,22391,m,single,0,1,weekly,y,1,F
102306,48,22387,m,single,1,2,weekly,n,1,F
102482,55,22384,m,single,1,3,weekly,n,1,F
102644,30,22383,m,single,0,1,monthly,y,1,F
101785,21,22379,f,married,1,0,monthly,y,1,V
101774,20,22377,m,married,2,1,monthly,y,1,F
101421,85,22375,M,married,1,2,weekly,y,2,V
102014,42,22374,m,single,1,2,weekly,y,1,F
100857,54,22366,f,married,1,1,weekly,y,1,F
102201,36,22365,m,single,1,1,monthly,y,1,F
102457,21,22364,m,single,1,1,monthly,y,1,F
101311,46,22362,m,married,2,2,weekly,y,2,F
102627,74,22361,m,single,1,2,monthly,n,1,V
102881,31,22357,f,divsepwid,2,6,weekly,y,2,V
103880,20,22353,f,married,3,4,monthly,y,1,V
102665,26,22351,m,single,1,1,weekly,y,1,F
103439,55,22349,f,divsepwid,3,5,weekly,y,3,V
103840,44,22349,f,married,3,3,monthly,y,1,V
101128,62,22335,m,married,1,2,weekly,y,1,V
101030,39,22335,m,married,2,2,monthly,y,2,F
101744,51,22331,m,married,1,0,monthly,y,2,V
103370,34,22328,M,divsepwid,3,6,weekly,n,2,F
102624,27,22323,m,single,0,3,weekly,n,1,F
100957,51,22318,f,married,2,1,monthly,y,1,F
101135,55,22312,m,married,1,1,weekly,y,2,V
101194,31,22310,F,married,1,1,monthly,y,1,F
101038,71,22309,f,married,2,0,weekly,y,1,V
102964,72,22308,f,divsepwid,4,6,weekly,y,2,V
103979,28,22296,f,married,3,4,weekly,y,2,F
102345,28,22294,m,single,0,1,monthly,n,1,V
102442,29,22286,f,single,0,1,monthly,n,1,F
104053,37,22281,f,married,3,3,monthly,y,1,F
101033,34,22280,m,married,1,0,weekly,y,1,F
101996,25,22277,f,single,1,2,monthly,y,1,F
102189,29,22269,m,single,1,1,weekly,y,1,F
103621,21,22262,m,divsepwid,4,6,weekly,y,2,V
101742,21,22262,f,married,2,0,monthly,y,1,F
101737,24,22255,m,married,1,0,weekly,y,2,V
102285,84,22253,f,single,0,1,weekly,n,1,V
101871,79,22242,f,married,1,0,monthly,y,1,V
103690,52,22238,f,divsepwid,4,5,weekly,n,3,V
101183,32,22238,m,married,1,1,weekly,y,1,F
101876,24,22234,f,married,1,0,weekly,y,1,F
102031,39,22234,f,single,0,2,weekly,y,1,F
101438,46,22232,f,married,2,2,weekly,y,2,V
101486,30,22231,f,married,1,0,monthly,y,1,F
100871,45,22231,m,married,2,0,weekly,y,2,F
103365,26,22228,f,divsepwid,2,5,weekly,n,2,F
102292,32,22228,f,single,0,1,monthly,n,1,F
101491,36,22225,m,married,2,1,monthly,y,1,F
101165,80,22222,m,married,2,2,weekly,y,1,V
101186,29,22220,f,married,1,2,monthly,y,2,F
101147,46,46483,f,married,1,0,monthly,y,2,F
101868,28,22218,m,married,1,2,weekly,y,1,F
102327,27,22217,f,single,0,1,monthly,y,1,F
101016,30,22216,m,married,2,2,weekly,y,1,F
102044,39,22214,m,single,0,1,monthly,n,1,F
101863,75,22203,m,married,2,0,monthly,y,1,V
101433,31,22203,f,married,2,0,monthly,y,2,F
101596,55,22193,f,married,2,2,weekly,y,2,V
101864,82,22192,m,married,2,1,monthly,y,1,F
102455,43,22182,m,single,0,3,weekly,y,1,V
101494,60,22181,m,married,2,2,weekly,y,1,V
101137,29,22171,f,married,2,0,monthly,y,2,F
102948,46,22168,m,div,3,5,weekly,n,2,V
101328,51,22167,f,married,1,2,monthly,y,1,F
101862,25,22166,f,married,1,1,monthly,y,1,V
102764,28,22163,m,single,1,2,weekly,y,1,F
101858,35,22154,m,married,1,1,weekly,y,2,F
101750,30,22152,f,married,2,2,weekly,y,2,F
101148,37,22152,m,married,1,0,monthly,y,1,F
101480,24,22146,f,Married,2,0,weekly,y,2,V
102324,78,22145,m,single,1,2,monthly,y,1,V
103744,58,22140,f,married,2,4,monthly,y,1,F
101630,85,22138,f,married,1,2,monthly,y,2,V
102018,26,22137,m,single,0,1,weekly,n,1,V
102138,46,22136,f,single,0,2,weekly,y,1,V
102468,30,22128,m,single,1,3,monthly,n,1,F
101734,26,22122,m,married,2,2,monthly,y,1,F
102297,56,22121,f,single,1,2,weekly,y,1,V
102436,40,22121,m,single,0,1,monthly,n,1,F
102204,34,22112,m,single,1,2,weekly,n,1,F
104090,44,22109,f,married,3,4,monthly,y,2,V
101007,29,22109,m,married,2,0,weekly,y,1,F
101319,29,22104,f,married,1,0,monthly,y,2,F
102441,31,22103,m,single,1,2,weekly,y,1,V
101886,61,22102,m,married,1,1,monthly,y,2,V
101465,59,22100,f,married,1,0,weekly,y,2,V
102151,25,22099,f,single,1,3,monthly,y,1,F
101432,77,22098,m,married,1,1,weekly,y,1,V
102762,39,22094,m,single,0,3,weekly,y,1,F
103622,46,22091,f,divsepwid,4,6,weekly,y,2,V
103195,30,22091,f,divsepwid,3,6,weekly,y,3,F
101921,39,22089,m,married,1,2,weekly,y,1,F
103119,26,22087,m,divsepwid,3,6,weekly,y,3,V
101773,30,22084,m,married,2,1,monthly,y,2,F
101339,54,22084,f,married,2,0,weekly,y,1,V
100983,55,22082,m,married,1,1,weekly,y,2,F
100988,47,22077,f,married,2,2,weekly,y,2,V
101631,33,22070,f,married,1,2,weekly,y,1,F
102493,25,22068,f,single,0,2,monthly,n,1,F
102182,64,22066,f,single,1,1,weekly,n,1,F
101879,57,22065,F,married,1,1,weekly,y,2,F
102196,22,22063,f,single,0,1,monthly,y,1,F
101430,55,22061,f,married,2,2,monthly,y,2,V
103682,34,22059,m,divsepwid,3,6,weekly,y,2,F
103980,51,22058,f,married,3,4,monthly,y,2,V
100972,24,22049,f,married,2,2,weekly,y,1,F
102043,31,22041,f,single,1,3,weekly,y,1,F
102943,41,22036,m,divsepwid,2,5,weekly,y,2,F
102339,78,22036,m,single,0,1,monthly,n,1,F
102649,41,22033,f,single,0,3,weekly,n,1,F
101608,60,22032,m,married,1,1,monthly,y,2,V
101004,43,22029,f,married,1,2,monthly,y,1,F
102785,42,22028,m,single,0,3,monthly,y,1,F
103608,48,22026,f,divsepwid,2,5,weekly,y,3,V
102295,38,22013,f,single,1,1,monthly,n,1,F
103356,54,22012,f,divsepwid,2,6,weekly,n,3,F
101169,27,22009,m,married,2,1,weekly,y,2,V
102029,38,22009,f,single,1,3,monthly,n,1,F
102153,81,22008,f,single,0,1,weekly,n,1,V
101448,61,22007,f,married,1,0,monthly,y,2,V
102746,44,22005,f,single,1,3,monthly,n,1,V
102653,58,28255,f,single,1,3,monthly,n,1,F
101283,71,22002,m,married,1,1,weekly,y,2,V
100970,21,21991,m,married,2,1,weekly,y,2,F
101434,35,21991,m,married,2,0,weekly,y,1,F
101889,31,21988,m,married,2,0,weekly,y,1,F
102200,24,21982,m,single,0,3,weekly,n,1,F
102876,85,21975,f,divsepwid,4,6,weekly,y,2,V
102176,49,21969,f,single,1,2,monthly,y,1,V
100985,57,21961,m,married,2,1,weekly,y,1,F
100879,31,21960,f,married,2,2,weekly,y,2,F
100853,35,21953,m,married,1,0,monthly,y,1,F
101782,39,21950,f,married,1,2,weekly,y,2,V
102880,46,21945,f,div,2,5,weekly,n,3,F
102608,53,21941,m,single,0,1,monthly,y,1,F
103196,51,21938,f,divsepwid,3,6,weekly,n,3,V
101759,36,21937,f,married,2,2,weekly,y,1,F
101041,72,21937,f,married,2,1,monthly,y,2,V
101153,66,21936,m,married,2,2,monthly,y,1,F
101607,44,45664,f,married,1,0,weekly,y,2,V
103781,40,21931,f,married,3,3,weekly,y,1,F
102008,35,21928,m,single,1,2,weekly,n,1,F
102447,46,21914,m,single,1,1,monthly,n,1,F
101487,64,21914,m,married,1,1,weekly,y,1,F
102308,40,21908,m,single,1,3,weekly,n,1,F
101291,32,21890,m,married,2,2,weekly,y,1,F
102205,40,21875,f,single,1,3,weekly,y,1,F
100826,44,21875,m,married,1,0,weekly,y,1,F
101763,26,21872,m,married,1,2,monthly,y,1,F
103451,25,21870,m,div,3,5,weekly,n,2,F
101018,32,21864,m,Married,1,1,weekly,y,1,V
102342,72,21862,f,single,1,1,weekly,n,1,V
103111,63,21861,m,divsepwid,3,6,weekly,n,3,F
101600,23,21854,m,married,2,0,monthly,y,1,V
100818,28,21852,f,married,2,1,weekly,y,2,F
101635,53,21848,f,married,1,1,weekly,y,2,F
102323,34,21843,m,single,1,1,monthly,y,1,F
102319,47,21841,F,single,1,2,monthly,n,1,F
103749,24,21835,f,married,3,3,weekly,y,2,V
102289,39,21834,f,single,1,2,weekly,n,1,V
102462,38,21832,m,single,0,3,monthly,n,1,F
101867,57,21831,m,married,1,2,monthly,y,2,F
100841,46,21829,m,married,1,0,weekly,y,2,F
103353,41,21827,f,divsepwid,2,5,weekly,y,3,F
102033,22,21826,m,single,1,2,monthly,n,1,F
101493,83,21823,m,married,2,1,weekly,y,1,V
102141,51,21822,m,single,0,3,weekly,y,1,F
101628,30,21821,f,married,1,1,weekly,y,2,F
101462,41,21814,m,married,2,0,weekly,y,1,F
100827,34,21810,f,married,1,1,monthly,y,2,V
102651,36,21801,m,single,1,1,monthly,n,1,F
102329,62,21796,m,single,0,3,monthly,y,1,F
102011,28,21784,f,single,0,3,monthly,n,1,F
103685,52,21782,m,divsepwid,4,6,weekly,y,3,V
101899,63,21782,m,married,2,0,monthly,y,2,V
102960,48,21772,f,divsepwid,3,5,weekly,n,3,V
101461,37,21772,m,married,1,2,weekly,y,1,F
101440,30,21772,f,married,1,0,monthly,y,2,F
101177,31,21768,m,married,1,2,weekly,y,1,F
101580,41,21761,m,married,1,1,weekly,y,1,F
101297,40,21761,m,married,1,0,monthly,y,1,F
101581,55,21757,f,married,1,2,monthly,y,2,F
103202,24,21742,f,divsepwid,2,5,weekly,n,2,F
102491,62,21742,f,single,1,3,monthly,n,1,F
102026,85,33427,f,single,1,1,monthly,y,1,V
103691,38,21737,f,divsepwid,4,5,weekly,n,2,F
103274,36,21733,f,divsepwid,2,5,weekly,n,2,F
103954,37,21732,m,married,3,3,monthly,y,2,F
103281,41,21732,f,divsepwid,2,6,weekly,y,3,F
101626,35,21732,f,married,1,0,monthly,y,2,V
101770,21,21731,f,married,1,1,weekly,y,1,F
103545,37,21726,m,divsepwid,4,6,weekly,n,2,V
102040,42,21720,m,single,1,2,monthly,n,1,F
103982,65,21716,m,married,2,4,weekly,y,1,V
101728,28,21713,f,married,2,2,monthly,y,2,F
102790,77,21708,m,single,0,1,weekly,n,1,V
103283,34,21707,F,divsepwid,3,5,weekly,y,3,V
101783,29,21702,f,married,2,2,monthly,y,2,F
101192,51,21702,f,married,2,1,weekly,y,1,F
102291,33,21701,f,single,0,1,monthly,y,1,F
100878,39,21701,m,married,2,0,weekly,y,1,F
101784,40,21696,f,married,2,2,weekly,y,2,F
101634,50,21692,m,married,1,0,monthly,y,2,F
101292,38,21692,F,married,1,1,monthly,y,1,F
102184,37,21691,f,single,0,1,weekly,y,1,F
103681,34,21685,m,divsepwid,2,5,weekly,n,3,F
102191,48,21682,m,single,1,3,weekly,n,1,F
103981,32,21681,m,married,3,3,weekly,y,1,V
103275,66,21676,f,divsepwid,2,5,weekly,n,3,F
103875,40,21673,m,married,3,3,monthly,y,2,V
102311,23,21671,m,single,1,2,monthly,y,1,F
101787,44,21666,F,married,1,0,weekly,y,2,F
102959,47,21663,f,divsepwid,3,5,weekly,y,2,F
103754,66,21663,f,married,3,4,monthly,y,1,V
103953,30,21660,m,married,2,4,weekly,y,2,F
101026,29,21652,f,married,2,1,monthly,y,1,F
102883,50,21650,m,divsepwid,4,5,weekly,y,3,V
102628,61,21650,F,single,1,3,weekly,y,1,V
101718,30,21647,m,married,2,2,monthly,y,1,F
102059,43,21646,m,single,1,3,weekly,n,1,F
102666,38,21627,m,single,1,3,monthly,n,1,F
101431,30,21626,m,married,1,1,monthly,y,2,F
102765,38,21623,f,single,1,2,weekly,n,1,F
102213,59,21620,f,single,1,3,weekly,y,1,V
102494,40,46155,m,single,1,1,monthly,y,1,F
100812,37,21618,f,married,1,0,monthly,y,2,F
101146,49,21616,m,married,2,2,monthly,y,2,V
101324,62,21616,f,married,2,1,monthly,y,1,F
101614,28,21616,f,married,2,0,monthly,y,1,F
102454,44,21614,m,single,0,1,monthly,y,1,F
101719,34,21611,m,married,2,2,weekly,y,2,F
102795,40,21610,m,single,1,1,monthly,y,1,F
100977,51,21604,m,married,2,1,monthly,y,2,F
103124,35,21599,m,divsepwid,4,6,weekly,y,2,V
102166,38,21596,m,single,0,1,monthly,n,1,F
103113,57,21595,f,divsepwid,4,6,weekly,n,2,V
101142,46,44338,f,married,1,1,monthly,y,2,F
100954,38,21592,m,married,1,2,monthly,y,1,F
102597,41,21586,f,single,0,3,monthly,y,1,F
101011,40,21582,f,married,1,2,monthly,y,2,F
101000,22,21580,f,married,1,0,weekly,y,1,F
102636,42,21574,m,single,1,2,monthly,y,1,F
102149,25,21563,f,single,1,1,weekly,y,1,V
100816,61,21561,m,married,1,1,weekly,y,2,F
103689,25,21560,m,divsepwid,3,6,weekly,y,2,V
100858,34,21557,f,married,1,2,monthly,y,1,F
101621,32,21554,m,married,2,2,weekly,y,1,F
102150,71,21550,f,single,1,1,weekly,y,1,V
101139,60,21548,m,married,2,1,weekly,y,1,V
102963,20,21544,m,divsepwid,4,5,weekly,n,3,V
102443,39,21544,m,single,0,2,monthly,n,1,V
103204,27,21539,f,divsepwid,2,6,weekly,n,3,F
104015,42,21537,f,married,2,4,weekly,y,2,F
101164,50,21536,m,married,2,1,weekly,y,2,F
101320,43,25547,f,married,1,1,monthly,y,1,F
102787,52,21534,m,single,1,2,monthly,y,1,V
100881,36,21533,m,married,2,0,monthly,y,1,F
101471,44,27986,m,married,2,0,monthly,y,1,F
101872,51,21531,f,married,1,0,weekly,y,2,F
102638,33,21531,f,single,1,3,weekly,y,1,F
100830,29,21530,m,married,2,2,monthly,y,2,F
103121,31,21527,f,divsepwid,4,5,weekly,y,3,V
100877,37,21525,f,married,2,0,weekly,y,1,F
101196,39,21524,f,married,2,1,monthly,y,2,F
102952,45,21522,f,divsepwid,4,5,weekly,y,3,V
101167,30,21522,m,married,2,0,weekly,y,2,F
102962,52,21520,m,divsepwid,4,5,weekly,y,2,F
102954,79,21519,f,divsepwid,4,6,weekly,n,3,V
101458,32,21515,m,married,2,0,monthly,y,2,F
100855,85,21508,f,married,1,0,weekly,y,2,F
101185,83,21507,m,married,1,0,weekly,y,2,V
100813,39,21502,m,married,1,0,monthly,y,2,F
102326,37,21501,f,single,1,3,monthly,n,1,F
104087,31,21498,f,married,2,4,monthly,y,1,F
102603,55,21498,f,single,1,1,monthly,n,1,F
102019,40,21491,f,single,0,2,monthly,n,1,F
102480,42,21488,m,single,1,2,weekly,y,1,F
101322,29,21484,f,married,2,0,weekly,y,2,V
101593,55,21481,f,married,2,0,monthly,y,2,F
101999,36,21479,f,single,0,1,weekly,n,1,V
100995,27,21478,f,married,2,0,monthly,y,2,V
102748,38,21477,f,single,0,2,weekly,y,1,F
101601,30,21476,m,married,2,1,monthly,y,2,F
101334,66,21475,f,married,2,2,weekly,y,2,F
100876,83,21468,m,married,1,2,weekly,y,2,V
102605,39,21455,m,single,1,1,weekly,y,1,F
103122,59,21453,f,divsepwid,4,5,weekly,n,2,F
102023,59,21449,f,single,0,1,monthly,n,1,F
101613,18,21446,f,married,2,0,monthly,y,2,F
103748,31,21441,m,married,3,4,monthly,y,2,V
102750,41,21438,f,single,1,1,weekly,y,1,V
102635,34,21438,m,single,1,1,weekly,y,1,F
102001,30,21428,m,single,0,2,weekly,n,1,F
101454,60,21425,f,married,2,1,weekly,y,1,V
102294,33,30219,f,single,0,2,monthly,n,1,F
102202,45,21421,m,single,1,1,monthly,n,1,F
101333,58,21417,f,married,2,2,monthly,y,1,F
103612,68,37477,m,divsepwid,3,6,weekly,y,3,V
101637,27,21411,m,married,2,0,weekly,y,1,F
101584,28,21409,m,married,1,2,weekly,y,2,F
101636,43,21406,m,married,1,2,weekly,y,2,F
102769,21,21403,m,single,0,3,monthly,y,1,F
101314,28,21394,m,married,1,2,monthly,y,1,F
101010,63,21392,m,married,1,0,weekly,y,2,V
101198,50,21391,m,married,2,2,weekly,y,1,F
102777,37,21387,m,single,1,3,monthly,y,1,F
102431,47,21383,m,single,0,2,monthly,n,1,F
101754,51,21382,m,married,2,1,monthly,y,1,V
102004,25,21378,m,single,1,2,weekly,n,1,F
102173,33,21369,m,single,1,1,weekly,y,1,F
102027,67,21368,f,single,1,1,monthly,n,1,F
102961,43,21365,f,divsepwid,4,5,weekly,y,3,V
102604,44,21360,m,single,1,1,weekly,y,1,V
102325,39,21360,m,single,1,2,monthly,y,1,F
101788,22,21355,f,married,1,2,monthly,y,1,F
100814,31,21349,m,married,1,0,weekly,y,2,F
101898,46,21347,m,married,1,2,monthly,y,1,F
101906,33,21343,m,married,2,2,monthly,y,2,F
102440,27,21343,f,single,1,2,monthly,n,1,F
103036,28,21337,f,divsepwid,3,5,weekly,n,3,F
101736,67,21337,f,married,1,0,weekly,y,1,F
101317,33,21334,f,married,1,2,weekly,y,2,F
102318,62,21332,f,single,1,1,monthly,n,1,V
103197,44,21329,f,divsepwid,4,5,weekly,n,2,V
101138,36,21327,f,married,2,0,weekly,y,2,F
102741,30,21325,m,single,0,1,monthly,n,1,F
102766,50,21324,f,single,1,2,weekly,n,1,F
102341,58,21324,f,single,0,1,weekly,n,1,V
102477,52,21322,f,single,0,3,weekly,y,1,V
100820,25,21321,m,married,1,0,monthly,y,2,V
103916,33,21320,f,married,2,3,monthly,y,1,F
102484,34,21317,m,single,0,1,weekly,y,1,F
101136,21,21317,m,married,1,2,monthly,y,1,F
102751,47,21315,f,single,1,2,monthly,n,1,F
102663,49,21306,f,single,0,3,monthly,y,1,V
101166,49,21306,m,married,1,1,monthly,y,1,V
100975,46,21305,m,married,1,2,weekly,y,1,F
101316,35,21295,m,married,1,2,weekly,y,1,F
101031,29,21294,f,married,1,0,monthly,y,2,F
103984,35,21290,f,married,3,4,monthly,y,2,F
101748,44,21290,m,married,1,2,weekly,y,2,F
102613,64,21288,f,single,1,2,weekly,n,1,V
100962,40,21288,f,married,1,2,monthly,y,2,F
100867,40,21287,f,married,1,2,monthly,y,2,F
102199,22,21284,m,single,0,3,weekly,n,1,V
102660,45,21277,m,single,0,1,weekly,y,1,V
102657,66,21274,m,single,1,2,monthly,y,1,V
102950,38,21271,f,div,3,6,weekly,n,2,F
101457,37,21271,f,married,1,2,monthly,y,1,V
102051,34,21269,f,single,0,1,monthly,y,1,F
101001,51,21266,f,married,1,1,monthly,y,1,V
102461,22,21261,f,single,0,2,monthly,n,1,F
100852,62,21257,f,married,1,0,monthly,y,1,F
101726,36,21253,m,married,2,1,weekly,y,1,F
102296,46,21251,m,single,1,2,monthly,n,1,V
103809,53,21247,m,married,2,4,weekly,y,2,V
102659,28,21245,f,single,0,1,monthly,n,1,F
101173,39,21243,f,married,1,0,monthly,y,2,F
101141,36,21242,m,married,1,0,weekly,y,2,V
101870,26,21238,m,married,1,0,monthly,y,2,V
102162,58,21238,m,single,1,1,monthly,n,1,V
102618,35,21237,f,single,1,2,monthly,y,1,V
104088,26,21236,m,married,3,4,monthly,y,2,V
101447,40,21232,f,married,2,2,weekly,y,2,F
102154,24,21231,f,single,0,3,monthly,y,1,F
101597,33,21229,f,married,1,0,monthly,y,1,F
102317,44,21221,f,single,0,3,monthly,n,1,V
101885,24,21217,m,married,1,1,monthly,y,1,V
101347,50,21212,m,married,2,0,weekly,y,2,V
102354,41,21210,M,single,0,3,weekly,y,1,F
101130,53,21209,m,married,2,1,monthly,y,2,F
100964,53,21208,f,married,2,2,monthly,y,1,F
103683,33,21204,f,divsepwid,4,5,weekly,n,3,F
101335,33,21200,m,married,1,0,monthly,y,1,F
102953,47,21198,m,divsepwid,4,6,weekly,y,2,V
103279,27,21192,f,divsepwid,3,6,weekly,n,3,F
100842,27,21190,f,married,1,1,weekly,y,1,F
101473,31,21190,f,married,2,2,monthly,y,2,F
101133,25,21190,m,married,2,2,weekly,y,2,V
102761,26,21189,m,single,0,1,weekly,n,1,F
104092,26,21184,f,married,3,3,monthly,y,1,F
101309,35,21184,m,married,2,1,weekly,y,2,V
101997,34,21184,m,single,1,3,monthly,n,1,F
101877,56,21175,m,married,1,0,weekly,y,1,F
101627,35,21173,f,married,1,0,weekly,y,1,F
101189,38,21168,f,married,2,1,monthly,y,1,F
102465,76,21167,m,single,1,3,weekly,y,1,F
101132,20,21166,m,married,2,1,weekly,y,1,F
100836,42,21160,f,married,1,2,weekly,y,1,F
100888,36,21159,m,married,2,0,weekly,y,1,F
103952,44,21157,f,married,3,3,monthly,y,2,V
102599,32,21155,m,single,0,1,weekly,n,1,F
102444,35,21155,f,single,0,2,weekly,y,1,F
102744,63,21154,m,single,0,2,monthly,y,1,F
102053,47,21154,m,single,0,1,weekly,y,1,V
100859,36,21151,f,married,2,0,monthly,y,2,F
102145,30,21150,f,single,1,2,monthly,n,1,F
103544,27,21141,f,divsepwid,4,6,weekly,y,2,V
101321,33,21141,m,married,1,1,weekly,y,2,F
102490,37,21139,f,single,1,3,monthly,y,1,F
101992,76,21138,m,single,0,1,monthly,n,1,V
101009,41,36670,m,married,1,0,monthly,y,2,F
101012,31,21136,f,married,1,2,weekly,y,1,F
103745,20,21132,f,married,2,3,weekly,y,1,F
103449,29,21127,f,divsepwid,2,5,weekly,n,3,F
101908,33,21127,f,married,1,0,weekly,y,1,F
101887,43,21126,m,married,1,2,weekly,y,1,F
103033,33,21125,f,divsepwid,4,6,weekly,y,3,V
102600,77,21123,m,single,0,2,monthly,n,1,V
100868,36,21121,m,married,1,2,weekly,y,1,F
100979,57,21121,m,married,2,2,weekly,y,1,F
101429,23,21120,f,married,2,0,monthly,y,2,F
101760,38,21117,f,married,1,1,monthly,y,1,F
101184,29,21116,f,married,1,0,monthly,y,2,F
102593,58,21109,f,single,0,1,weekly,n,1,F
102626,34,21108,m,single,1,1,weekly,y,1,F
102775,64,21106,m,single,0,3,weekly,y,1,V
102652,50,21104,f,single,1,3,monthly,y,1,V
102175,32,21097,f,single,1,1,weekly,n,1,V
103125,27,21092,m,divsepwid,4,6,weekly,n,2,V
101875,30,21090,m,married,1,2,weekly,y,1,V
101307,35,21088,f,married,2,0,weekly,y,2,F
102017,49,21080,f,single,0,1,monthly,y,1,F
101758,39,21074,m,married,2,2,weekly,y,1,F
102035,53,21070,m,single,1,2,weekly,n,1,V
100882,66,21066,m,married,2,0,monthly,y,2,F
104089,39,21061,f,married,3,4,monthly,y,1,F
102778,28,21060,f,single,1,3,monthly,y,1,V
101344,45,21059,m,married,1,1,monthly,y,2,F
103607,81,21056,f,divsepwid,2,5,weekly,y,3,V
101776,54,21049,m,married,2,1,weekly,y,1,V
101300,43,21039,m,married,2,0,weekly,y,1,F
101029,29,21038,m,married,2,2,monthly,y,1,F
100822,36,21036,m,married,1,2,weekly,y,2,V
101919,24,21035,f,married,1,1,monthly,y,2,V
102478,26,21035,f,single,1,1,monthly,n,1,F
103684,45,21032,f,divsepwid,4,6,weekly,y,3,V
102055,22,21029,m,single,1,2,monthly,y,1,F
100978,34,21026,f,married,2,2,monthly,y,1,V
101855,26,21023,m,married,1,1,monthly,y,1,F
104019,27,21019,f,married,3,4,weekly,y,1,F
101909,40,21018,m,married,1,1,monthly,y,2,F
101284,30,21014,f,married,1,2,monthly,y,1,F
102783,24,21011,f,single,1,3,weekly,y,1,F
101720,32,21007,f,married,1,0,monthly,y,1,F
101764,24,21007,f,married,1,2,monthly,y,2,V
104018,62,21002,f,married,2,3,weekly,y,2,F
101917,51,20995,f,married,2,2,weekly,y,1,F
103284,50,20994,m,divsepwid,3,5,weekly,y,2,F
102009,29,20994,m,single,1,3,monthly,n,1,F
101332,46,20993,f,married,2,2,monthly,y,1,F
103913,42,20992,m,married,3,4,monthly,y,2,V
101179,30,20988,m,married,2,0,weekly,y,1,F
103438,38,20986,m,divsepwid,3,5,weekly,y,2,F
100834,23,20985,f,married,1,1,monthly,y,2,F
101450,27,20984,m,married,1,1,monthly,y,2,F
103879,37,20980,f,married,3,4,weekly,y,2,F
101882,33,20979,m,married,2,1,monthly,y,2,F
100861,44,20977,f,married,2,1,monthly,y,1,F
101338,30,20974,f,married,1,2,weekly,y,1,F
102049,34,20971,m,single,1,2,weekly,y,1,F
101730,38,20970,f,married,2,1,monthly,y,1,V
101154,29,20964,m,married,2,2,monthly,y,2,F
103618,34,20963,f,divsepwid,3,5,weekly,n,3,F
102747,42,20963,f,single,0,1,weekly,n,1,F
101151,69,20961,f,married,1,1,monthly,y,1,V
102022,29,20961,m,single,1,3,monthly,y,1,V
101463,33,20959,m,married,2,1,weekly,y,1,F
101312,54,20958,f,married,1,0,monthly,y,1,F
102610,60,20949,m,single,0,3,monthly,y,1,V
102041,47,20947,m,single,1,2,weekly,y,1,F
100980,59,20946,m,married,1,0,weekly,y,1,V
101470,29,20943,m,married,1,2,weekly,y,1,F
102772,57,20942,F,single,1,2,monthly,n,1,V
103109,51,20941,m,divsepwid,3,5,weekly,y,2,V
102353,27,20938,f,single,0,2,monthly,y,1,F
102284,34,20935,m,single,0,1,monthly,y,1,F
100996,21,20926,f,married,2,0,monthly,y,1,F
100869,41,20924,f,married,2,0,monthly,y,2,V
102656,56,20923,f,single,1,1,weekly,y,1,F
102472,32,20923,m,single,1,1,monthly,y,1,F
101778,28,20921,f,married,1,0,weekly,y,1,F
102475,27,20920,m,single,0,1,monthly,n,1,F
101615,38,20919,f,married,2,0,weekly,y,2,V
101008,47,20919,m,married,2,1,monthly,y,2,F
102488,70,20905,m,single,1,2,weekly,y,1,V
100968,20,20903,f,married,2,0,weekly,y,1,F
102489,66,20901,f,single,1,2,weekly,n,1,V
101595,41,20896,m,married,2,2,weekly,y,2,F
100883,55,20893,m,married,2,0,weekly,y,2,V
101122,50,20890,m,married,1,0,weekly,y,2,F
100884,39,20889,f,married,1,0,weekly,y,1,V
102161,39,20885,m,single,1,1,monthly,n,1,F
102879,44,20884,f,divsepwid,2,5,weekly,n,3,V
102957,35,20880,m,divsepwid,2,6,weekly,y,3,V
102357,36,20876,m,single,1,3,monthly,n,1,V
101126,48,20874,m,married,1,1,weekly,y,2,V
101993,29,20872,f,single,0,2,monthly,n,1,F
102758,57,20865,f,single,1,2,weekly,n,1,V
101913,55,20865,f,married,1,2,weekly,y,2,V
104016,33,20863,m,married,2,4,monthly,y,2,F
101740,48,45542,f,married,1,2,weekly,y,2,F
100832,46,20857,m,married,1,0,weekly,y,2,V
101732,32,20857,f,married,2,1,monthly,y,1,F
100974,50,20857,m,married,1,2,monthly,y,1,V
100847,68,20852,m,married,1,1,monthly,y,2,V
101306,58,22969,f,married,1,2,weekly,y,2,V
102439,24,20847,m,single,1,2,monthly,n,1,F
102288,46,20841,f,single,1,2,weekly,y,1,F
102763,54,20837,M,single,1,2,monthly,n,1,V
102309,31,20836,f,single,1,1,weekly,y,1,F
101281,57,20830,f,married,1,0,monthly,y,2,V
102185,30,20829,m,single,0,2,weekly,n,1,F
101617,35,20828,f,married,1,0,weekly,y,2,F
101914,30,20826,m,married,2,0,weekly,y,1,F
101731,29,20819,f,married,2,0,monthly,y,1,F
101727,44,20818,f,married,2,2,monthly,y,1,F
101779,25,20816,f,married,1,1,monthly,y,2,F
101302,36,20815,m,married,2,2,weekly,y,1,V
102495,44,20811,m,single,1,2,monthly,y,1,F
100844,30,20808,m,married,2,1,weekly,y,2,F
102958,62,20807,M,divsepwid,2,6,weekly,n,2,F
100992,37,20806,m,married,1,0,weekly,y,1,V
102458,73,20799,m,single,1,2,monthly,y,1,V
102767,24,20797,m,single,1,3,weekly,n,1,F
103877,45,20792,f,married,2,3,weekly,y,2,F
103280,42,20790,f,divsepwid,4,5,weekly,y,3,V
103753,34,35767,f,married,3,4,weekly,y,2,V
101423,39,39158,m,married,2,0,weekly,y,1,F
102187,48,20785,f,single,0,3,weekly,y,1,V
102460,51,20777,m,single,0,1,weekly,n,1,F
103978,37,20772,f,married,2,4,weekly,y,2,V
101331,45,20766,f,married,2,1,monthly,y,1,V
102003,29,20764,f,single,1,2,monthly,y,1,F
102470,52,20761,f,single,0,3,monthly,n,1,F
100989,67,20760,f,married,2,2,weekly,y,1,F
101420,53,20757,m,married,2,2,monthly,y,2,V
102015,30,40050,f,single,1,3,monthly,y,1,F
103541,28,20750,m,divsepwid,3,5,weekly,y,2,V
101287,85,20730,m,married,1,0,monthly,y,2,V
100872,65,20717,m,married,2,1,monthly,y,2,F
103198,51,20714,f,divsepwid,4,6,weekly,n,3,V
103034,69,20710,f,divsepwid,2,5,weekly,y,3,F
102655,39,20710,f,single,1,1,monthly,y,1,F
102190,51,20708,f,single,1,2,weekly,y,1,V
101912,61,20704,m,married,1,2,weekly,y,2,V
101891,35,20696,f,married,1,0,monthly,y,1,F
102168,46,20691,m,single,1,2,monthly,y,1,F
100960,58,20690,f,married,2,2,monthly,y,2,F
102742,27,20686,f,single,0,1,weekly,y,1,F
103454,34,20680,m,divsepwid,4,5,weekly,n,3,V
101866,58,20680,f,married,1,2,monthly,y,1,F
101582,42,20678,m,married,1,2,monthly,y,1,F
101605,40,20678,m,married,1,2,weekly,y,2,V
102642,38,20675,m,single,1,2,weekly,y,1,F
101144,60,20674,m,married,1,2,weekly,y,2,V
100815,28,20671,m,married,1,1,weekly,y,1,F
100837,33,20671,m,married,1,2,weekly,y,2,F
102331,25,20670,m,single,0,3,weekly,y,1,F
101604,35,20669,m,married,1,0,weekly,y,2,F
101483,41,20669,f,married,2,2,weekly,y,2,F
101466,22,20668,m,married,1,1,monthly,y,2,V
102770,29,20666,f,single,0,3,monthly,n,1,V
102210,42,20661,f,single,0,3,weekly,y,1,F
102338,46,20660,m,single,1,3,weekly,n,1,F
102007,76,20658,f,single,0,3,weekly,n,1,V
102622,49,20655,m,single,0,1,weekly,n,1,V
102615,37,20639,m,single,0,1,monthly,n,1,F
101140,41,20635,m,married,2,1,weekly,y,1,F
103842,41,20633,m,married,2,4,monthly,y,1,V
101588,33,20631,m,married,2,2,weekly,y,1,F
101459,43,20623,f,Married,1,0,monthly,y,2,V
103543,33,20622,f,divsepwid,3,6,weekly,n,3,F
103807,44,20621,m,married,2,4,weekly,y,2,F
102137,38,20619,m,single,0,2,weekly,y,1,V
102945,36,20617,m,divsepwid,2,5,weekly,n,3,F
103199,36,20609,f,divsepwid,2,5,weekly,y,2,V
102188,52,20608,m,single,1,1,monthly,y,1,F
103458,50,20602,f,divsepwid,4,6,weekly,n,3,F
100862,35,20602,m,married,2,1,weekly,y,1,F
101040,51,20599,f,married,2,1,monthly,y,1,F
103200,38,20594,f,divsepwid,2,5,weekly,y,3,V
101721,38,20592,f,married,1,0,monthly,y,2,F
102036,33,20589,m,single,1,3,monthly,y,1,F
103752,72,20588,m,married,3,4,weekly,y,2,V
102788,69,20588,m,single,0,3,weekly,y,1,V
102786,31,20587,m,single,1,1,monthly,n,1,F
101308,35,20586,f,married,2,1,weekly,y,1,F
101765,45,20586,f,married,1,2,weekly,y,1,F
101313,48,20581,m,married,1,1,weekly,y,1,F
101589,28,20580,m,married,1,0,monthly,y,2,V
103950,29,20579,f,married,2,3,weekly,y,1,F
104086,18,20572,f,married,2,4,weekly,y,1,F
102452,48,20570,m,single,0,3,monthly,y,1,F
102743,24,20568,m,single,0,1,weekly,n,1,V
101915,31,20568,m,married,2,1,weekly,y,1,F
100845,54,20568,m,married,2,1,weekly,y,2,F
102056,53,20564,f,single,1,2,weekly,n,1,F
103747,70,20563,f,married,3,4,weekly,y,2,V
102623,81,20559,f,single,0,2,weekly,n,1,V
102485,85,20559,f,single,0,1,weekly,n,1,V
101349,34,20558,f,married,1,2,weekly,y,1,F
102631,32,20555,m,single,1,3,monthly,n,1,F
101485,46,20555,m,married,1,0,monthly,y,1,F
101019,25,20546,m,married,1,2,weekly,y,1,V
102328,36,20542,m,single,0,1,weekly,y,1,F
100991,41,20541,m,married,1,0,weekly,y,2,V
103537,47,20536,f,divsepwid,4,5,weekly,y,2,F
101172,49,20536,f,married,1,0,monthly,y,2,F
102335,35,20536,m,single,1,1,monthly,n,1,F
102620,26,20535,m,single,1,3,weekly,y,1,F
102483,27,20533,m,single,0,1,monthly,y,1,F
102793,21,20528,f,single,1,3,weekly,y,1,F
102451,32,20526,m,single,0,2,monthly,y,1,F
101032,25,20522,f,married,1,0,monthly,y,2,F
100838,33,20521,f,married,2,0,monthly,y,2,F
102005,45,20514,f,single,0,2,monthly,y,1,V
100854,26,20510,f,married,1,0,weekly,y,1,F
102305,40,20509,f,single,1,2,monthly,n,1,F
101442,35,20508,m,married,1,1,weekly,y,2,F
101325,44,20502,f,married,1,0,monthly,y,2,V
103450,49,20501,m,divsepwid,3,5,weekly,y,3,V
102594,35,20497,m,single,0,2,monthly,y,1,F
101195,39,20497,m,married,2,0,weekly,y,2,V
100986,35,20497,f,married,2,1,weekly,y,1,F
103038,33,20495,f,divsepwid,4,5,weekly,y,2,V
101618,31,20495,f,married,1,1,weekly,y,2,F
102459,47,20486,f,single,1,2,monthly,y,1,F
102956,65,20482,f,divsepwid,2,5,weekly,n,2,V
101896,61,20480,m,married,2,2,monthly,y,1,F
102875,25,20478,m,divsepwid,4,5,weekly,n,2,F
101171,64,20478,m,married,2,2,weekly,y,1,F
102347,28,20477,f,single,0,2,weekly,y,1,F
102789,41,20473,M,single,1,1,weekly,n,1,V
103533,44,20472,f,divsepwid,2,5,weekly,n,2,F
100956,24,20468,f,married,1,2,weekly,y,1,F
102050,37,20467,m,single,1,3,weekly,y,1,F
101755,66,20463,f,married,2,1,weekly,y,1,F
102492,20,20459,f,single,1,3,weekly,n,1,V
101623,85,20456,m,married,2,2,weekly,y,2,V
102178,21,20453,m,single,0,2,monthly,n,1,F
101160,44,20453,m,married,1,2,weekly,y,1,V
103437,24,20452,F,divsepwid,2,5,weekly,y,2,F
103845,46,20452,m,married,3,3,weekly,y,1,V
101288,60,20448,m,married,1,0,weekly,y,2,F
101159,53,20444,f,married,1,2,monthly,y,1,F
101425,57,20444,f,married,2,1,monthly,y,2,V
102016,35,20443,f,single,1,3,weekly,y,1,F
103780,24,20439,f,married,2,4,monthly,y,2,F
101437,66,20438,m,married,2,2,monthly,y,2,F
101201,85,20436,m,married,2,0,monthly,y,1,F
101418,41,23703,f,married,1,2,weekly,y,1,F
101612,34,20430,f,married,2,1,weekly,y,1,F
100976,30,20427,f,married,2,0,monthly,y,2,F
102596,52,20423,m,single,0,2,weekly,y,1,F
103193,58,20422,f,divsepwid,2,6,weekly,n,3,V
101161,34,20419,m,married,1,2,weekly,y,2,F
102619,72,20418,f,single,1,2,monthly,n,1,V
100997,50,20417,m,married,2,0,weekly,y,1,F
101337,40,20417,m,married,1,2,weekly,y,1,V
101422,44,20410,m,married,2,0,monthly,y,2,F
103117,28,20407,m,divsepwid,3,5,weekly,n,2,V
101591,52,20405,f,married,1,2,monthly,y,2,F
102782,28,20396,m,single,1,2,weekly,n,1,F
102207,33,30355,m,single,0,2,monthly,y,1,F
101013,38,20392,f,married,2,0,weekly,y,2,V
101995,81,20385,m,single,1,1,weekly,y,1,V
103201,43,20383,m,divsepwid,2,5,weekly,n,2,F
101015,29,20380,f,married,2,1,monthly,y,2,F
101416,44,20377,m,married,1,1,monthly,y,1,F
101419,49,20376,m,married,2,2,monthly,y,2,V
101318,62,20375,m,married,2,1,monthly,y,1,F
103114,39,20374,f,divsepwid,4,6,weekly,n,3,F
101443,30,20371,f,married,2,0,monthly,y,2,V
101445,85,20370,f,married,2,2,monthly,y,2,V
103610,44,20364,m,divsepwid,2,6,weekly,y,2,F
102300,29,20363,f,single,0,1,monthly,y,1,F
102753,39,20362,f,single,0,3,monthly,y,1,F
101775,33,39875,f,married,2,1,weekly,y,2,F
102602,64,20360,m,single,1,1,monthly,y,1,V
103448,49,20359,m,divsepwid,4,6,weekly,n,2,V
101310,35,20358,m,married,2,1,weekly,y,2,V
101427,58,20356,m,married,1,2,monthly,y,1,V
100849,38,20355,f,married,2,0,weekly,y,2,V
102165,38,20349,m,single,1,3,weekly,y,1,F
102197,30,20339,f,single,0,1,weekly,n,1,F
102768,30,20333,f,single,0,1,weekly,y,1,F
102038,85,20326,m,single,0,2,weekly,y,1,V
102632,57,20323,f,single,1,3,weekly,y,1,F
102438,22,20323,f,single,1,1,monthly,y,1,F
101155,28,20322,f,married,1,0,monthly,y,1,F
101348,26,20314,f,married,2,1,monthly,y,1,F
102469,40,20312,f,single,0,1,monthly,n,1,F
103614,34,20310,f,divsepwid,2,5,weekly,n,2,F
102192,70,20310,m,single,0,1,weekly,n,1,F
103539,35,20308,f,divsepwid,4,6,weekly,y,3,F
103285,83,20305,f,divsepwid,4,5,weekly,n,3,V
103844,38,20300,m,married,3,4,monthly,y,1,V
101340,85,20299,m,married,2,0,weekly,y,2,V
103362,36,20297,f,divsepwid,4,5,weekly,n,3,F
103115,37,20294,f,divsepwid,4,6,weekly,n,3,V
101922,56,20292,f,married,2,1,weekly,y,2,V
102780,53,20289,m,single,1,1,monthly,y,1,F
102343,25,20287,m,single,1,2,monthly,n,1,F
100966,40,20287,m,married,1,0,monthly,y,2,F
101303,34,20281,m,married,2,2,weekly,y,2,F
102158,33,20276,f,single,0,1,monthly,n,1,F
101456,40,20274,f,married,2,2,weekly,y,1,F
102648,35,20270,m,single,0,3,monthly,n,1,V
104083,42,20269,m,married,2,4,weekly,y,1,F
101346,28,20266,m,married,2,0,weekly,y,1,V
103207,24,20265,f,divsepwid,4,5,weekly,n,2,F
103456,57,20254,f,divsepwid,4,5,weekly,n,2,V
100840,61,23081,f,married,1,0,weekly,y,1,F
101125,56,20252,f,married,1,1,weekly,y,2,V
101722,40,20250,m,married,1,0,weekly,y,2,V
102625,34,20246,f,single,0,3,weekly,n,1,F
102796,31,20242,m,single,1,1,weekly,n,1,F
101453,29,20241,m,married,2,1,weekly,y,1,V
101874,38,20240,f,married,1,1,weekly,y,2,F
102316,61,20238,m,single,0,2,weekly,y,1,V
101170,30,20238,m,married,2,2,monthly,y,1,F
104085,61,20236,f,married,3,3,weekly,y,1,V
101444,24,20228,m,married,2,1,monthly,y,1,F
102598,43,20208,f,single,1,2,monthly,n,1,F
101330,46,20198,m,married,2,0,weekly,y,1,F
101901,32,20195,f,married,2,2,monthly,y,2,F
103192,27,20194,m,divsepwid,2,6,weekly,y,3,F
102643,54,20194,f,single,1,2,weekly,n,1,V
100987,40,20191,m,married,2,2,monthly,y,2,F
101190,85,20187,f,married,2,1,monthly,y,2,V
102012,61,20186,m,single,0,3,monthly,y,1,F
103194,61,20184,m,divsepwid,3,6,weekly,y,3,V
101725,20,20183,f,married,2,1,weekly,y,2,F
101478,31,20175,m,married,1,2,weekly,y,1,F
102755,26,20175,f,single,1,1,weekly,y,1,V
102047,21,20175,f,single,0,3,monthly,n,1,V
102609,39,20173,f,single,0,2,weekly,n,1,F
102194,54,20167,f,single,1,2,monthly,y,1,F
101343,28,20166,f,married,2,2,weekly,y,2,V
103208,21,20163,f,divsepwid,4,5,weekly,n,2,V
102340,29,20161,f,single,0,1,monthly,n,1,F
102637,37,25010,m,single,1,3,monthly,y,1,F
101579,36,20158,m,married,1,0,weekly,y,2,F
101751,39,20153,f,married,1,1,weekly,y,1,F
103873,46,20150,m,married,2,4,monthly,y,1,F
102592,39,20146,m,single,0,1,weekly,y,1,F
101168,55,20144,f,married,2,1,monthly,y,1,F
101884,28,20137,f,married,1,0,weekly,y,1,F
101472,35,20137,m,married,2,1,monthly,y,1,F
102601,49,20135,m,single,0,2,weekly,n,1,F
102463,44,20135,m,single,1,3,monthly,y,1,F
101768,79,20134,m,married,2,1,monthly,y,2,V
103777,28,20117,f,married,2,3,monthly,y,2,F
103110,49,20116,f,divsepwid,3,6,weekly,n,2,V
102315,31,20107,f,single,0,2,monthly,n,1,F
102882,30,27074,m,divsepwid,2,6,weekly,n,2,V
102667,59,20104,m,single,1,3,weekly,n,1,V
101756,39,20098,f,married,2,1,weekly,y,2,F
101920,43,20097,f,married,1,2,weekly,y,1,V
101326,32,20097,f,married,1,0,monthly,y,2,V
103536,33,20096,f,divsepwid,3,6,weekly,n,3,V
102349,24,20084,m,single,1,2,monthly,y,1,F
103613,42,20082,m,divsepwid,4,6,weekly,n,2,F
103123,27,20080,m,div,4,5,weekly,n,3,V
102307,37,20075,m,single,1,3,monthly,n,1,V
103360,55,20069,f,div,3,6,weekly,n,3,F
103535,22,20066,m,divsepwid,3,5,weekly,y,2,V
102662,85,20063,m,single,0,2,weekly,n,1,V
102010,30,20063,m,single,0,1,monthly,y,1,F
101446,38,20055,f,married,2,2,weekly,y,1,V
100863,43,20052,m,married,1,0,monthly,y,1,F
102169,30,20043,f,single,1,3,weekly,n,1,F
101350,33,20041,m,married,2,2,monthly,y,1,F
102774,60,20040,f,single,0,2,monthly,n,1,V
101633,52,20026,m,married,2,0,monthly,y,2,V
101723,36,20024,f,married,1,1,monthly,y,1,F
102650,39,20022,f,single,1,1,monthly,y,1,F
102878,41,20021,f,divsepwid,4,6,weekly,n,2,F
101424,48,20019,m,married,2,0,weekly,y,2,V
103367,50,20013,f,divsepwid,3,6,weekly,y,2,F
103203,49,29159,M,divsepwid,2,5,weekly,n,2,F
102617,34,20002,m,single,0,2,weekly,n,1,F
104082,41,20000,m,married,3,4,monthly,y,1,V
102428,57,19990,f,single,0,1,monthly,n,1,V
103352,85,19950,m,divsepwid,4,6,weekly,n,2,V
102870,40,19945,f,divsepwid,2,6,weekly,y,2,V
102129,32,19876,f,single,0,2,weekly,n,1,F
103601,29,19863,f,divsepwid,2,5,weekly,n,3,F
100808,49,19847,f,married,2,0,weekly,y,2,V
102589,23,19811,f,single,1,3,monthly,n,1,V
102279,50,19809,m,single,0,3,monthly,y,1,F
103020,50,19779,f,divsepwid,2,5,weekly,n,3,V
103680,33,19767,m,divsepwid,4,6,weekly,y,3,V
103775,43,19705,m,married,2,4,monthly,y,2,F
103027,36,19697,f,divsepwid,4,5,weekly,n,3,V
103838,25,19696,f,married,3,3,weekly,y,2,V
103351,48,19688,m,divsepwid,4,6,weekly,y,2,V
101714,46,19683,m,married,2,2,monthly,y,1,F
101276,33,19640,f,married,1,1,weekly,y,1,F
103191,85,19624,m,divsepwid,4,6,weekly,n,3,V
101572,39,19617,f,married,1,2,monthly,y,1,F
103675,22,19606,m,divsepwid,2,6,weekly,y,2,F
103836,59,19599,f,married,2,3,monthly,y,2,F
103346,53,19584,f,divsepwid,2,6,weekly,n,2,F
103186,56,19543,f,divsepwid,4,5,weekly,y,2,V
100950,28,19519,f,married,1,2,monthly,y,1,F
101710,42,19511,f,married,1,2,weekly,y,1,F
103025,39,19457,m,divsepwid,3,5,weekly,y,3,V
103523,37,19380,f,divsepwid,2,5,weekly,n,2,F
103530,65,19373,f,divsepwid,4,6,weekly,y,3,V
102936,39,19343,f,divsepwid,3,5,weekly,n,2,V
103434,34,19319,m,divsepwid,4,6,weekly,y,2,F
102586,34,19307,m,single,1,2,monthly,n,1,F
104081,27,19288,f,married,2,4,monthly,y,1,F
102130,41,19238,f,single,0,2,weekly,n,1,F
101986,68,19197,m,single,1,1,monthly,y,1,F
101985,35,19195,M,single,0,3,weekly,n,1,F
102127,43,19168,f,single,0,1,monthly,y,1,V
101854,36,19142,f,married,2,0,weekly,y,2,F
100946,38,19122,m,married,1,0,monthly,y,1,F
101409,54,19109,m,married,1,0,monthly,y,2,F
103673,27,19077,m,divsepwid,2,5,weekly,n,2,F
100803,24,26199,f,married,1,0,weekly,y,1,V
103743,59,34738,f,married,3,4,monthly,y,1,V
101127,32,18999,m,married,1,2,monthly,y,2,F
101054,34,18999,m,married,1,1,weekly,y,2,F
101542,85,18997,f,married,2,2,monthly,y,2,V
103876,53,18992,f,married,2,3,weekly,y,1,F
103813,29,18981,m,married,3,4,monthly,y,2,V
100839,61,18977,F,married,2,2,monthly,y,1,F
101002,53,18976,f,married,1,1,weekly,y,1,F
102060,18,18974,f,single,0,1,weekly,y,1,F
101502,41,18971,m,married,2,1,weekly,y,1,F
102522,27,18967,m,single,1,1,monthly,y,1,V
103282,38,37767,m,divsepwid,2,6,weekly,n,3,F
103118,85,18958,m,divsepwid,3,5,weekly,n,3,V
101267,55,18953,m,married,2,0,weekly,y,2,V
101594,58,18952,m,married,2,1,weekly,y,1,F
103525,37,18947,m,divsepwid,2,6,weekly,n,3,F
103103,58,18947,f,divsepwid,2,6,weekly,n,2,V
101586,30,18943,m,married,2,0,weekly,y,1,F
101074,41,18943,f,married,2,1,monthly,y,1,F
102508,54,18940,f,single,1,1,weekly,n,1,F
101946,53,18914,f,married,1,2,monthly,y,2,V
103433,24,18903,f,divsepwid,4,5,weekly,n,3,F
101550,81,18898,f,married,2,2,monthly,y,2,V
101468,28,18889,f,married,1,1,weekly,y,2,F
103606,85,18885,m,divsepwid,4,6,weekly,y,3,V
102276,55,18881,m,single,1,3,monthly,y,1,V
101592,53,18878,m,married,1,2,weekly,y,1,F
103871,29,18863,m,married,2,3,weekly,y,1,F
103718,33,18860,m,divsepwid,4,6,weekly,y,2,V
101853,78,18856,f,married,1,2,weekly,y,2,V
100965,73,18856,f,married,2,2,weekly,y,1,V
102356,37,18853,m,single,1,3,monthly,y,1,F
102147,36,18846,m,single,0,2,monthly,n,1,F
101406,36,18815,f,married,1,0,monthly,y,2,V
102647,61,18812,f,single,0,3,monthly,n,1,V
102034,58,18811,f,single,1,2,weekly,y,1,V
103914,45,18810,m,married,3,3,monthly,y,1,V
103181,41,18791,f,divsepwid,2,6,weekly,n,3,F
101741,37,18787,f,married,2,0,monthly,y,2,V
102155,85,18787,f,single,0,3,monthly,n,1,V
101481,25,18785,m,married,2,1,weekly,y,2,F
103837,34,18774,f,married,3,4,monthly,y,2,V
102430,44,18771,m,single,1,2,weekly,n,1,F
100958,24,18760,m,married,2,1,monthly,y,1,F
101988,32,18759,m,single,1,1,weekly,y,1,F
101538,85,18755,m,married,2,1,monthly,y,1,F
104026,56,18749,m,married,2,3,monthly,y,1,V
102587,32,18749,f,single,1,2,weekly,n,1,F
102621,32,18745,m,single,0,1,monthly,n,1,F
101006,25,18734,m,married,2,0,weekly,y,2,V
101931,33,18730,f,married,1,0,monthly,y,1,F
102273,49,18719,m,single,0,3,monthly,y,1,V
102144,45,18712,m,single,1,1,weekly,y,1,F
102108,34,18706,f,single,0,1,monthly,y,1,F
103640,28,18704,f,divsepwid,4,5,weekly,y,2,V
101530,37,18701,m,married,2,2,monthly,y,1,F
102791,36,18698,f,single,0,3,monthly,n,1,V
102378,53,18685,f,single,0,3,monthly,y,1,V
103120,43,18684,f,divsepwid,3,6,weekly,n,3,F
102183,41,18684,f,single,1,3,monthly,n,1,V
102749,63,18680,f,single,0,3,weekly,n,1,F
103522,73,18677,f,divsepwid,2,5,weekly,y,3,V
101762,45,18672,f,married,1,1,weekly,y,2,F
103633,46,18664,f,divsepwid,3,5,weekly,y,3,V
103804,37,18659,f,married,3,4,monthly,y,1,F
101205,29,18658,m,married,1,2,monthly,y,2,V
102075,55,18654,f,single,0,1,weekly,y,1,F
101925,51,18651,m,married,1,0,weekly,y,2,V
102641,39,18638,f,single,1,2,monthly,n,1,V
102426,43,18629,m,single,0,1,monthly,y,1,V
103566,61,18628,m,divsepwid,4,6,weekly,y,2,V
103112,66,18625,m,divsepwid,4,5,weekly,n,2,V
103209,20,18621,m,divsepwid,4,6,weekly,n,2,V
102701,31,18619,f,single,0,3,weekly,y,1,F
103308,39,18616,f,divsepwid,3,5,weekly,n,3,F
101023,27,18613,F,married,1,0,weekly,y,2,F
102365,43,18613,F,single,1,1,monthly,n,1,F
100831,32,18599,f,married,1,0,monthly,y,2,F
104048,44,18586,m,married,2,4,weekly,y,2,F
102131,32,28814,f,single,0,3,weekly,y,1,F
102553,32,18581,m,single,1,1,weekly,y,1,F
103058,44,18577,m,divsepwid,4,5,weekly,n,3,V
103190,56,18576,m,divsepwid,4,6,weekly,n,2,V
100896,50,18573,f,married,1,0,monthly,y,1,F
102170,39,18569,m,single,0,1,weekly,n,1,F
101978,22,18564,f,married,1,1,monthly,y,1,F
101943,32,18563,m,married,1,2,weekly,y,2,F
102709,31,18560,m,single,0,3,weekly,n,1,V
101131,52,18559,f,married,2,1,monthly,y,2,F
101387,42,18559,m,married,2,1,monthly,y,2,V
102591,42,18557,f,single,1,3,weekly,y,1,V
101537,29,18547,m,married,2,0,weekly,y,1,F
101507,67,18546,f,married,2,0,weekly,y,1,V
101058,42,18546,f,married,2,2,monthly,y,2,V
102375,29,18541,m,single,0,1,monthly,y,1,F
101705,30,18532,f,married,1,0,weekly,y,2,V
102973,44,18531,m,divsepwid,2,5,weekly,y,3,V
100915,29,18530,m,married,1,2,weekly,y,1,F
103686,31,18506,f,divsepwid,2,5,weekly,y,2,V
101625,27,18502,f,married,1,1,monthly,y,2,F
101143,52,18495,f,married,1,1,weekly,y,2,V
102163,29,18492,f,single,1,2,monthly,y,1,F
101598,72,18489,m,married,1,1,weekly,y,2,V
103822,47,18488,m,married,2,4,monthly,y,2,V
100904,27,18482,m,married,1,2,weekly,y,1,F
101412,49,18477,m,married,1,1,weekly,y,1,F
101729,67,18466,m,married,2,0,monthly,y,2,V
101323,38,18456,f,married,2,0,weekly,y,1,F
102633,71,18451,f,single,0,3,monthly,n,1,V
102779,47,18450,f,single,0,2,weekly,y,1,F
101849,32,18450,f,married,2,0,weekly,y,2,F
102413,85,18444,f,single,0,3,weekly,y,1,F
103311,25,18443,f,divsepwid,4,6,weekly,n,2,F
103761,35,18441,f,married,2,3,weekly,y,1,F
102898,39,18434,f,divsepwid,4,5,weekly,n,3,F
103307,83,18427,m,divsepwid,3,5,weekly,y,2,V
102847,52,18427,m,single,1,3,monthly,y,1,F
103604,49,18412,m,divsepwid,4,5,weekly,y,3,V
102900,30,18407,f,divsepwid,2,6,weekly,n,2,F
103986,38,18401,f,married,3,4,weekly,y,1,F
103579,32,18396,m,divsepwid,4,5,weekly,y,2,V
101573,48,18387,f,married,1,2,monthly,y,2,V
103812,62,18369,f,married,2,4,weekly,y,1,V
101435,85,18362,f,married,2,1,weekly,y,2,V
103459,33,18351,m,divsepwid,2,5,weekly,y,2,F
102828,25,18350,m,single,1,1,weekly,n,1,F
104009,35,18342,m,Married,2,4,weekly,y,1,F
101834,59,18331,F,married,2,2,monthly,y,1,V
103104,29,18329,f,divsepwid,3,5,weekly,n,2,F
101103,39,18329,f,married,1,0,monthly,y,2,V
101327,49,18322,m,married,1,1,monthly,y,2,V
100982,33,18319,m,married,1,1,weekly,y,1,V
103990,43,18305,m,married,2,4,weekly,y,2,F
102054,28,18302,f,single,0,1,weekly,n,1,F
103755,64,18298,m,married,2,4,weekly,y,1,F
101086,36,18298,f,married,1,1,monthly,y,2,V
103183,42,18291,f,divsepwid,3,5,weekly,n,3,V
102697,22,18287,m,single,0,3,monthly,n,1,F
103609,27,18284,m,divsepwid,2,6,weekly,y,2,V
103709,58,18283,f,divsepwid,4,6,weekly,y,2,V
103049,33,18282,f,divsepwid,3,6,weekly,y,2,V
101629,29,18279,f,married,1,2,monthly,y,2,F
100924,24,18279,f,married,1,2,monthly,y,2,F
101275,64,18265,m,married,1,1,monthly,y,1,F
102756,51,18265,f,single,1,1,weekly,n,1,V
101811,50,18265,f,married,1,2,monthly,y,1,F
103967,75,18260,f,married,3,4,monthly,y,1,V
103678,35,18257,m,divsepwid,3,5,weekly,y,2,V
103605,25,18257,m,divsepwid,4,6,weekly,y,3,F
103363,40,18242,f,divsepwid,4,6,weekly,y,3,V
103672,82,18231,f,divsepwid,2,5,weekly,y,2,V
102759,40,18228,f,single,1,3,monthly,n,1,F
103309,62,18222,m,divsepwid,3,6,weekly,y,2,F
101957,25,18221,m,married,2,2,monthly,y,2,V
103349,30,18217,m,divsepwid,3,6,weekly,n,2,F
103460,56,33185,m,divsepwid,2,5,weekly,y,2,F
101844,42,18211,m,Married,1,0,weekly,y,2,F
103961,38,18202,f,married,2,3,weekly,y,2,F
102020,61,18188,m,single,0,3,monthly,n,1,V
101202,56,18185,m,married,2,1,weekly,y,2,V
103180,42,18179,m,divsepwid,2,6,weekly,y,2,F
102843,20,18179,m,single,0,2,weekly,n,1,V
101439,39,18162,f,married,1,0,monthly,y,1,F
102171,46,18161,f,single,0,2,weekly,y,1,F
102871,22,18156,f,divsepwid,4,6,weekly,n,3,F
101369,46,18153,f,married,2,0,monthly,y,1,F
102097,62,18151,m,single,1,2,weekly,y,1,V
101254,39,18148,m,married,2,1,monthly,y,2,V
103184,28,18147,m,divsepwid,3,5,weekly,n,3,F
102263,20,18145,f,single,0,3,weekly,y,1,F
101976,46,18143,m,married,1,0,weekly,y,2,V
102869,23,18137,m,divsepwid,2,5,weekly,n,3,F
101050,50,18135,f,married,2,1,weekly,y,1,F
102834,80,18134,f,single,1,2,monthly,n,1,V
101351,30,18129,f,married,1,1,weekly,y,2,F
102745,36,18126,m,single,1,2,weekly,y,1,V
103305,82,18120,f,divsepwid,4,5,weekly,n,2,V
101991,41,18118,f,single,1,2,weekly,n,1,F
102974,33,18110,m,divsepwid,2,5,weekly,n,2,F
102037,59,18110,m,single,1,3,monthly,n,1,F
101315,34,18108,m,married,1,2,weekly,y,1,F
101713,30,18105,f,married,2,1,weekly,y,2,V
101933,50,18105,m,married,1,1,weekly,y,2,F
102907,61,18103,f,divsepwid,3,5,weekly,y,2,V
102423,30,18099,f,single,1,2,weekly,y,1,F
102146,43,18084,m,single,0,1,weekly,n,1,F
101101,37,18082,m,married,2,0,weekly,y,2,V
101984,39,18072,f,single,0,1,monthly,n,1,F
101505,28,18069,f,married,1,2,monthly,y,1,F
101474,51,18062,f,married,1,0,monthly,y,1,V
102143,72,18052,m,single,1,1,monthly,y,1,V
102853,29,18050,f,single,1,1,monthly,n,1,F
103872,51,18031,m,married,3,3,weekly,y,2,V
103870,58,18025,f,married,2,4,monthly,y,1,F
103028,42,18023,m,divsepwid,4,6,weekly,y,2,V
103639,50,18019,m,divsepwid,3,6,weekly,y,2,V
100856,31,18014,f,married,1,1,monthly,y,2,F
102539,70,18013,f,single,0,3,monthly,y,1,V
103368,61,18012,m,divsepwid,3,6,weekly,y,2,V
101973,64,18012,f,married,2,0,weekly,y,1,F
101745,26,32942,m,married,1,0,weekly,y,2,F
101227,48,18005,f,married,1,0,weekly,y,2,V
101610,31,17999,f,married,1,2,monthly,y,1,F
103455,73,17989,f,divsepwid,4,5,weekly,n,3,F
103277,30,17982,f,divsepwid,2,6,weekly,y,2,F
101907,43,17979,m,married,1,0,monthly,y,1,F
101385,21,17978,m,married,1,2,weekly,y,2,V
103776,43,17977,f,married,3,3,weekly,y,2,V
103540,26,17975,f,divsepwid,4,6,weekly,n,2,F
103976,49,17971,f,married,3,4,monthly,y,2,V
103189,37,17969,f,divsepwid,4,6,weekly,n,2,V
103619,34,17962,m,divsepwid,3,6,weekly,y,3,F
102093,74,17957,f,single,0,1,weekly,y,1,V
101294,85,17955,f,married,1,2,weekly,y,1,V
102738,24,17946,f,single,1,3,monthly,n,1,F
100961,35,17943,m,married,1,0,weekly,y,1,F
103712,54,17942,m,divsepwid,2,5,weekly,n,2,F
102228,45,17930,f,single,0,3,monthly,y,1,F
102360,53,17926,f,single,0,1,weekly,y,1,F
101492,38,17921,f,married,2,1,weekly,y,1,F
101191,62,17921,m,married,2,1,weekly,y,1,V
102096,42,17921,m,single,1,2,weekly,y,1,F
102450,46,17917,m,single,0,1,monthly,y,1,F
102382,26,17917,m,single,1,1,weekly,y,1,F
104013,41,17916,f,married,3,4,monthly,y,2,F
103188,55,17906,m,divsepwid,4,6,weekly,y,3,V
100825,44,17905,m,married,1,0,weekly,y,2,V
103742,41,17892,m,married,3,4,weekly,y,2,V
102106,48,17892,m,single,1,2,weekly,n,1,V
101724,42,17891,f,married,1,1,weekly,y,2,F
102909,39,17888,f,divsepwid,3,6,weekly,y,3,V
102800,55,17886,m,single,1,1,weekly,y,1,V
103602,38,17875,m,div,3,5,weekly,y,3,F
104031,26,17864,f,married,3,3,weekly,y,1,V
103529,72,17862,f,divsepwid,4,5,weekly,n,2,F
102934,32,17862,m,divsepwid,2,6,weekly,y,3,V
101916,24,17858,f,married,2,2,monthly,y,1,F
102792,50,17854,f,single,1,2,weekly,y,1,F
102612,76,17845,f,single,1,1,weekly,y,1,V
103396,50,17843,f,divsepwid,2,6,weekly,n,3,V
100917,67,17839,f,married,2,0,monthly,y,1,V
101850,29,17838,m,married,2,0,weekly,y,2,V
101822,26,17838,f,married,2,0,weekly,y,2,F
101274,35,17835,f,married,1,1,monthly,y,1,F
101119,60,17830,m,married,2,2,monthly,y,2,V
102467,49,17830,m,single,1,1,weekly,n,1,F
101851,50,17830,m,married,2,1,weekly,y,2,F
101606,41,17824,f,married,2,2,monthly,y,2,F
100894,35,17823,m,married,2,1,monthly,y,1,F
104093,42,17821,f,married,3,3,monthly,y,1,F
102231,37,17817,f,single,0,3,weekly,y,1,F
102381,34,17810,m,single,1,1,weekly,y,1,F
100864,46,17795,f,married,1,1,weekly,y,1,F
101514,36,17794,f,married,1,2,monthly,y,2,V
103272,44,17791,f,divsepwid,4,5,weekly,n,2,F
102320,22,17785,f,single,0,1,monthly,y,1,F
103126,42,17780,m,divsepwid,4,6,weekly,n,3,V
102675,36,17776,f,single,0,1,weekly,n,1,F
102409,69,19549,f,single,0,1,weekly,y,1,V
102925,24,17768,m,divsepwid,4,6,weekly,y,2,V
101044,41,17766,f,married,1,1,monthly,y,1,F
101847,55,17755,f,married,1,2,weekly,y,2,F
102510,38,17753,f,single,1,3,monthly,y,1,F
103563,35,17747,m,divsepwid,2,6,weekly,n,3,F
102865,55,21492,f,single,0,3,weekly,n,1,V
102937,48,17729,f,divsepwid,4,5,weekly,y,2,V
101005,50,17722,m,married,2,0,monthly,y,1,F
101820,34,17722,f,married,1,2,monthly,y,1,F
101280,33,17707,f,married,2,2,monthly,y,1,F
102408,44,17706,m,single,1,3,weekly,n,1,V
104010,57,17705,m,married,2,3,weekly,y,2,F
102388,25,17704,m,single,1,1,monthly,y,1,F
102139,38,17700,f,single,0,3,monthly,n,1,F
103138,33,17698,f,divsepwid,4,6,weekly,y,2,V
103805,40,17697,m,married,3,3,monthly,y,2,F
102071,53,17692,m,single,1,2,monthly,y,1,V
101104,30,17691,f,married,1,0,weekly,y,2,F
101880,50,17687,m,married,2,0,monthly,y,1,F
100914,34,17686,f,married,1,2,monthly,y,2,F
102517,61,17681,m,single,1,1,monthly,y,1,V
103026,30,17680,f,divsepwid,4,5,weekly,y,2,V
101413,57,17680,f,married,1,1,weekly,y,2,V
102250,26,17671,m,single,1,2,monthly,n,1,F
101704,43,17661,m,married,1,0,weekly,y,2,V
102739,51,17658,f,single,1,3,monthly,n,1,V
103107,30,17653,f,divsepwid,4,6,weekly,y,3,V
103839,21,17641,f,married,2,4,weekly,y,1,V
101231,34,17634,f,married,1,2,weekly,y,1,F
100889,40,17624,m,married,1,0,weekly,y,2,V
102025,35,17619,f,single,0,3,monthly,n,1,V
103849,32,17615,f,married,3,4,weekly,y,2,V
101099,55,17611,f,married,1,2,weekly,y,2,F
103105,63,17602,f,div,4,5,weekly,y,3,V
102310,62,17599,f,single,1,1,weekly,n,1,V
101873,47,17584,f,married,1,1,weekly,y,2,F
103082,50,17580,m,divsepwid,3,6,weekly,n,2,F
102733,29,17572,m,single,0,1,monthly,n,1,V
102752,39,17570,f,single,1,3,monthly,y,1,F
102068,41,17570,f,single,0,3,monthly,n,1,F
103347,44,17567,f,divsepwid,2,6,weekly,n,2,F
102781,44,17567,m,single,1,2,weekly,y,1,V
102897,40,17562,f,divsepwid,4,5,weekly,y,2,V
104084,47,17560,m,married,2,3,weekly,y,2,F
102314,43,17548,m,single,0,2,monthly,n,1,F
102760,43,17535,m,single,1,3,weekly,n,1,F
102160,31,17527,m,single,0,2,weekly,n,1,F
102048,27,17526,f,single,1,1,monthly,n,1,V
103435,44,17524,f,divsepwid,4,6,weekly,y,2,V
103388,34,17524,m,divsepwid,2,6,weekly,n,3,V
101411,31,17512,m,married,1,1,monthly,y,1,F
102422,51,17512,m,single,1,1,weekly,y,1,F
103024,39,17511,f,divsepwid,2,6,weekly,n,3,F
101994,68,17508,f,single,0,2,weekly,y,1,F
101977,49,17506,m,married,1,1,monthly,y,1,V
101296,30,17496,f,married,2,2,monthly,y,2,F
102614,52,17495,f,single,1,3,weekly,y,1,F
103811,46,17492,m,married,3,4,monthly,y,1,F
102884,30,17489,m,divsepwid,4,5,weekly,n,2,F
102128,33,17479,m,single,0,2,weekly,y,1,V
103758,51,17478,m,married,3,3,monthly,y,1,F
102159,23,17477,f,single,0,2,monthly,n,1,F
102538,21,17476,m,single,0,2,weekly,y,1,F
102321,42,17472,f,single,0,1,weekly,y,1,F
101529,41,17466,m,married,2,2,monthly,y,2,F
102074,44,17462,f,single,1,3,weekly,n,1,F
103674,41,17457,f,divsepwid,2,5,weekly,n,3,F
103912,47,17454,m,married,2,4,weekly,y,1,F
103977,64,17454,m,married,3,3,weekly,y,2,F
103920,40,26071,f,married,2,3,weekly,y,1,F
103286,25,17444,m,divsepwid,4,6,weekly,y,3,V
103361,22,17442,f,divsepwid,4,5,weekly,n,2,V
103344,35,17430,f,divsepwid,2,5,weekly,y,2,V
101789,35,26012,m,married,2,2,weekly,y,2,V
102282,26,17419,f,single,1,2,weekly,n,1,V
102212,20,17418,m,single,1,2,weekly,n,1,F
101856,34,17415,f,married,1,1,weekly,y,2,V
102464,76,17412,m,single,1,3,monthly,n,1,V
103987,46,17402,f,married,2,4,monthly,y,2,F
101224,45,17394,m,married,1,2,weekly,y,1,V
101599,37,17384,m,married,1,1,weekly,y,1,F
100843,35,17383,f,married,1,2,monthly,y,2,F
102471,48,17360,f,single,0,3,weekly,y,1,V
104017,26,17353,m,married,2,3,weekly,y,1,F
103823,85,17351,F,married,3,3,weekly,y,1,V
101975,27,17341,f,married,2,2,monthly,y,2,F
103874,50,17328,F,married,3,4,monthly,y,2,V
101374,28,17325,m,married,1,0,weekly,y,1,V
103919,42,17319,f,married,2,4,weekly,y,2,F
101279,52,17314,f,married,2,2,monthly,y,2,F
103029,23,17304,f,divsepwid,2,6,weekly,y,2,V
101799,29,17303,m,married,1,1,weekly,y,2,F
102236,29,17296,f,single,0,1,weekly,y,1,V
101574,36,17268,m,married,2,0,weekly,y,1,F
102895,44,17264,m,divsepwid,3,6,weekly,y,3,V
102214,77,17254,m,single,0,1,weekly,n,1,V
102474,33,17253,m,single,1,3,monthly,y,1,V
101022,75,17243,m,married,1,0,monthly,y,2,V
102148,45,17234,m,single,1,1,monthly,n,1,V
101388,27,17232,f,married,2,1,weekly,y,1,F
102281,37,35160,m,single,1,1,weekly,y,1,F
101575,25,17226,m,married,2,1,monthly,y,1,V
102736,35,17221,f,single,1,1,weekly,y,1,F
102863,34,17210,m,single,0,2,monthly,y,1,F
103526,42,17204,f,divsepwid,3,6,weekly,y,3,F
103289,50,17204,f,divsepwid,2,5,weekly,n,3,V
101657,38,17203,f,married,2,0,weekly,y,2,F
101345,28,17199,m,married,1,2,monthly,y,2,F
102383,67,17193,m,single,1,2,monthly,y,1,F
104091,79,17192,f,married,3,3,weekly,y,2,V
102246,37,17190,m,single,0,2,weekly,y,1,F
103516,45,17184,m,divsepwid,2,6,weekly,n,3,F
103329,36,17179,f,divsepwid,3,6,weekly,y,3,F
101115,42,17179,f,married,1,0,weekly,y,1,F
103182,43,17170,m,divsepwid,3,5,weekly,y,2,V
100990,26,17168,m,married,1,0,monthly,y,1,F
101576,35,17155,f,married,2,1,weekly,y,2,F
103452,59,17154,m,divsepwid,4,5,weekly,y,2,V
103023,56,17145,m,divsepwid,2,6,weekly,n,2,F
103358,35,17143,m,divsepwid,3,5,weekly,y,3,V
101878,43,24577,f,married,1,1,monthly,y,2,V
102486,36,17132,f,single,0,2,monthly,n,1,F
102256,51,17129,f,single,1,1,monthly,n,1,F
101479,23,17128,f,married,2,0,monthly,y,2,V
103560,48,17120,f,divsepwid,4,6,weekly,y,3,V
103552,69,17117,f,divsepwid,4,5,weekly,n,2,V
102179,31,17115,f,single,0,2,monthly,n,1,F
103268,65,17104,m,divsepwid,4,6,weekly,n,3,F
104052,44,17101,f,married,3,3,weekly,y,2,F
102867,38,17100,f,single,1,3,weekly,n,1,V
102558,35,17098,f,single,0,2,weekly,y,1,F
103369,66,17095,f,divsepwid,3,6,weekly,n,2,V
103022,36,17091,f,divsepwid,2,6,weekly,n,2,F
103958,74,17088,f,married,2,4,weekly,y,2,V
101020,70,17080,f,married,2,0,weekly,y,2,V
101304,33,17078,m,married,2,2,weekly,y,2,F
103629,37,17072,m,divsepwid,4,6,weekly,y,2,V
101801,22,17065,m,married,2,0,monthly,y,1,F
103478,39,17061,m,divsepwid,4,6,weekly,n,2,V
102209,41,17057,f,single,0,3,monthly,n,1,F
103453,61,17055,f,divsepwid,4,5,weekly,y,3,V
102287,72,17046,m,single,1,1,weekly,n,1,V
101712,52,17044,m,married,2,0,weekly,y,1,V
101028,59,17043,m,married,2,1,weekly,y,2,V
101469,37,17031,f,married,1,2,monthly,y,2,V
101638,26,17022,f,married,1,0,monthly,y,2,F
101157,44,17021,m,married,1,1,monthly,y,1,F
101989,61,17018,m,single,1,2,monthly,n,1,F
100994,19,17006,f,married,1,2,weekly,y,2,V
101894,41,16999,f,married,2,0,weekly,y,1,V
101410,23,16994,f,married,1,0,weekly,y,1,V
100824,30,16990,m,married,1,0,monthly,y,1,F
102052,42,16988,f,single,0,1,weekly,y,1,F
103542,73,16984,f,divsepwid,3,5,weekly,n,3,V
101761,40,16978,m,married,1,1,monthly,y,2,V
100828,51,16975,m,married,1,1,weekly,y,2,F
103129,44,16969,f,divsepwid,4,6,weekly,y,2,V
102910,31,16965,f,divsepwid,4,6,weekly,y,3,V
101780,47,16960,m,married,1,1,monthly,y,2,F
101817,26,16953,m,married,2,2,monthly,y,2,V
102941,40,16952,f,divsepwid,4,6,weekly,y,3,V
102710,66,16951,m,single,1,1,weekly,y,1,V
101263,43,16951,m,married,2,0,monthly,y,2,V
100984,44,16942,f,married,1,2,weekly,y,2,F
101747,35,16938,m,married,1,1,monthly,y,2,F
101239,24,16937,m,married,2,2,weekly,y,2,F
102261,36,16936,f,single,0,3,monthly,y,1,F
101660,55,16935,f,married,2,1,weekly,y,1,F
101860,46,16933,f,married,2,2,weekly,y,2,F
103187,26,16932,m,divsepwid,4,5,weekly,n,3,V
103048,22,16930,m,divsepwid,3,5,weekly,n,3,F
101124,31,16929,m,married,1,1,monthly,y,2,V
103796,37,16921,m,married,3,3,monthly,y,1,F
102013,38,16918,m,single,0,3,monthly,n,1,F
101739,38,16915,m,married,1,2,monthly,y,1,F
100811,40,16908,f,married,2,2,weekly,y,1,V
102585,47,16904,m,single,1,1,weekly,n,1,V
102821,34,16886,f,single,0,3,weekly,n,1,F
103032,28,36137,m,divsepwid,4,6,weekly,y,3,F
103999,49,16874,f,married,3,3,weekly,y,1,F
101105,56,16873,f,married,1,0,weekly,y,2,V
102676,32,16866,m,single,0,2,monthly,n,1,V
103227,85,16855,m,divsepwid,4,5,weekly,n,3,V
102193,71,16852,f,single,0,2,weekly,y,1,F
102312,27,16844,m,single,0,1,weekly,y,1,F
103423,23,16843,m,divsepwid,3,6,weekly,n,2,V
101117,37,16841,m,married,1,1,weekly,y,2,V
102100,44,16830,f,single,1,3,monthly,n,1,V
101261,85,16828,m,married,1,1,weekly,y,1,V
103731,84,16823,m,divsepwid,4,5,weekly,n,3,V
100902,51,16823,m,married,1,1,weekly,y,1,F
103375,34,16819,f,div,4,5,weekly,y,2,V
101017,62,16819,f,married,1,1,weekly,y,1,V
103815,42,16816,m,married,2,4,monthly,y,2,V
102280,25,16806,f,single,0,3,monthly,n,1,F
101082,26,16803,f,married,2,1,monthly,y,2,F
101176,35,16797,f,married,1,2,monthly,y,1,F
102940,58,16786,m,divsepwid,4,5,weekly,n,2,F
103528,28,16779,f,divsepwid,4,5,weekly,y,2,F
103151,34,16771,m,divsepwid,4,5,weekly,y,2,V
101716,70,16770,f,married,2,2,weekly,y,2,V
101199,46,16770,f,married,2,2,weekly,y,2,F
102432,48,16770,f,single,0,3,weekly,n,1,V
102629,59,16766,m,single,0,3,monthly,n,1,V
103706,35,16760,f,divsepwid,3,6,weekly,n,2,V
103179,73,16753,F,divsepwid,2,6,weekly,y,2,F
101717,52,16749,m,married,1,1,monthly,y,2,V
101451,38,16743,f,married,1,1,weekly,y,1,F
103679,66,16739,m,divsepwid,4,6,weekly,y,3,V
101415,51,16738,m,married,2,0,weekly,y,2,V
101708,39,16726,m,married,1,2,monthly,y,2,F
101272,49,16724,m,married,2,2,weekly,y,1,F
102923,29,16721,m,divsepwid,3,6,weekly,n,2,F
102448,63,16721,f,single,1,2,weekly,y,1,V
101707,84,16716,F,married,1,1,weekly,y,2,V
101245,24,16716,f,married,2,1,monthly,y,1,F
101516,32,16714,f,married,2,0,weekly,y,2,F
101490,31,16712,f,married,2,0,weekly,y,2,F
101365,53,16709,m,married,1,2,monthly,y,1,F
102939,43,16702,f,divsepwid,4,5,weekly,y,2,V
102933,34,16700,f,divsepwid,2,5,weekly,n,3,V
102046,36,16698,f,single,0,3,monthly,n,1,F
102278,33,16693,f,single,0,1,monthly,y,1,V
101069,50,16673,m,married,1,0,monthly,y,1,F
102058,43,16668,f,single,1,3,monthly,y,1,F
101156,35,16668,f,married,1,0,weekly,y,1,F
103580,33,16662,m,divsepwid,4,5,weekly,n,2,F
102740,67,16661,f,single,1,3,weekly,n,1,F
103106,62,16659,m,divsepwid,4,5,weekly,n,2,F
102518,51,16653,f,single,1,2,weekly,y,1,V
102186,59,16652,m,single,0,3,weekly,y,1,V
102557,25,16650,m,single,0,2,monthly,n,1,F
103955,28,16646,m,married,2,4,monthly,y,2,F
101064,27,16639,f,married,2,1,weekly,y,2,F
103886,40,16636,f,married,3,3,monthly,y,2,V
104021,60,16635,m,married,2,3,monthly,y,2,F
101702,34,16629,f,married,2,2,monthly,y,2,V
103751,63,16628,f,married,2,3,weekly,y,1,F
102437,32,16605,f,single,0,2,weekly,n,1,F
102849,38,16601,f,single,0,2,weekly,y,1,F
103688,34,16584,f,divsepwid,3,5,weekly,y,3,F
102405,37,16582,f,single,1,1,weekly,n,1,F
102799,38,16576,f,single,0,3,weekly,y,1,V
100875,22,16570,m,married,1,2,weekly,y,1,F
101835,45,16563,f,married,2,2,weekly,y,2,V
102889,38,16552,m,divsepwid,4,6,weekly,y,2,V
101506,73,16552,f,married,2,0,monthly,y,1,V
102064,50,16551,m,single,1,3,weekly,y,1,V
101753,45,16541,m,married,1,2,monthly,y,2,V
103390,71,16531,m,divsepwid,4,6,weekly,y,3,F
101071,67,16530,m,married,1,2,weekly,y,2,V
102373,74,16527,f,single,1,2,weekly,y,1,V
102873,33,16523,m,divsepwid,3,6,weekly,y,2,V
102030,27,16523,m,single,0,2,monthly,n,1,F
102634,23,16523,f,single,0,3,weekly,y,1,V
103806,59,16520,m,married,3,3,monthly,y,1,F
100951,22,16520,m,married,2,0,monthly,y,2,F
102607,43,16505,f,single,1,3,monthly,y,1,F
104011,24,16504,f,married,2,3,monthly,y,2,V
103881,62,16494,f,married,2,4,weekly,y,1,V
103925,48,16492,m,married,3,4,weekly,y,2,V
100973,62,16488,f,married,1,2,monthly,y,2,F
101998,43,16487,m,single,1,3,weekly,n,1,F
103276,28,16485,m,divsepwid,2,6,weekly,y,3,F
102203,34,16482,f,single,1,2,weekly,n,1,F
102580,56,16481,f,single,1,3,monthly,n,1,V
104109,24,16475,m,married,2,3,monthly,y,2,F
103854,33,16473,f,married,2,3,monthly,y,2,F
102640,31,16472,f,single,0,3,monthly,y,1,F
100860,38,16471,f,married,2,0,monthly,y,1,F
101162,50,16470,m,married,2,0,monthly,y,1,F
102851,62,16461,m,single,1,1,monthly,y,1,V
101792,25,16454,f,married,1,0,weekly,y,1,V
102399,29,16450,f,single,0,2,weekly,n,1,V
102393,26,16443,f,single,0,1,monthly,y,1,V
103778,39,16441,f,married,3,4,weekly,y,2,F
101290,27,16439,f,married,2,2,monthly,y,2,F
103794,45,16434,f,married,2,3,monthly,y,2,F
103436,65,16415,f,divsepwid,4,6,weekly,n,2,V
102576,23,16415,f,single,1,1,weekly,y,1,F
101342,29,16414,m,married,2,2,monthly,y,1,V
102773,74,16414,m,single,0,1,monthly,y,1,V
103635,43,16412,f,div,4,6,weekly,n,3,V
101211,33,16412,m,married,1,1,weekly,y,2,F
101578,85,16411,f,married,2,2,weekly,y,2,V
103306,36,16406,f,divsepwid,2,6,weekly,y,3,F
102042,49,16403,m,single,1,3,monthly,y,1,F
101757,30,16399,f,married,2,2,monthly,y,2,V
101861,28,16397,f,married,1,0,weekly,y,1,F
100913,51,16394,f,married,1,1,monthly,y,1,F
102583,78,16384,f,single,0,3,monthly,n,1,V
103443,33,16382,m,divsepwid,4,5,weekly,y,3,V
102084,28,16379,m,single,1,2,weekly,n,1,V
100873,58,16377,f,married,1,0,monthly,y,2,V
103843,33,16376,f,married,3,4,weekly,y,1,F
101246,46,16362,f,married,2,2,weekly,y,2,V
103278,33,16356,m,divsepwid,3,6,weekly,y,3,V
101987,35,16356,m,single,1,1,weekly,y,1,F
101619,29,16356,m,married,2,0,monthly,y,1,F
104012,51,16355,m,married,3,4,monthly,y,2,V
101683,46,16355,f,married,1,0,monthly,y,1,F
102658,45,16335,m,single,0,1,monthly,y,1,F
101905,31,16333,f,married,2,1,monthly,y,1,F
104095,45,16331,f,married,2,4,monthly,y,1,F
102346,83,16326,m,single,0,2,monthly,y,1,V
101639,28,16324,m,married,1,1,weekly,y,2,F
103354,30,16318,f,divsepwid,2,6,weekly,y,3,F
103381,30,16316,f,divsepwid,3,5,weekly,y,2,V
103603,41,16312,f,divsepwid,3,5,weekly,n,2,F
101709,27,16303,m,Married,1,2,monthly,y,1,F
100810,48,16301,f,married,2,1,monthly,y,2,V
101587,22,16300,m,married,2,0,weekly,y,2,F
103357,54,16298,m,divsepwid,3,5,weekly,y,3,V
102066,45,16296,f,single,0,2,monthly,y,1,F
100949,82,16291,f,married,1,1,weekly,y,2,V
101180,28,16287,f,married,2,2,weekly,y,1,F
103677,59,16272,f,divsepwid,3,5,weekly,y,3,V
102355,38,16262,m,single,1,2,weekly,n,1,V
102885,35,16258,f,divsepwid,2,5,weekly,y,3,V
103083,28,16252,m,divsepwid,3,6,weekly,n,3,F
101475,33,16242,f,married,1,0,weekly,y,1,F
101428,34,16242,m,married,2,0,monthly,y,2,V
102401,24,16242,m,single,1,1,monthly,y,1,F
102369,45,16232,f,single,0,1,weekly,y,1,V
102566,43,16229,f,single,0,3,weekly,n,1,F
100931,49,16223,m,married,2,0,monthly,y,2,V
101025,32,16219,f,married,1,2,weekly,y,2,V
103211,55,16211,f,divsepwid,3,5,weekly,n,3,F
102132,67,16211,f,single,0,3,weekly,n,1,V
101749,36,16211,f,married,2,1,monthly,y,1,F
102654,28,16207,m,single,0,2,monthly,y,1,F
102516,40,16205,m,single,0,3,monthly,n,1,F
102965,40,16204,m,divsepwid,2,5,weekly,y,2,V
101024,37,16201,m,married,1,1,weekly,y,1,F
103921,49,16178,m,married,3,4,monthly,y,1,V
101152,35,31411,m,married,2,1,weekly,y,2,F
103085,27,16159,m,div,4,6,weekly,n,3,V
101711,42,16158,m,married,2,0,monthly,y,1,F
102874,50,16156,m,divsepwid,3,6,weekly,y,3,V
103014,52,16152,m,divsepwid,2,6,weekly,y,3,V
101521,34,16152,m,married,1,2,weekly,y,2,F
102065,44,16145,f,single,1,3,weekly,n,1,V
102039,67,16131,f,single,0,3,weekly,y,1,V
102425,60,16130,f,single,0,1,monthly,y,1,V
103527,24,16128,f,divsepwid,3,6,weekly,n,3,F
102734,35,16094,f,single,0,1,weekly,n,1,F
103971,65,16090,m,married,3,3,weekly,y,2,V
100819,24,16088,f,married,2,2,monthly,y,2,V
102290,38,16073,f,single,1,3,monthly,y,1,V
100948,32,16062,m,married,1,1,weekly,y,1,F
102581,44,16053,f,single,0,2,monthly,y,1,F
101378,21,16049,f,married,2,0,weekly,y,1,F
103101,63,16045,m,divsepwid,2,5,weekly,y,2,F
100885,39,16017,f,married,1,1,monthly,y,2,F
101558,27,16012,f,married,1,2,weekly,y,2,V
101107,30,16007,f,married,2,0,weekly,y,1,F
101301,45,16006,m,married,2,2,monthly,y,2,V
101175,29,16002,m,married,1,1,weekly,y,1,F
102286,76,15997,m,single,0,3,monthly,n,1,V
101238,37,15996,f,married,2,2,monthly,y,1,F
103779,70,15993,m,married,3,4,monthly,y,1,V
102435,42,15987,f,single,1,3,weekly,y,1,F
102942,51,15984,m,divsepwid,4,6,weekly,y,3,V
104057,50,15978,f,married,2,4,weekly,y,1,F
102098,33,30927,f,single,1,2,weekly,y,1,F
103355,51,15965,m,divsepwid,2,6,weekly,n,2,V
101897,34,15956,f,married,1,0,monthly,y,2,V
101262,23,15952,m,married,1,2,monthly,y,2,F
100807,36,15949,m,married,1,2,weekly,y,1,F
102322,26,15941,m,single,0,2,monthly,y,1,F
102377,33,15940,m,single,0,2,weekly,n,1,F
101526,39,15936,m,married,1,1,monthly,y,2,F
101414,28,15935,m,married,1,2,monthly,y,2,V
101362,48,15929,f,married,1,1,monthly,y,2,V
103687,34,15926,m,divsepwid,2,5,weekly,y,3,V
102831,26,15918,f,single,0,1,monthly,n,1,V
102588,29,15905,f,single,1,3,monthly,y,1,V
102269,41,15904,m,single,1,2,weekly,y,1,V
103030,36,15902,m,divsepwid,3,5,weekly,n,2,V
101893,44,15901,m,married,1,1,weekly,y,2,V
102719,41,15885,m,single,0,1,weekly,y,1,F
103524,28,15883,m,divsepwid,2,6,weekly,y,3,V
102177,31,15881,f,single,0,2,monthly,y,1,F
100833,55,15880,m,married,1,1,monthly,y,1,V
100969,29,15872,m,married,2,1,monthly,y,2,V
102298,71,15871,m,single,1,3,monthly,y,1,V
100899,24,30699,m,married,2,0,monthly,y,2,F
102293,54,15867,f,single,0,2,monthly,n,1,V
102814,38,15863,m,single,1,3,monthly,y,1,V
101823,28,15863,f,married,2,1,monthly,y,1,F
101120,40,15855,m,married,2,2,monthly,y,1,V
103269,29,15848,f,divsepwid,2,5,weekly,y,2,F
102006,32,15846,m,single,0,2,monthly,n,1,F
102348,34,15841,m,single,1,1,weekly,y,1,F
101743,52,15838,m,married,2,1,weekly,y,1,F
102708,31,15821,f,single,0,3,monthly,n,1,F
102906,43,15802,m,divsepwid,2,6,weekly,n,3,V
104014,53,15800,m,married,3,3,weekly,y,2,V
101134,40,15789,m,married,1,1,weekly,y,1,F
101464,45,15785,f,married,2,2,monthly,y,1,F
101329,39,15781,m,married,2,0,monthly,y,1,F
100805,48,15780,m,married,1,2,monthly,y,1,F
100002,25,15777,m,single,0,0,monthly,y,0,F
103534,68,15776,f,divsepwid,2,6,weekly,n,3,V
102302,31,15774,f,single,0,2,monthly,y,1,F
103135,38,15772,m,divsepwid,3,6,weekly,y,3,V
102157,22,15772,m,single,1,1,weekly,n,1,V
101904,33,15770,m,married,2,1,monthly,y,1,F
102582,43,15766,f,single,0,2,weekly,y,1,V
102481,72,15763,m,single,1,3,monthly,n,1,V
102645,49,15758,m,single,0,1,weekly,n,1,V
101216,33,15758,f,married,2,0,weekly,y,2,F
102717,24,15755,m,single,1,3,monthly,y,1,F
102337,64,15752,m,single,1,3,weekly,y,1,V
103816,33,15748,m,married,3,4,weekly,y,1,V
103486,43,15747,m,divsepwid,4,5,weekly,y,3,V
103499,33,15743,m,div,2,5,weekly,n,3,F
100809,45,15739,m,married,2,0,weekly,y,2,F
100846,63,15738,f,married,1,0,monthly,y,2,V
103382,52,15737,f,divsepwid,3,6,weekly,n,3,V
102195,35,15736,m,single,1,3,weekly,n,1,F
101181,65,15733,m,married,1,0,monthly,y,1,V
103350,79,15732,m,divsepwid,4,5,weekly,n,2,V
100999,57,15701,m,married,2,2,weekly,y,2,V
101477,34,15701,f,married,1,1,weekly,y,1,F
102429,54,20800,m,single,1,1,monthly,y,1,F
102085,57,15697,f,single,0,1,weekly,y,1,F
102332,36,15688,f,single,1,1,monthly,y,1,F
102944,79,15671,m,divsepwid,2,5,weekly,y,3,V
101021,62,15647,m,married,1,0,monthly,y,1,F
100227,36,15646,F,single,0,0,monthly,y,0,F
101990,34,15638,f,single,1,2,monthly,n,1,F
101932,56,15637,f,married,1,1,weekly,y,2,V
103021,85,15633,m,divsepwid,2,6,weekly,y,2,V
103626,26,15632,m,divsepwid,3,5,weekly,y,2,F
103887,46,15628,m,married,2,4,monthly,y,1,F
103559,53,15615,m,divsepwid,4,5,weekly,n,2,V
102453,63,15604,f,single,1,3,monthly,n,1,V
101941,54,15603,f,married,1,2,monthly,y,2,V
100947,33,15599,f,married,1,0,monthly,y,2,V
101752,25,15597,m,married,1,1,weekly,y,1,F
102224,35,15595,m,single,0,2,monthly,n,1,F
102938,53,15590,f,divsepwid,4,5,weekly,y,3,V
102979,32,15588,f,divsepwid,3,5,weekly,n,3,F
102561,67,15587,f,single,1,1,weekly,n,1,V
101624,37,15582,f,married,1,0,monthly,y,2,F
101452,31,15571,m,married,2,0,weekly,y,2,F
101034,48,15560,f,married,1,2,monthly,y,1,F
101277,36,15549,m,married,2,1,monthly,y,1,F
102703,33,15541,m,single,0,1,weekly,y,1,F
100806,84,15534,m,married,1,2,monthly,y,2,V
104049,32,15533,m,married,3,3,weekly,y,2,V
103985,35,15518,f,married,2,4,weekly,y,2,V
103917,49,15511,m,married,3,4,monthly,y,1,F
103783,67,15504,f,married,2,4,monthly,y,2,F
101831,47,15496,f,married,2,0,monthly,y,1,F
102886,41,15487,f,divsepwid,2,5,weekly,n,2,V
101698,85,15481,m,married,1,2,weekly,y,2,V
103270,34,15468,m,divsepwid,2,6,weekly,n,3,F
101116,34,15466,m,married,1,1,monthly,y,1,F
101622,32,15466,m,married,2,2,weekly,y,2,V
102283,46,15462,f,single,1,3,monthly,n,1,F
101299,29,22182,f,married,1,2,weekly,y,1,F
102449,27,15460,f,single,1,2,weekly,n,1,F
103206,35,15453,m,div,3,6,weekly,n,2,V
101706,24,15451,m,married,1,1,weekly,y,1,F
101900,43,15451,m,married,2,1,monthly,y,1,F
101295,46,15451,F,married,2,0,monthly,y,2,V
101003,49,15449,m,married,1,1,weekly,y,2,F
101533,55,15445,f,married,1,0,weekly,y,2,V
101336,35,15442,m,married,1,2,monthly,y,1,F
101859,63,15441,f,married,1,1,weekly,y,1,F
102088,61,15431,M,single,1,1,weekly,y,1,F
100264,28,15430,f,single,0,0,monthly,y,0,F
104050,39,15422,m,married,2,3,monthly,y,2,F
102414,20,15421,m,single,0,3,weekly,y,1,V
103789,64,15420,f,married,3,4,weekly,y,2,V
103972,54,15419,f,married,2,3,weekly,y,1,F
101571,70,15415,m,married,1,2,monthly,y,1,F
101215,24,15412,m,married,2,0,weekly,y,1,F
102722,47,15410,f,single,0,2,monthly,n,1,V
102370,33,15409,m,single,0,3,monthly,n,1,F
100804,22,15402,m,married,1,1,monthly,y,2,V
103212,58,15394,f,divsepwid,3,6,weekly,y,2,V
103617,26,15392,m,divsepwid,2,6,weekly,n,2,F
103882,45,15391,m,married,2,3,monthly,y,1,F
100829,32,15377,f,married,1,2,weekly,y,2,V
101616,42,15372,f,married,2,1,monthly,y,1,F
103432,55,15370,f,divsepwid,2,6,weekly,n,3,F
103447,42,15366,f,divsepwid,4,5,weekly,n,3,F
101827,29,15345,m,married,1,0,monthly,y,1,F
100874,85,15332,f,married,1,1,weekly,y,1,V
103345,35,15328,f,divsepwid,2,5,weekly,y,2,V
101561,30,15328,f,married,2,2,monthly,y,1,F
102509,38,15319,f,single,1,2,monthly,n,1,F
102002,24,15316,f,single,1,1,weekly,n,1,F
103185,31,15311,f,divsepwid,3,6,weekly,n,3,F
102995,36,15311,f,divsepwid,2,5,weekly,y,2,F
101557,43,15308,m,married,1,2,weekly,y,1,F
101903,40,15307,m,married,1,2,weekly,y,2,F
103046,47,15303,m,divsepwid,2,6,weekly,n,2,V
102794,39,15303,m,single,0,3,weekly,n,1,V
103803,60,15299,m,married,2,3,weekly,y,2,F
102872,51,15290,f,divsepwid,2,6,weekly,n,2,V
101055,46,15286,f,married,1,2,weekly,y,2,V
101436,65,15279,f,married,2,1,weekly,y,1,F
102668,65,15273,m,single,0,3,monthly,y,1,V
103102,41,15272,f,divsepwid,2,5,weekly,n,2,F
103949,34,15268,m,married,2,4,monthly,y,1,F
102427,43,15262,m,single,0,1,monthly,n,1,F
102737,38,15258,f,single,1,1,weekly,n,1,V
101271,34,15258,f,married,2,2,monthly,y,1,F
101577,42,15256,f,married,2,2,weekly,y,2,V
103294,45,15248,m,divsepwid,4,6,weekly,y,2,V
101400,50,15236,f,married,1,1,weekly,y,2,F
100908,69,15217,f,married,1,2,monthly,y,2,V
102391,44,15203,m,single,1,1,weekly,n,1,V
102784,39,15201,f,single,0,1,weekly,y,1,F
102630,57,15196,f,single,1,1,weekly,y,1,F
102379,30,15195,m,single,0,3,monthly,y,1,F
104023,24,15192,f,married,3,3,monthly,y,1,F
102133,47,15190,m,single,1,1,weekly,n,1,F
100071,35,15185,f,single,0,1,monthly,y,0,F
101027,36,15181,m,married,2,1,weekly,y,2,V
102735,29,15175,m,single,0,2,weekly,n,1,F
103116,62,15170,F,divsepwid,2,5,weekly,n,2,V
101970,24,15168,m,married,1,1,weekly,y,2,V
101735,49,15160,f,married,1,0,monthly,y,2,V
101554,39,15155,m,married,1,1,weekly,y,1,F
103907,71,15143,f,married,2,3,weekly,y,2,V
101298,57,15142,f,married,1,1,monthly,y,1,F
102113,27,15140,m,single,1,1,weekly,y,1,F
103445,51,15139,f,divsepwid,4,5,weekly,y,2,V
103857,47,15138,m,married,3,3,monthly,y,1,F
101085,38,15138,f,married,1,0,weekly,y,2,F
101560,49,15132,m,married,2,1,weekly,y,2,V
103271,31,15131,m,divsepwid,3,5,weekly,y,3,F
102967,41,15130,f,divsepwid,2,6,weekly,y,3,V
101278,40,15130,m,married,2,1,weekly,y,2,F
103050,30,15117,m,divsepwid,3,6,weekly,n,3,F
102646,35,15112,f,single,0,2,weekly,y,1,F
102935,33,15109,m,divsepwid,2,6,weekly,n,2,V
103818,45,15106,f,married,3,3,monthly,y,2,V
102226,64,15104,m,single,0,2,weekly,n,1,F
102815,26,15101,f,single,1,3,weekly,n,1,F
101108,46,15096,m,married,2,0,weekly,y,2,V
102152,33,15090,f,single,1,3,weekly,y,1,F
101738,56,15087,f,married,1,1,monthly,y,1,F
103846,46,15082,f,married,2,4,weekly,y,2,V
102877,24,15075,f,divsepwid,4,6,weekly,n,3,F
103131,42,15073,m,divsepwid,2,5,weekly,n,2,F
102351,37,15073,f,single,1,3,weekly,n,1,F
103348,26,15070,m,divsepwid,3,5,weekly,n,3,F
103471,33,15067,f,divsepwid,3,6,weekly,y,2,V
101118,41,15064,m,married,1,2,monthly,y,2,V
101289,33,15062,m,married,2,0,weekly,y,2,F
101305,59,15058,f,married,1,1,monthly,y,1,V
103567,37,15056,m,divsepwid,4,6,weekly,n,2,V
102590,32,15055,m,single,1,3,monthly,n,1,F
101715,42,15054,m,married,2,2,monthly,y,2,F
102142,44,15052,m,single,0,3,weekly,n,1,F
101958,56,15051,m,married,1,0,monthly,y,1,F
102172,40,15050,f,single,0,3,monthly,y,1,F
102969,44,15046,m,divsepwid,3,6,weekly,n,2,V
102584,35,15045,m,single,1,1,monthly,y,1,F
101121,72,15035,m,married,2,2,weekly,y,2,F
101602,46,15032,f,married,1,1,monthly,y,2,F
101983,42,15020,f,married,2,0,weekly,y,1,F
101819,33,15018,m,married,1,2,monthly,y,2,F
103676,59,15005,f,divsepwid,2,6,weekly,y,3,F
